[2026-06-14T19:29:01.895Z] Starting dev server with command: pnpm run dev
[2026-06-14T19:29:03.108Z] > app-template@1.0.0 dev /home/ubuntu/aldwych-mobile-app
[2026-06-14T19:29:03.109Z] > concurrently -k "pnpm dev:server" "pnpm dev:metro"
[2026-06-14T19:29:03.803Z] [1]
[2026-06-14T19:29:03.803Z] [1] > app-template@1.0.0 dev:metro /home/ubuntu/aldwych-mobile-app
[2026-06-14T19:29:03.803Z] [1] > cross-env EXPO_USE_METRO_WORKSPACE_ROOT=1 npx expo start --web --port ${EXPO_PORT:-8081}
[2026-06-14T19:29:03.803Z] [1]
[2026-06-14T19:29:03.829Z] [0]
[2026-06-14T19:29:03.829Z] [0] > app-template@1.0.0 dev:server /home/ubuntu/aldwych-mobile-app
[2026-06-14T19:29:03.829Z] [0] > cross-env NODE_ENV=development tsx watch server/_core/index.ts
[2026-06-14T19:29:03.829Z] [0]
[2026-06-14T19:29:04.821Z] [1] Starting project at /home/ubuntu/aldwych-mobile-app
[2026-06-14T19:29:05.252Z] [1]
[2026-06-14T19:29:05.253Z] EXPO_USE_METRO_WORKSPACE_ROOT is enabled by default, use EXPO_NO_METRO_WORKSPACE_ROOT instead to disable.
[2026-06-14T19:29:05.610Z] [1]
[2026-06-14T19:29:05.610Z] EXPO_USE_METRO_WORKSPACE_ROOT is enabled by default, use EXPO_NO_METRO_WORKSPACE_ROOT instead to disable.
[2026-06-14T19:29:05.611Z] [1] EXPO_USE_METRO_WORKSPACE_ROOT is enabled by default, use EXPO_NO_METRO_WORKSPACE_ROOT instead to disable.
[2026-06-14T19:29:05.611Z] [1] EXPO_USE_METRO_WORKSPACE_ROOT is enabled by default, use EXPO_NO_METRO_WORKSPACE_ROOT instead to disable.
[2026-06-14T19:29:05.875Z] [1] React Compiler enabled
[2026-06-14T19:29:06.014Z] [1] Starting Metro Bundler
[2026-06-14T19:29:06.053Z] [1] EXPO_USE_METRO_WORKSPACE_ROOT is enabled by default, use EXPO_NO_METRO_WORKSPACE_ROOT instead to disable.
[2026-06-14T19:29:07.604Z] [0] [OAuth] Initialized with baseURL: https://api.manus.im
[2026-06-14T19:29:07.828Z] [0] [api] server listening on port 3000
[2026-06-14T19:29:14.819Z] [1] The following packages should be updated for best compatibility with the installed expo version:
[2026-06-14T19:29:14.820Z] [1]   expo@54.0.29 - expected version: ~54.0.35
[2026-06-14T19:29:14.820Z] [1]   expo-audio@1.1.0 - expected version: ~1.1.1
[2026-06-14T19:29:14.820Z] [1]   expo-constants@18.0.12 - expected version: ~18.0.13
[2026-06-14T19:29:14.820Z] [1]   expo-font@14.0.10 - expected version: ~14.0.12
[2026-06-14T19:29:14.820Z] [1]
[2026-06-14T19:29:14.820Z] expo-linking@8.0.10 - expected version: ~8.0.12
[2026-06-14T19:29:14.820Z] [1]   expo-notifications@0.32.15 - expected version: ~0.32.17
[2026-06-14T19:29:14.820Z] [1]   expo-router@6.0.19 - expected version: ~6.0.24
[2026-06-14T19:29:14.820Z] [1]   expo-splash-screen@31.0.12 - expected version: ~31.0.13
[2026-06-14T19:29:14.820Z] [1]   expo-video@3.0.15 - expected version: ~3.0.16
[2026-06-14T19:29:14.820Z] [1]   expo-web-browser@15.0.10 - expected version: ~15.0.11
[2026-06-14T19:29:14.820Z] [1] Your project may not work correctly until you install the expected versions of the packages.
[2026-06-14T19:29:14.828Z] [1] Waiting on http://localhost:8081
[2026-06-14T19:29:14.828Z] [1] Logs for your project will appear below.
[2026-06-14T19:29:15.610Z] [1] EXPO_USE_METRO_WORKSPACE_ROOT is enabled by default, use EXPO_NO_METRO_WORKSPACE_ROOT instead to disable.
[2026-06-14T19:29:15.612Z] [1] EXPO_USE_METRO_WORKSPACE_ROOT is enabled by default, use EXPO_NO_METRO_WORKSPACE_ROOT instead to disable.
[2026-06-14T19:29:18.328Z] [1] Web node_modules/expo-router/entry.js ▓▓▓▓▓▓▓▓▓░░░░░░░ 56.3% ( 9/12)
[2026-06-14T19:29:18.328Z] [1] λ node_modules/expo-router/node/render.js ▓▓░░░░░░░░░░░░░░ 17.9% (134/317)
[2026-06-14T19:29:19.586Z] [1] | Browserslist: browsers data (caniuse-lite) is 6 months old. Please run:
[2026-06-14T19:29:19.643Z] [1] |   npx update-browserslist-db@latest
[2026-06-14T19:29:19.643Z] [1] |   Why you should do it regularly: https://github.com/browserslist/update-db#readme
[2026-06-14T19:29:21.828Z] [1] Web node_modules/expo-router/entry.js ▓▓▓▓▓▓▓▓▓░░░░░░░ 56.3% (133/291)
[2026-06-14T19:29:21.828Z] [1] λ node_modules/expo-router/node/render.js ▓▓▓▓▓▓▓▓░░░░░░░░ 55.0% (600/829)
[2026-06-14T19:29:25.329Z] [1] Web node_modules/expo-router/entry.js ▓▓▓▓▓▓▓▓▓░░░░░░░ 56.3% (353/582)
[2026-06-14T19:29:25.329Z] [1] λ node_modules/expo-router/node/render.js ▓▓▓▓▓▓▓▓▓▓░░░░░░ 68.0% ( 845/1025)
[2026-06-14T19:29:28.859Z] [1] Web node_modules/expo-router/entry.js ▓▓▓▓▓▓▓▓▓▓░░░░░░ 63.6% (794/996)
[2026-06-14T19:29:28.859Z] [1] λ node_modules/expo-router/node/render.js ▓▓▓▓▓▓▓▓▓▓▓▓▓▓░░ 91.1% (1085/1137)
[2026-06-14T19:29:32.249Z] [1] λ Bundled 16621ms node_modules/expo-router/node/render.js (1307 modules)
[2026-06-14T19:29:32.398Z] [1] Web node_modules/expo-router/entry.js ▓▓▓▓▓▓▓▓▓▓▓▓▓▓▓░ 98.1% (1343/1356)
[2026-06-14T19:29:32.398Z] [1] λ node_modules/expo-router/node/render.js ▓▓▓▓▓▓▓▓▓▓▓▓▓▓▓░ 97.7% (1292/1307)
[2026-06-14T19:29:34.247Z] [1] λ  LOG  { colorScheme: 'light', setColorScheme: [Function (anonymous)] } {
[2026-06-14T19:29:34.247Z] [1]   '--color-primary': '#0a7ea4',
[2026-06-14T19:29:34.247Z] [1]   '--color-background': '#ffffff',
[2026-06-14T19:29:34.247Z] [1]   '--color-surface': '#f5f5f5',
[2026-06-14T19:29:34.247Z] [1]   '--color-foreground': '#11181C',
[2026-06-14T19:29:34.247Z] [1]   '--color-muted': '#687076',
[2026-06-14T19:29:34.247Z] [1]   '--color-border': '#E5E7EB',
[2026-06-14T19:29:34.247Z] [1]   '--color-success': '#22C55E',
[2026-06-14T19:29:34.247Z] [1]   '--color-warning': '#F59E0B',
[2026-06-14T19:29:34.247Z] [1]   '--color-error': '#EF4444'
[2026-06-14T19:29:34.247Z] [1] }
[2026-06-14T19:29:34.285Z] [1] λ  WARN  props.pointerEvents is deprecated. Use style.pointerEvents
[2026-06-14T19:29:34.296Z] [1] Web node_modules/expo-router/entry.js ▓▓▓▓▓▓▓▓▓▓▓▓▓▓▓░ 98.4% (1345/1356)
[2026-06-14T19:29:34.563Z] [1] Web Bundled 18937ms node_modules/expo-router/entry.js (1364 modules)
[2026-06-14T19:29:37.797Z] [1] Web node_modules/expo-router/entry.js ▓▓▓▓▓▓░░░░░░░░░░ 37.6% (374/633)
[2026-06-14T19:29:41.299Z] [1]
[2026-06-14T19:29:41.299Z] Web node_modules/expo-router/entry.js ▓▓▓▓▓▓▓▓▓▓▓▓▓░░░ 84.0% (1044/1139)
[2026-06-14T19:29:43.555Z] [1] Web Bundled 8797ms node_modules/expo-router/entry.js (1366 modules)
[2026-06-14T19:29:44.426Z] [1]  LOG  [web] Logs will appear in the browser console
[2026-06-14T19:30:31.973Z] [0]
[2026-06-14T19:30:31.975Z] ELIFECYCLE  Command failed.
[2026-06-14T19:30:31.975Z] [1]  ELIFECYCLE  Command failed.
[2026-06-14T19:30:32.021Z] [0] 7:30:31 PM [tsx] Previous process hasn't exited yet. Force killing...
[2026-06-14T19:30:32.023Z] [0] 7:30:32 PM [tsx] Previous process hasn't exited yet. Force killing...
[2026-06-14T19:30:32.045Z] [0] pnpm dev:server exited with code SIGTERM
[2026-06-14T19:30:32.046Z] -->
[2026-06-14T19:30:32.046Z] Sending SIGTERM to other processes..
[2026-06-14T19:30:32.075Z] [1] pnpm dev:metro exited with code SIGTERM
[2026-06-14T19:30:32.079Z] Dev server exited with code -1
[2026-06-14T19:30:33.186Z] Starting dev server with command: pnpm run dev
[2026-06-14T19:30:34.478Z] > app-template@1.0.0 dev /home/ubuntu/aldwych-mobile-app
[2026-06-14T19:30:34.478Z] > concurrently -k "pnpm dev:server" "pnpm dev:metro"
[2026-06-14T19:30:35.331Z] [1]
[2026-06-14T19:30:35.331Z] [1] > app-template@1.0.0 dev:metro /home/ubuntu/aldwych-mobile-app
[2026-06-14T19:30:35.331Z] [1] > cross-env EXPO_USE_METRO_WORKSPACE_ROOT=1 npx expo start --web --port ${EXPO_PORT:-8081}
[2026-06-14T19:30:35.331Z] [1]
[2026-06-14T19:30:35.341Z] [0]
[2026-06-14T19:30:35.341Z] [0] > app-template@1.0.0 dev:server /home/ubuntu/aldwych-mobile-app
[2026-06-14T19:30:35.342Z] [0] > cross-env NODE_ENV=development tsx watch server/_core/index.ts
[2026-06-14T19:30:35.342Z] [0]
[2026-06-14T19:30:36.446Z] [1] Starting project at /home/ubuntu/aldwych-mobile-app
[2026-06-14T19:30:36.978Z] [1]
[2026-06-14T19:30:36.978Z] EXPO_USE_METRO_WORKSPACE_ROOT is enabled by default, use EXPO_NO_METRO_WORKSPACE_ROOT instead to disable.
[2026-06-14T19:30:37.456Z] [1]
[2026-06-14T19:30:37.456Z] EXPO_USE_METRO_WORKSPACE_ROOT is enabled by default, use EXPO_NO_METRO_WORKSPACE_ROOT instead to disable.
[2026-06-14T19:30:37.456Z] [1] EXPO_USE_METRO_WORKSPACE_ROOT is enabled by default, use EXPO_NO_METRO_WORKSPACE_ROOT instead to disable.
[2026-06-14T19:30:37.457Z] [1] EXPO_USE_METRO_WORKSPACE_ROOT is enabled by default, use EXPO_NO_METRO_WORKSPACE_ROOT instead to disable.
[2026-06-14T19:30:37.742Z] [1] React Compiler enabled
[2026-06-14T19:30:37.926Z] [1] Starting Metro Bundler
[2026-06-14T19:30:37.961Z] [1] EXPO_USE_METRO_WORKSPACE_ROOT is enabled by default, use EXPO_NO_METRO_WORKSPACE_ROOT instead to disable.
[2026-06-14T19:30:39.184Z] [0] [OAuth] Initialized with baseURL: https://api.manus.im
[2026-06-14T19:30:39.343Z] [0] [api] server listening on port 3000
[2026-06-14T19:30:44.547Z] [1] The following packages should be updated for best compatibility with the installed expo version:
[2026-06-14T19:30:44.547Z] [1]   expo@54.0.29 - expected version: ~54.0.35
[2026-06-14T19:30:44.547Z] [1]   expo-audio@1.1.0 - expected version: ~1.1.1
[2026-06-14T19:30:44.547Z] [1]   expo-constants@18.0.12 - expected version: ~18.0.13
[2026-06-14T19:30:44.548Z] [1]
[2026-06-14T19:30:44.548Z] expo-font@14.0.10 - expected version: ~14.0.12
[2026-06-14T19:30:44.548Z] [1]
[2026-06-14T19:30:44.548Z] expo-linking@8.0.10 - expected version: ~8.0.12
[2026-06-14T19:30:44.548Z] [1]
[2026-06-14T19:30:44.548Z] expo-notifications@0.32.15 - expected version: ~0.32.17
[2026-06-14T19:30:44.548Z] [1]
[2026-06-14T19:30:44.548Z] expo-router@6.0.19 - expected version: ~6.0.24
[2026-06-14T19:30:44.548Z] [1]
[2026-06-14T19:30:44.548Z] expo-splash-screen@31.0.12 - expected version: ~31.0.13
[2026-06-14T19:30:44.548Z] [1]   expo-video@3.0.15 - expected version: ~3.0.16
[2026-06-14T19:30:44.548Z] [1]   expo-web-browser@15.0.10 - expected version: ~15.0.11
[2026-06-14T19:30:44.548Z] [1] Your project may not work correctly until you install the expected versions of the packages.
[2026-06-14T19:30:44.557Z] [1] Waiting on http://localhost:8081
[2026-06-14T19:30:44.557Z] [1] Logs for your project will appear below.
[2026-06-14T19:30:45.093Z] [1] EXPO_USE_METRO_WORKSPACE_ROOT is enabled by default, use EXPO_NO_METRO_WORKSPACE_ROOT instead to disable.
[2026-06-14T19:30:45.095Z] [1] EXPO_USE_METRO_WORKSPACE_ROOT is enabled by default, use EXPO_NO_METRO_WORKSPACE_ROOT instead to disable.
[2026-06-14T19:30:47.883Z] [1] λ Bundled 2774ms node_modules/expo-router/node/render.js (1317 modules)
[2026-06-14T19:30:48.079Z] [1] Web node_modules/expo-router/entry.js ▓▓▓▓▓▓▓▓▓▓▓▓▓▓▓░ 96.0% (1325/1352)
[2026-06-14T19:30:49.990Z] [1] λ  LOG  { colorScheme: 'light', setColorScheme: [Function (anonymous)] } {
[2026-06-14T19:30:49.991Z] [1]   '--color-primary': '#001A3D',
[2026-06-14T19:30:49.991Z] [1]   '--color-background': '#F8F9FA',
[2026-06-14T19:30:49.991Z] [1]   '--color-surface': '#FFFFFF',
[2026-06-14T19:30:49.991Z] [1]   '--color-foreground': '#0A0F1A',
[2026-06-14T19:30:49.991Z] [1]   '--color-muted': '#6B7280',
[2026-06-14T19:30:49.991Z] [1]   '--color-border': '#E5E7EB',
[2026-06-14T19:30:49.991Z] [1]   '--color-success': '#22C55E',
[2026-06-14T19:30:49.991Z] [1]   '--color-warning': '#F59E0B',
[2026-06-14T19:30:49.991Z] [1]   '--color-error': '#EF4444'
[2026-06-14T19:30:49.991Z] [1] }
[2026-06-14T19:30:50.029Z] [1] λ  WARN  props.pointerEvents is deprecated. Use style.pointerEvents
[2026-06-14T19:30:50.040Z] [1] Web node_modules/expo-router/entry.js ▓▓▓▓▓▓▓▓▓▓▓▓▓▓▓░ 96.0% (1325/1352)
[2026-06-14T19:30:50.047Z] [1]
[2026-06-14T19:30:50.047Z] Web Bundled 4940ms node_modules/expo-router/entry.js (1352 modules)
[2026-06-14T19:30:51.847Z] [1] Web Bundled 1755ms node_modules/expo-router/entry.js (1366 modules)
[2026-06-14T19:30:52.318Z] [1]  LOG  [web] Logs will appear in the browser console
[2026-06-14T19:30:54.001Z] ELIFECYCLE  Command failed.
[2026-06-14T19:30:54.013Z] [0]  ELIFECYCLE  Command failed.
[2026-06-14T19:30:54.013Z] [1]  ELIFECYCLE  Command failed.
[2026-06-14T19:30:54.017Z] [0] 7:30:53 PM [tsx] Previous process hasn't exited yet. Force killing...
[2026-06-14T19:30:54.045Z] [0] pnpm dev:server exited with code SIGTERM
[2026-06-14T19:30:54.046Z] -->
[2026-06-14T19:30:54.046Z] Sending SIGTERM to other processes..
[2026-06-14T19:30:54.638Z] [1] pnpm dev:metro exited with code SIGTERM
[2026-06-14T19:30:54.644Z] Dev server exited with code -1
[2026-06-14T19:30:55.721Z] Starting dev server with command: pnpm run dev
[2026-06-14T19:30:56.979Z] > app-template@1.0.0 dev /home/ubuntu/aldwych-mobile-app
[2026-06-14T19:30:56.979Z] > concurrently -k "pnpm dev:server" "pnpm dev:metro"
[2026-06-14T19:30:57.733Z] [0]
[2026-06-14T19:30:57.733Z] [0] > app-template@1.0.0 dev:server /home/ubuntu/aldwych-mobile-app
[2026-06-14T19:30:57.733Z] [0] > cross-env NODE_ENV=development tsx watch server/_core/index.ts
[2026-06-14T19:30:57.733Z] [0]
[2026-06-14T19:30:57.767Z] [1]
[2026-06-14T19:30:57.767Z] [1] > app-template@1.0.0 dev:metro /home/ubuntu/aldwych-mobile-app
[2026-06-14T19:30:57.767Z] [1] > cross-env EXPO_USE_METRO_WORKSPACE_ROOT=1 npx expo start --web --port ${EXPO_PORT:-8081}
[2026-06-14T19:30:57.767Z] [1]
[2026-06-14T19:30:57.946Z] ELIFECYCLE  Command failed.
[2026-06-14T19:30:57.958Z] [0]  ELIFECYCLE  Command failed.
[2026-06-14T19:30:57.958Z] [1]
[2026-06-14T19:30:57.958Z] ELIFECYCLE  Command failed.
[2026-06-14T19:30:57.963Z] [0]
[2026-06-14T19:30:57.963Z] pnpm dev:server exited with code SIGTERM
[2026-06-14T19:30:57.964Z] -->
[2026-06-14T19:30:57.964Z] Sending SIGTERM to other processes..
[2026-06-14T19:30:57.967Z] [1] pnpm dev:metro exited with code SIGTERM
[2026-06-14T19:30:57.975Z] Dev server exited with code -1
[2026-06-14T19:30:59.071Z] Starting dev server with command: pnpm run dev
[2026-06-14T19:31:00.335Z] > app-template@1.0.0 dev /home/ubuntu/aldwych-mobile-app
[2026-06-14T19:31:00.335Z] > concurrently -k "pnpm dev:server" "pnpm dev:metro"
[2026-06-14T19:31:01.096Z] [0]
[2026-06-14T19:31:01.096Z] [0] > app-template@1.0.0 dev:server /home/ubuntu/aldwych-mobile-app
[2026-06-14T19:31:01.096Z] [0] > cross-env NODE_ENV=development tsx watch server/_core/index.ts
[2026-06-14T19:31:01.096Z] [0]
[2026-06-14T19:31:01.096Z] [1]
[2026-06-14T19:31:01.097Z] [1] > app-template@1.0.0 dev:metro /home/ubuntu/aldwych-mobile-app
[2026-06-14T19:31:01.097Z] [1] > cross-env EXPO_USE_METRO_WORKSPACE_ROOT=1 npx expo start --web --port ${EXPO_PORT:-8081}
[2026-06-14T19:31:01.097Z] [1]
[2026-06-14T19:31:01.871Z] [1] Starting project at /home/ubuntu/aldwych-mobile-app
[2026-06-14T19:31:02.313Z] [1]
[2026-06-14T19:31:02.314Z] EXPO_USE_METRO_WORKSPACE_ROOT is enabled by default, use EXPO_NO_METRO_WORKSPACE_ROOT instead to disable.
[2026-06-14T19:31:02.670Z] [1]
[2026-06-14T19:31:02.670Z] EXPO_USE_METRO_WORKSPACE_ROOT is enabled by default, use EXPO_NO_METRO_WORKSPACE_ROOT instead to disable.
[2026-06-14T19:31:02.670Z] [1]
[2026-06-14T19:31:02.670Z] EXPO_USE_METRO_WORKSPACE_ROOT is enabled by default, use EXPO_NO_METRO_WORKSPACE_ROOT instead to disable.
[2026-06-14T19:31:02.671Z] [1]
[2026-06-14T19:31:02.671Z] EXPO_USE_METRO_WORKSPACE_ROOT is enabled by default, use EXPO_NO_METRO_WORKSPACE_ROOT instead to disable.
[2026-06-14T19:31:02.963Z] [1] React Compiler enabled
[2026-06-14T19:31:03.111Z] [1] Starting Metro Bundler
[2026-06-14T19:31:03.155Z] [1] EXPO_USE_METRO_WORKSPACE_ROOT is enabled by default, use EXPO_NO_METRO_WORKSPACE_ROOT instead to disable.
[2026-06-14T19:31:03.425Z] [1] The following packages should be updated for best compatibility with the installed expo version:
[2026-06-14T19:31:03.426Z] [1]   expo@54.0.29 - expected version: ~54.0.35
[2026-06-14T19:31:03.426Z] [1]   expo-audio@1.1.0 - expected version: ~1.1.1
[2026-06-14T19:31:03.426Z] [1]   expo-constants@18.0.12 - expected version: ~18.0.13
[2026-06-14T19:31:03.426Z] [1]   expo-font@14.0.10 - expected version: ~14.0.12
[2026-06-14T19:31:03.426Z] [1]   expo-linking@8.0.10 - expected version: ~8.0.12
[2026-06-14T19:31:03.426Z] [1]   expo-notifications@0.32.15 - expected version: ~0.32.17
[2026-06-14T19:31:03.426Z] [1]   expo-router@6.0.19 - expected version: ~6.0.24
[2026-06-14T19:31:03.426Z] [1]   expo-splash-screen@31.0.12 - expected version: ~31.0.13
[2026-06-14T19:31:03.426Z] [1]   expo-video@3.0.15 - expected version: ~3.0.16
[2026-06-14T19:31:03.426Z] [1]   expo-web-browser@15.0.10 - expected version: ~15.0.11
[2026-06-14T19:31:03.426Z] [1] Your project may not work correctly until you install the expected versions of the packages.
[2026-06-14T19:31:03.433Z] [1] Waiting on http://localhost:8081
[2026-06-14T19:31:03.433Z] [1] Logs for your project will appear below.
[2026-06-14T19:31:03.682Z] [1] EXPO_USE_METRO_WORKSPACE_ROOT is enabled by default, use EXPO_NO_METRO_WORKSPACE_ROOT instead to disable.
[2026-06-14T19:31:03.684Z] [1] EXPO_USE_METRO_WORKSPACE_ROOT is enabled by default, use EXPO_NO_METRO_WORKSPACE_ROOT instead to disable.
[2026-06-14T19:31:04.739Z] [0] [OAuth] Initialized with baseURL: https://api.manus.im
[2026-06-14T19:31:04.876Z] [0] [api] server listening on port 3000
[2026-06-14T19:31:10.217Z] [1]
[2026-06-14T19:31:10.217Z] Web node_modules/expo-router/entry.js ░░░░░░░░░░░░░░░░  0.0% (0/1)
[2026-06-14T19:31:10.217Z] [1] λ node_modules/expo-router/node/render.js ░░░░░░░░░░░░░░░░  0.0% (0/1)
[2026-06-14T19:31:11.965Z] ELIFECYCLE  Command failed.
[2026-06-14T19:31:11.986Z] [0]  ELIFECYCLE  Command failed.
[2026-06-14T19:31:11.986Z] [0] 7:31:11 PM [tsx] Previous process hasn't exited yet. Force killing...
[2026-06-14T19:31:11.986Z] [1]  ELIFECYCLE  Command failed.
[2026-06-14T19:31:12.016Z] [0] pnpm dev:server exited with code SIGTERM
[2026-06-14T19:31:12.016Z] --> Sending SIGTERM to other processes..
[2026-06-14T19:31:12.194Z] [1] pnpm dev:metro exited with code SIGTERM
[2026-06-14T19:31:13.402Z] Lockfile is up to date, resolution step is skipped
[2026-06-14T19:31:13.986Z] Dev server exited with code -1
[2026-06-14T19:31:14.995Z] Starting dev server with command: pnpm run dev
[2026-06-14T19:31:16.226Z] > app-template@1.0.0 dev /home/ubuntu/aldwych-mobile-app
[2026-06-14T19:31:16.226Z] > concurrently -k "pnpm dev:server" "pnpm dev:metro"
[2026-06-14T19:31:16.969Z] [1]
[2026-06-14T19:31:16.969Z] [1] > app-template@1.0.0 dev:metro /home/ubuntu/aldwych-mobile-app
[2026-06-14T19:31:16.969Z] [1] > cross-env EXPO_USE_METRO_WORKSPACE_ROOT=1 npx expo start --web --port ${EXPO_PORT:-8081}
[2026-06-14T19:31:16.969Z] [1]
[2026-06-14T19:31:16.978Z] [0]
[2026-06-14T19:31:16.979Z] [0] > app-template@1.0.0 dev:server /home/ubuntu/aldwych-mobile-app
[2026-06-14T19:31:16.979Z] [0] > cross-env NODE_ENV=development tsx watch server/_core/index.ts
[2026-06-14T19:31:16.979Z] [0]
[2026-06-14T19:31:17.668Z] [1] Starting project at /home/ubuntu/aldwych-mobile-app
[2026-06-14T19:31:18.125Z] [1] EXPO_USE_METRO_WORKSPACE_ROOT is enabled by default, use EXPO_NO_METRO_WORKSPACE_ROOT instead to disable.
[2026-06-14T19:31:18.486Z] [1]
[2026-06-14T19:31:18.487Z] EXPO_USE_METRO_WORKSPACE_ROOT is enabled by default, use EXPO_NO_METRO_WORKSPACE_ROOT instead to disable.
[2026-06-14T19:31:18.487Z] [1]
[2026-06-14T19:31:18.487Z] EXPO_USE_METRO_WORKSPACE_ROOT is enabled by default, use EXPO_NO_METRO_WORKSPACE_ROOT instead to disable.
[2026-06-14T19:31:18.488Z] [1] EXPO_USE_METRO_WORKSPACE_ROOT is enabled by default, use EXPO_NO_METRO_WORKSPACE_ROOT instead to disable.
[2026-06-14T19:31:18.776Z] [1] React Compiler enabled
[2026-06-14T19:31:18.919Z] [1] Starting Metro Bundler
[2026-06-14T19:31:18.953Z] [1]
[2026-06-14T19:31:18.953Z] EXPO_USE_METRO_WORKSPACE_ROOT is enabled by default, use EXPO_NO_METRO_WORKSPACE_ROOT instead to disable.
[2026-06-14T19:31:19.229Z] [1] The following packages should be updated for best compatibility with the installed expo version:
[2026-06-14T19:31:19.230Z] [1]   expo@54.0.29 - expected version: ~54.0.35
[2026-06-14T19:31:19.230Z] [1]   expo-audio@1.1.0 - expected version: ~1.1.1
[2026-06-14T19:31:19.230Z] [1]   expo-constants@18.0.12 - expected version: ~18.0.13
[2026-06-14T19:31:19.230Z] [1]   expo-font@14.0.10 - expected version: ~14.0.12
[2026-06-14T19:31:19.230Z] [1]   expo-linking@8.0.10 - expected version: ~8.0.12
[2026-06-14T19:31:19.230Z] [1]   expo-notifications@0.32.15 - expected version: ~0.32.17
[2026-06-14T19:31:19.230Z] [1]   expo-router@6.0.19 - expected version: ~6.0.24
[2026-06-14T19:31:19.230Z] [1]   expo-splash-screen@31.0.12 - expected version: ~31.0.13
[2026-06-14T19:31:19.230Z] [1]   expo-video@3.0.15 - expected version: ~3.0.16
[2026-06-14T19:31:19.230Z] [1]   expo-web-browser@15.0.10 - expected version: ~15.0.11
[2026-06-14T19:31:19.230Z] [1] Your project may not work correctly until you install the expected versions of the packages.
[2026-06-14T19:31:19.236Z] [1] Waiting on http://localhost:8081
[2026-06-14T19:31:19.237Z] [1] Logs for your project will appear below.
[2026-06-14T19:31:19.265Z] [1] EXPO_USE_METRO_WORKSPACE_ROOT is enabled by default, use EXPO_NO_METRO_WORKSPACE_ROOT instead to disable.
[2026-06-14T19:31:19.268Z] [1] EXPO_USE_METRO_WORKSPACE_ROOT is enabled by default, use EXPO_NO_METRO_WORKSPACE_ROOT instead to disable.
[2026-06-14T19:31:20.632Z] [0] [OAuth] Initialized with baseURL: https://api.manus.im
[2026-06-14T19:31:20.756Z] [0] [api] server listening on port 3000
[2026-06-14T19:31:26.121Z] [1] Web node_modules/expo-router/entry.js ░░░░░░░░░░░░░░░░  0.0% (0/1)
[2026-06-14T19:31:26.121Z] [1] λ node_modules/expo-router/node/render.js ░░░░░░░░░░░░░░░░  0.0% (0/1)
[2026-06-14T19:31:28.977Z] [1] λ Bundled 2879ms node_modules/expo-router/node/render.js (1315 modules)
[2026-06-14T19:31:30.939Z] [1] λ  LOG  { colorScheme: 'light', setColorScheme: [Function (anonymous)] } {
[2026-06-14T19:31:30.939Z] [1]   '--color-primary': '#001A3D',
[2026-06-14T19:31:30.939Z] [1]   '--color-background': '#F8F9FA',
[2026-06-14T19:31:30.939Z] [1]   '--color-surface': '#FFFFFF',
[2026-06-14T19:31:30.939Z] [1]   '--color-foreground': '#0A0F1A',
[2026-06-14T19:31:30.939Z] [1]   '--color-muted': '#6B7280',
[2026-06-14T19:31:30.939Z] [1]   '--color-border': '#E5E7EB',
[2026-06-14T19:31:30.939Z] [1]   '--color-success': '#22C55E',
[2026-06-14T19:31:30.939Z] [1]   '--color-warning': '#F59E0B',
[2026-06-14T19:31:30.939Z] [1]   '--color-error': '#EF4444'
[2026-06-14T19:31:30.939Z] [1] }
[2026-06-14T19:31:30.985Z] [1] λ  WARN  props.pointerEvents is deprecated. Use style.pointerEvents
[2026-06-14T19:31:30.997Z] [1] Web node_modules/expo-router/entry.js ▓▓▓▓▓▓▓▓▓▓▓▓▓▓▓░ 95.0% (1267/1300)
[2026-06-14T19:31:31.005Z] [1] Web Bundled 4908ms node_modules/expo-router/entry.js (1300 modules)
[2026-06-14T19:31:31.059Z] [1] EXPO_USE_METRO_WORKSPACE_ROOT is enabled by default, use EXPO_NO_METRO_WORKSPACE_ROOT instead to disable.
[2026-06-14T19:31:31.061Z] [1] EXPO_USE_METRO_WORKSPACE_ROOT is enabled by default, use EXPO_NO_METRO_WORKSPACE_ROOT instead to disable.
[2026-06-14T19:31:31.124Z] [1]
[2026-06-14T19:31:31.124Z] λ Bundled 60ms node_modules/expo-router/node/render.js (1 module)
[2026-06-14T19:31:31.431Z] [1] λ  LOG  { colorScheme: 'light', setColorScheme: [Function (anonymous)] } {
[2026-06-14T19:31:31.431Z] [1]   '--color-primary': '#001A3D',
[2026-06-14T19:31:31.431Z] [1]   '--color-background': '#F8F9FA',
[2026-06-14T19:31:31.431Z] [1]   '--color-surface': '#FFFFFF',
[2026-06-14T19:31:31.431Z] [1]   '--color-foreground': '#0A0F1A',
[2026-06-14T19:31:31.431Z] [1]   '--color-muted': '#6B7280',
[2026-06-14T19:31:31.431Z] [1]   '--color-border': '#E5E7EB',
[2026-06-14T19:31:31.431Z] [1]   '--color-success': '#22C55E',
[2026-06-14T19:31:31.431Z] [1]   '--color-warning': '#F59E0B',
[2026-06-14T19:31:31.431Z] [1]   '--color-error': '#EF4444'
[2026-06-14T19:31:31.431Z] [1] }
[2026-06-14T19:31:31.450Z] [1] λ  WARN  props.pointerEvents is deprecated. Use style.pointerEvents
[2026-06-14T19:31:31.456Z] [1] Web node_modules/expo-router/entry.js ░░░░░░░░░░░░░░░░  0.0% (0/1)
[2026-06-14T19:31:31.456Z] [1] Web node_modules/expo-router/entry.js ░░░░░░░░░░░░░░░░  0.0% (0/1)
[2026-06-14T19:31:31.490Z] [1] Web Bundled 426ms node_modules/expo-router/entry.js (1 module)
[2026-06-14T19:31:32.032Z] ELIFECYCLE  Command failed.
[2026-06-14T19:31:32.049Z] [1]  ELIFECYCLE  Command failed.
[2026-06-14T19:31:32.049Z] [0]  ELIFECYCLE  Command failed.
[2026-06-14T19:31:32.057Z] [0]
[2026-06-14T19:31:32.057Z] 7:31:32 PM [tsx] Previous process hasn't exited yet. Force killing...
[2026-06-14T19:31:32.087Z] [0] pnpm dev:server exited with code SIGTERM
[2026-06-14T19:31:32.088Z] -->
[2026-06-14T19:31:32.088Z] Sending SIGTERM to other processes..
[2026-06-14T19:31:32.146Z] [1] pnpm dev:metro exited with code SIGTERM
[2026-06-14T19:31:33.555Z] Lockfile is up to date, resolution step is skipped
[2026-06-14T19:31:34.055Z] Dev server exited with code -1
[2026-06-14T19:31:35.065Z] Starting dev server with command: pnpm run dev
[2026-06-14T19:31:36.319Z] > app-template@1.0.0 dev /home/ubuntu/aldwych-mobile-app
[2026-06-14T19:31:36.319Z] > concurrently -k "pnpm dev:server" "pnpm dev:metro"
[2026-06-14T19:31:37.094Z] [0]
[2026-06-14T19:31:37.094Z] [0] > app-template@1.0.0 dev:server /home/ubuntu/aldwych-mobile-app
[2026-06-14T19:31:37.094Z] [0] > cross-env NODE_ENV=development tsx watch server/_core/index.ts
[2026-06-14T19:31:37.094Z] [0]
[2026-06-14T19:31:37.096Z] [1]
[2026-06-14T19:31:37.096Z] [1] > app-template@1.0.0 dev:metro /home/ubuntu/aldwych-mobile-app
[2026-06-14T19:31:37.096Z] [1] > cross-env EXPO_USE_METRO_WORKSPACE_ROOT=1 npx expo start --web --port ${EXPO_PORT:-8081}
[2026-06-14T19:31:37.096Z] [1]
[2026-06-14T19:31:37.800Z] [1]
[2026-06-14T19:31:37.800Z] Starting project at /home/ubuntu/aldwych-mobile-app
[2026-06-14T19:31:38.255Z] [1]
[2026-06-14T19:31:38.255Z] EXPO_USE_METRO_WORKSPACE_ROOT is enabled by default, use EXPO_NO_METRO_WORKSPACE_ROOT instead to disable.
[2026-06-14T19:31:38.620Z] [1]
[2026-06-14T19:31:38.620Z] EXPO_USE_METRO_WORKSPACE_ROOT is enabled by default, use EXPO_NO_METRO_WORKSPACE_ROOT instead to disable.
[2026-06-14T19:31:38.621Z] [1]
[2026-06-14T19:31:38.621Z] EXPO_USE_METRO_WORKSPACE_ROOT is enabled by default, use EXPO_NO_METRO_WORKSPACE_ROOT instead to disable.
[2026-06-14T19:31:38.622Z] [1] EXPO_USE_METRO_WORKSPACE_ROOT is enabled by default, use EXPO_NO_METRO_WORKSPACE_ROOT instead to disable.
[2026-06-14T19:31:38.915Z] [1] React Compiler enabled
[2026-06-14T19:31:39.053Z] [1] Starting Metro Bundler
[2026-06-14T19:31:39.087Z] [1] EXPO_USE_METRO_WORKSPACE_ROOT is enabled by default, use EXPO_NO_METRO_WORKSPACE_ROOT instead to disable.
[2026-06-14T19:31:39.358Z] [1] The following packages should be updated for best compatibility with the installed expo version:
[2026-06-14T19:31:39.359Z] [1]   expo@54.0.29 - expected version: ~54.0.35
[2026-06-14T19:31:39.359Z] [1]   expo-audio@1.1.0 - expected version: ~1.1.1
[2026-06-14T19:31:39.359Z] [1]   expo-constants@18.0.12 - expected version: ~18.0.13
[2026-06-14T19:31:39.359Z] [1]   expo-font@14.0.10 - expected version: ~14.0.12
[2026-06-14T19:31:39.359Z] [1]   expo-linking@8.0.10 - expected version: ~8.0.12
[2026-06-14T19:31:39.359Z] [1]   expo-notifications@0.32.15 - expected version: ~0.32.17
[2026-06-14T19:31:39.359Z] [1]   expo-router@6.0.19 - expected version: ~6.0.24
[2026-06-14T19:31:39.359Z] [1]   expo-splash-screen@31.0.12 - expected version: ~31.0.13
[2026-06-14T19:31:39.359Z] [1]   expo-video@3.0.15 - expected version: ~3.0.16
[2026-06-14T19:31:39.359Z] [1]   expo-web-browser@15.0.10 - expected version: ~15.0.11
[2026-06-14T19:31:39.359Z] [1] Your project may not work correctly until you install the expected versions of the packages.
[2026-06-14T19:31:39.365Z] [1] Waiting on http://localhost:8081
[2026-06-14T19:31:39.366Z] [1] Logs for your project will appear below.
[2026-06-14T19:31:39.596Z] [1] EXPO_USE_METRO_WORKSPACE_ROOT is enabled by default, use EXPO_NO_METRO_WORKSPACE_ROOT instead to disable.
[2026-06-14T19:31:39.598Z] [1] EXPO_USE_METRO_WORKSPACE_ROOT is enabled by default, use EXPO_NO_METRO_WORKSPACE_ROOT instead to disable.
[2026-06-14T19:31:40.765Z] [0] [OAuth] Initialized with baseURL: https://api.manus.im
[2026-06-14T19:31:40.901Z] [0] [api] server listening on port 3000
[2026-06-14T19:31:46.191Z] [1]
[2026-06-14T19:31:46.191Z] Web node_modules/expo-router/entry.js ░░░░░░░░░░░░░░░░  0.0% (0/1)
[2026-06-14T19:31:46.191Z] [1] λ node_modules/expo-router/node/render.js ░░░░░░░░░░░░░░░░  0.0% (0/1)
[2026-06-14T19:31:49.081Z] [1] λ Bundled 2913ms node_modules/expo-router/node/render.js (1214 modules)
[2026-06-14T19:31:51.068Z] [1] λ  LOG  { colorScheme: 'light', setColorScheme: [Function (anonymous)] } {
[2026-06-14T19:31:51.068Z] [1]   '--color-primary': '#001A3D',
[2026-06-14T19:31:51.068Z] [1]   '--color-background': '#F8F9FA',
[2026-06-14T19:31:51.068Z] [1]   '--color-surface': '#FFFFFF',
[2026-06-14T19:31:51.068Z] [1]   '--color-foreground': '#0A0F1A',
[2026-06-14T19:31:51.068Z] [1]   '--color-muted': '#6B7280',
[2026-06-14T19:31:51.068Z] [1]   '--color-border': '#E5E7EB',
[2026-06-14T19:31:51.068Z] [1]   '--color-success': '#22C55E',
[2026-06-14T19:31:51.068Z] [1]   '--color-warning': '#F59E0B',
[2026-06-14T19:31:51.068Z] [1]   '--color-error': '#EF4444'
[2026-06-14T19:31:51.068Z] [1] }
[2026-06-14T19:31:51.085Z] [1] λ  WARN  [Layout children]: Too many screens defined. Route "accounts" is extraneous.
[2026-06-14T19:31:51.086Z] [1]
[2026-06-14T19:31:51.086Z] λ  WARN  [Layout children]: Too many screens defined. Route "transfers" is extraneous.
[2026-06-14T19:31:51.087Z] [1] λ  WARN  [Layout children]: Too many screens defined. Route "cards" is extraneous.
[2026-06-14T19:31:51.087Z] [1] λ  WARN  [Layout children]: Too many screens defined. Route "more" is extraneous.
[2026-06-14T19:31:51.112Z] [1] λ  WARN  props.pointerEvents is deprecated. Use style.pointerEvents
[2026-06-14T19:31:51.123Z] [1] Web node_modules/expo-router/entry.js ▓▓▓▓▓▓▓▓▓▓▓▓▓▓▓░ 95.0% (1266/1299)
[2026-06-14T19:31:51.253Z] [1] Web Bundled 5087ms node_modules/expo-router/entry.js (1364 modules)
[2026-06-14T19:31:52.972Z] [1] Web Bundled 1670ms node_modules/expo-router/entry.js (1333 modules)
[2026-06-14T19:31:53.498Z] [1]  LOG  [web] Logs will appear in the browser console
[2026-06-14T19:32:34.406Z] [1] EXPO_USE_METRO_WORKSPACE_ROOT is enabled by default, use EXPO_NO_METRO_WORKSPACE_ROOT instead to disable.
[2026-06-14T19:32:34.409Z] [1] EXPO_USE_METRO_WORKSPACE_ROOT is enabled by default, use EXPO_NO_METRO_WORKSPACE_ROOT instead to disable.
[2026-06-14T19:32:34.412Z] [1] Web node_modules/expo-router/entry.js ░░░░░░░░░░░░░░░░  0.0% (0/1)
[2026-06-14T19:32:35.301Z] [1] Web Bundled 889ms node_modules/expo-router/entry.js (1 module)
[2026-06-14T19:32:35.611Z] [1] λ Bundled 1198ms node_modules/expo-router/node/render.js (1 module)
[2026-06-14T19:32:36.198Z] [1] λ  LOG  { colorScheme: 'light', setColorScheme: [Function (anonymous)] } {
[2026-06-14T19:32:36.198Z] [1]   '--color-primary': '#001A3D',
[2026-06-14T19:32:36.198Z] [1]   '--color-background': '#F8F9FA',
[2026-06-14T19:32:36.198Z] [1]   '--color-surface': '#FFFFFF',
[2026-06-14T19:32:36.198Z] [1]   '--color-foreground': '#0A0F1A',
[2026-06-14T19:32:36.198Z] [1]   '--color-muted': '#6B7280',
[2026-06-14T19:32:36.198Z] [1]   '--color-border': '#E5E7EB',
[2026-06-14T19:32:36.198Z] [1]   '--color-success': '#22C55E',
[2026-06-14T19:32:36.198Z] [1]   '--color-warning': '#F59E0B',
[2026-06-14T19:32:36.198Z] [1]   '--color-error': '#EF4444'
[2026-06-14T19:32:36.198Z] [1] }
[2026-06-14T19:32:36.211Z] [1] λ  WARN  [Layout children]: Too many screens defined. Route "transfers" is extraneous.
[2026-06-14T19:32:36.211Z] [1] λ  WARN  [Layout children]: Too many screens defined. Route "cards" is extraneous.
[2026-06-14T19:32:36.212Z] [1] λ  WARN  [Layout children]: Too many screens defined. Route "more" is extraneous.
[2026-06-14T19:32:36.311Z] [1] λ  WARN  props.pointerEvents is deprecated. Use style.pointerEvents
[2026-06-14T19:32:36.734Z] [1] Web Bundled 71ms node_modules/expo-router/entry.js (1 module)
[2026-06-14T19:32:40.963Z] [1] EXPO_USE_METRO_WORKSPACE_ROOT is enabled by default, use EXPO_NO_METRO_WORKSPACE_ROOT instead to disable.
[2026-06-14T19:32:40.965Z] [1] EXPO_USE_METRO_WORKSPACE_ROOT is enabled by default, use EXPO_NO_METRO_WORKSPACE_ROOT instead to disable.
[2026-06-14T19:32:40.967Z] [1] Web node_modules/expo-router/entry.js ░░░░░░░░░░░░░░░░  0.0% (0/1)
[2026-06-14T19:32:41.148Z] [1] λ Bundled 54ms node_modules/expo-router/node/render.js (1 module)
[2026-06-14T19:32:41.294Z] [1] λ  LOG  { colorScheme: 'light', setColorScheme: [Function (anonymous)] } {
[2026-06-14T19:32:41.294Z] [1]   '--color-primary': '#001A3D',
[2026-06-14T19:32:41.294Z] [1]   '--color-background': '#F8F9FA',
[2026-06-14T19:32:41.294Z] [1]   '--color-surface': '#FFFFFF',
[2026-06-14T19:32:41.294Z] [1]   '--color-foreground': '#0A0F1A',
[2026-06-14T19:32:41.294Z] [1]   '--color-muted': '#6B7280',
[2026-06-14T19:32:41.294Z] [1]   '--color-border': '#E5E7EB',
[2026-06-14T19:32:41.294Z] [1]   '--color-success': '#22C55E',
[2026-06-14T19:32:41.294Z] [1]   '--color-warning': '#F59E0B',
[2026-06-14T19:32:41.294Z] [1]   '--color-error': '#EF4444'
[2026-06-14T19:32:41.294Z] [1] }
[2026-06-14T19:32:41.300Z] [1] λ  WARN  [Layout children]: Too many screens defined. Route "transfers" is extraneous.
[2026-06-14T19:32:41.300Z] [1] λ  WARN  [Layout children]: Too many screens defined. Route "cards" is extraneous.
[2026-06-14T19:32:41.300Z] [1] λ  WARN  [Layout children]: Too many screens defined. Route "more" is extraneous.
[2026-06-14T19:32:41.362Z] [1] λ  WARN  props.pointerEvents is deprecated. Use style.pointerEvents
[2026-06-14T19:32:41.370Z] [1] Web node_modules/expo-router/entry.js ░░░░░░░░░░░░░░░░  0.0% (0/1)
[2026-06-14T19:32:41.399Z] [1] Web Bundled 432ms node_modules/expo-router/entry.js (1 module)
[2026-06-14T19:32:41.636Z] [1]  LOG  [web] Logs will appear in the browser console
[2026-06-14T19:32:42.326Z] [1] EXPO_USE_METRO_WORKSPACE_ROOT is enabled by default, use EXPO_NO_METRO_WORKSPACE_ROOT instead to disable.
[2026-06-14T19:32:42.327Z] [1] EXPO_USE_METRO_WORKSPACE_ROOT is enabled by default, use EXPO_NO_METRO_WORKSPACE_ROOT instead to disable.
[2026-06-14T19:32:42.490Z] [1] λ Bundled 40ms node_modules/expo-router/node/render.js (1 module)
[2026-06-14T19:32:42.654Z] [1] λ  LOG  { colorScheme: 'light', setColorScheme: [Function (anonymous)] } {
[2026-06-14T19:32:42.655Z] [1]   '--color-primary': '#001A3D',
[2026-06-14T19:32:42.655Z] [1]   '--color-background': '#F8F9FA',
[2026-06-14T19:32:42.655Z] [1]   '--color-surface': '#FFFFFF',
[2026-06-14T19:32:42.655Z] [1]   '--color-foreground': '#0A0F1A',
[2026-06-14T19:32:42.655Z] [1]   '--color-muted': '#6B7280',
[2026-06-14T19:32:42.655Z] [1]   '--color-border': '#E5E7EB',
[2026-06-14T19:32:42.655Z] [1]   '--color-success': '#22C55E',
[2026-06-14T19:32:42.655Z] [1]   '--color-warning': '#F59E0B',
[2026-06-14T19:32:42.655Z] [1]   '--color-error': '#EF4444'
[2026-06-14T19:32:42.655Z] [1] }
[2026-06-14T19:32:42.661Z] [1]
[2026-06-14T19:32:42.662Z] λ  WARN  [Layout children]: Too many screens defined. Route "transfers" is extraneous.
[2026-06-14T19:32:42.662Z] [1]
[2026-06-14T19:32:42.662Z] λ  WARN  [Layout children]: Too many screens defined. Route "cards" is extraneous.
[2026-06-14T19:32:42.663Z] [1] λ  WARN  [Layout children]: Too many screens defined. Route "more" is extraneous.
[2026-06-14T19:32:42.724Z] [1] λ  WARN  props.pointerEvents is deprecated. Use style.pointerEvents
[2026-06-14T19:32:42.734Z] [1] Web node_modules/expo-router/entry.js ░░░░░░░░░░░░░░░░  0.0% (0/1)
[2026-06-14T19:32:42.765Z] [1] Web Bundled 435ms node_modules/expo-router/entry.js (1 module)
[2026-06-14T19:32:43.135Z] [1]
[2026-06-14T19:32:43.135Z] Web Bundled 62ms node_modules/expo-router/entry.js (1 module)
[2026-06-14T19:32:46.473Z] [1]  LOG  [web] Logs will appear in the browser console
[2026-06-14T19:33:29.491Z] [1] EXPO_USE_METRO_WORKSPACE_ROOT is enabled by default, use EXPO_NO_METRO_WORKSPACE_ROOT instead to disable.
[2026-06-14T19:33:29.495Z] [1] EXPO_USE_METRO_WORKSPACE_ROOT is enabled by default, use EXPO_NO_METRO_WORKSPACE_ROOT instead to disable.
[2026-06-14T19:33:29.498Z] [1] Web node_modules/expo-router/entry.js ░░░░░░░░░░░░░░░░  0.0% (0/1)
[2026-06-14T19:33:29.796Z] [1]
[2026-06-14T19:33:29.796Z] λ Bundled 297ms node_modules/expo-router/node/render.js (1 module)
[2026-06-14T19:33:30.392Z] [1] λ  LOG  { colorScheme: 'light', setColorScheme: [Function (anonymous)] } {
[2026-06-14T19:33:30.392Z] [1]   '--color-primary': '#001A3D',
[2026-06-14T19:33:30.392Z] [1]   '--color-background': '#F8F9FA',
[2026-06-14T19:33:30.392Z] [1]   '--color-surface': '#FFFFFF',
[2026-06-14T19:33:30.392Z] [1]   '--color-foreground': '#0A0F1A',
[2026-06-14T19:33:30.392Z] [1]   '--color-muted': '#6B7280',
[2026-06-14T19:33:30.392Z] [1]   '--color-border': '#E5E7EB',
[2026-06-14T19:33:30.392Z] [1]   '--color-success': '#22C55E',
[2026-06-14T19:33:30.392Z] [1]   '--color-warning': '#F59E0B',
[2026-06-14T19:33:30.392Z] [1]   '--color-error': '#EF4444'
[2026-06-14T19:33:30.392Z] [1] }
[2026-06-14T19:33:30.405Z] [1] λ  WARN  [Layout children]: Too many screens defined. Route "cards" is extraneous.
[2026-06-14T19:33:30.405Z] [1] λ  WARN  [Layout children]: Too many screens defined. Route "more" is extraneous.
[2026-06-14T19:33:30.481Z] [1] λ  WARN  props.pointerEvents is deprecated. Use style.pointerEvents
[2026-06-14T19:33:30.498Z] [1] Web node_modules/expo-router/entry.js ░░░░░░░░░░░░░░░░  0.0% (0/1)
[2026-06-14T19:33:30.514Z] [1] Web Bundled 1016ms node_modules/expo-router/entry.js (1 module)
[2026-06-14T19:33:30.901Z] [1] Web Bundled 62ms node_modules/expo-router/entry.js (1 module)
[2026-06-14T19:33:33.189Z] ELIFECYCLE  Command failed.
[2026-06-14T19:33:33.216Z] [0]  ELIFECYCLE  Command failed.
[2026-06-14T19:33:33.216Z] [1]  ELIFECYCLE  Command failed.
[2026-06-14T19:33:33.222Z] [0]
[2026-06-14T19:33:33.222Z] 7:33:33 PM [tsx] Previous process hasn't exited yet. Force killing...
[2026-06-14T19:33:33.234Z] [0] pnpm dev:server exited with code SIGTERM
[2026-06-14T19:33:33.234Z] --> Sending SIGTERM to other processes..
[2026-06-14T19:33:33.792Z] [1]  LOG  [web] Logs will appear in the browser console
[2026-06-14T19:33:34.138Z] [1] pnpm dev:metro exited with code SIGTERM
[2026-06-14T19:33:34.656Z] Lockfile is up to date, resolution step is skipped
[2026-06-14T19:33:35.212Z] Dev server exited with code -1
[2026-06-14T19:33:36.226Z] Starting dev server with command: pnpm run dev
[2026-06-14T19:33:37.512Z] > app-template@1.0.0 dev /home/ubuntu/aldwych-mobile-app
[2026-06-14T19:33:37.513Z] > concurrently -k "pnpm dev:server" "pnpm dev:metro"
[2026-06-14T19:33:38.277Z] [0]
[2026-06-14T19:33:38.277Z] [0] > app-template@1.0.0 dev:server /home/ubuntu/aldwych-mobile-app
[2026-06-14T19:33:38.277Z] [0] > cross-env NODE_ENV=development tsx watch server/_core/index.ts
[2026-06-14T19:33:38.277Z] [0]
[2026-06-14T19:33:38.346Z] [1]
[2026-06-14T19:33:38.346Z] [1] > app-template@1.0.0 dev:metro /home/ubuntu/aldwych-mobile-app
[2026-06-14T19:33:38.346Z] [1] > cross-env EXPO_USE_METRO_WORKSPACE_ROOT=1 npx expo start --web --port ${EXPO_PORT:-8081}
[2026-06-14T19:33:38.346Z] [1]
[2026-06-14T19:33:39.067Z] [1] Starting project at /home/ubuntu/aldwych-mobile-app
[2026-06-14T19:33:39.545Z] [1]
[2026-06-14T19:33:39.545Z] EXPO_USE_METRO_WORKSPACE_ROOT is enabled by default, use EXPO_NO_METRO_WORKSPACE_ROOT instead to disable.
[2026-06-14T19:33:39.954Z] [1]
[2026-06-14T19:33:39.955Z] EXPO_USE_METRO_WORKSPACE_ROOT is enabled by default, use EXPO_NO_METRO_WORKSPACE_ROOT instead to disable.
[2026-06-14T19:33:39.955Z] [1] EXPO_USE_METRO_WORKSPACE_ROOT is enabled by default, use EXPO_NO_METRO_WORKSPACE_ROOT instead to disable.
[2026-06-14T19:33:39.957Z] [1] EXPO_USE_METRO_WORKSPACE_ROOT is enabled by default, use EXPO_NO_METRO_WORKSPACE_ROOT instead to disable.
[2026-06-14T19:33:40.259Z] [1] React Compiler enabled
[2026-06-14T19:33:40.409Z] [1] Starting Metro Bundler
[2026-06-14T19:33:40.457Z] [1] EXPO_USE_METRO_WORKSPACE_ROOT is enabled by default, use EXPO_NO_METRO_WORKSPACE_ROOT instead to disable.
[2026-06-14T19:33:42.046Z] [0] [OAuth] Initialized with baseURL: https://api.manus.im
[2026-06-14T19:33:42.175Z] [0] [api] server listening on port 3000
[2026-06-14T19:33:47.502Z] [1] The following packages should be updated for best compatibility with the installed expo version:
[2026-06-14T19:33:47.503Z] [1]
[2026-06-14T19:33:47.503Z] expo@54.0.29 - expected version: ~54.0.35
[2026-06-14T19:33:47.503Z] [1]   expo-audio@1.1.0 - expected version: ~1.1.1
[2026-06-14T19:33:47.503Z] [1]   expo-constants@18.0.12 - expected version: ~18.0.13
[2026-06-14T19:33:47.503Z] [1]
[2026-06-14T19:33:47.503Z] expo-font@14.0.10 - expected version: ~14.0.12
[2026-06-14T19:33:47.504Z] [1]   expo-linking@8.0.10 - expected version: ~8.0.12
[2026-06-14T19:33:47.504Z] [1]   expo-notifications@0.32.15 - expected version: ~0.32.17
[2026-06-14T19:33:47.504Z] [1]
[2026-06-14T19:33:47.504Z] expo-router@6.0.19 - expected version: ~6.0.24
[2026-06-14T19:33:47.504Z] [1]   expo-splash-screen@31.0.12 - expected version: ~31.0.13
[2026-06-14T19:33:47.504Z] [1]
[2026-06-14T19:33:47.504Z] expo-video@3.0.15 - expected version: ~3.0.16
[2026-06-14T19:33:47.504Z] [1]
[2026-06-14T19:33:47.504Z] expo-web-browser@15.0.10 - expected version: ~15.0.11
[2026-06-14T19:33:47.504Z] [1]
[2026-06-14T19:33:47.504Z] Your project may not work correctly until you install the expected versions of the packages.
[2026-06-14T19:33:47.515Z] [1] Waiting on http://localhost:8081
[2026-06-14T19:33:47.515Z] [1] Logs for your project will appear below.
[2026-06-14T19:33:47.846Z] [1] EXPO_USE_METRO_WORKSPACE_ROOT is enabled by default, use EXPO_NO_METRO_WORKSPACE_ROOT instead to disable.
[2026-06-14T19:33:47.849Z] [1] EXPO_USE_METRO_WORKSPACE_ROOT is enabled by default, use EXPO_NO_METRO_WORKSPACE_ROOT instead to disable.
[2026-06-14T19:33:49.384Z] [1] | Browserslist: browsers data (caniuse-lite) is 6 months old. Please run:
[2026-06-14T19:33:49.417Z] [1] |   npx update-browserslist-db@latest
[2026-06-14T19:33:49.417Z] [1] |   Why you should do it regularly: https://github.com/browserslist/update-db#readme
[2026-06-14T19:33:50.628Z] [1] λ Bundled 2766ms node_modules/expo-router/node/render.js (1308 modules)
[2026-06-14T19:33:52.618Z] [1] λ  LOG  { colorScheme: 'light', setColorScheme: [Function (anonymous)] } {
[2026-06-14T19:33:52.618Z] [1]   '--color-primary': '#001A3D',
[2026-06-14T19:33:52.618Z] [1]   '--color-background': '#F8F9FA',
[2026-06-14T19:33:52.618Z] [1]   '--color-surface': '#FFFFFF',
[2026-06-14T19:33:52.618Z] [1]   '--color-foreground': '#0A0F1A',
[2026-06-14T19:33:52.618Z] [1]   '--color-muted': '#6B7280',
[2026-06-14T19:33:52.618Z] [1]   '--color-border': '#E5E7EB',
[2026-06-14T19:33:52.618Z] [1]   '--color-success': '#22C55E',
[2026-06-14T19:33:52.618Z] [1]   '--color-warning': '#F59E0B',
[2026-06-14T19:33:52.618Z] [1]   '--color-error': '#EF4444'
[2026-06-14T19:33:52.618Z] [1] }
[2026-06-14T19:33:52.635Z] [1] λ  WARN  [Layout children]: Too many screens defined. Route "cards" is extraneous.
[2026-06-14T19:33:52.635Z] [1] λ  WARN  [Layout children]: Too many screens defined. Route "more" is extraneous.
[2026-06-14T19:33:52.728Z] [1] λ  WARN  props.pointerEvents is deprecated. Use style.pointerEvents
[2026-06-14T19:33:52.744Z] [1] Web node_modules/expo-router/entry.js ▓▓▓▓▓▓▓▓▓▓▓▓▓▓▓░ 95.2% (1276/1308)
[2026-06-14T19:33:52.780Z] [1] EXPO_USE_METRO_WORKSPACE_ROOT is enabled by default, use EXPO_NO_METRO_WORKSPACE_ROOT instead to disable.
[2026-06-14T19:33:52.781Z] [1] EXPO_USE_METRO_WORKSPACE_ROOT is enabled by default, use EXPO_NO_METRO_WORKSPACE_ROOT instead to disable.
[2026-06-14T19:33:52.954Z] [1] λ Bundled 44ms node_modules/expo-router/node/render.js (1 module)
[2026-06-14T19:33:53.156Z] [1] λ  LOG  { colorScheme: 'light', setColorScheme: [Function (anonymous)] } {
[2026-06-14T19:33:53.157Z] [1]   '--color-primary': '#001A3D',
[2026-06-14T19:33:53.157Z] [1]   '--color-background': '#F8F9FA',
[2026-06-14T19:33:53.157Z] [1]   '--color-surface': '#FFFFFF',
[2026-06-14T19:33:53.157Z] [1]   '--color-foreground': '#0A0F1A',
[2026-06-14T19:33:53.157Z] [1]   '--color-muted': '#6B7280',
[2026-06-14T19:33:53.157Z] [1]   '--color-border': '#E5E7EB',
[2026-06-14T19:33:53.157Z] [1]   '--color-success': '#22C55E',
[2026-06-14T19:33:53.157Z] [1]   '--color-warning': '#F59E0B',
[2026-06-14T19:33:53.157Z] [1]   '--color-error': '#EF4444'
[2026-06-14T19:33:53.157Z] [1] }
[2026-06-14T19:33:53.162Z] [1] λ  WARN  [Layout children]: Too many screens defined. Route "cards" is extraneous.
[2026-06-14T19:33:53.163Z] [1] λ  WARN  [Layout children]: Too many screens defined. Route "more" is extraneous.
[2026-06-14T19:33:53.221Z] [1] λ  WARN  props.pointerEvents is deprecated. Use style.pointerEvents
[2026-06-14T19:33:53.233Z] [1] Web node_modules/expo-router/entry.js ▓▓▓▓▓▓▓▓▓▓▓▓▓▓▓░ 97.2% (1345/1364)
[2026-06-14T19:33:53.233Z] [1] Web node_modules/expo-router/entry.js ░░░░░░░░░░░░░░░░  0.0% (0/1)
[2026-06-14T19:33:53.395Z] [1] Web Bundled 5534ms node_modules/expo-router/entry.js (1 module)
[2026-06-14T19:33:53.469Z] [1] Web Bundled 649ms node_modules/expo-router/entry.js (1 module)
[2026-06-14T19:33:55.181Z] [1] Web Bundled 1692ms node_modules/expo-router/entry.js (1296 modules)
[2026-06-14T19:33:55.644Z] [1]  LOG  [web] Logs will appear in the browser console
[2026-06-14T19:34:28.621Z] [1] EXPO_USE_METRO_WORKSPACE_ROOT is enabled by default, use EXPO_NO_METRO_WORKSPACE_ROOT instead to disable.
[2026-06-14T19:34:28.625Z] [1] EXPO_USE_METRO_WORKSPACE_ROOT is enabled by default, use EXPO_NO_METRO_WORKSPACE_ROOT instead to disable.
[2026-06-14T19:34:28.627Z] [1] Web node_modules/expo-router/entry.js ░░░░░░░░░░░░░░░░  0.0% (0/1)
[2026-06-14T19:34:29.109Z] [1] Web Bundled 481ms node_modules/expo-router/entry.js (1 module)
[2026-06-14T19:34:29.198Z] [1] λ Bundled 571ms node_modules/expo-router/node/render.js (1 module)
[2026-06-14T19:34:29.731Z] [1] λ  LOG  { colorScheme: 'light', setColorScheme: [Function (anonymous)] } {
[2026-06-14T19:34:29.731Z] [1]   '--color-primary': '#001A3D',
[2026-06-14T19:34:29.731Z] [1]   '--color-background': '#F8F9FA',
[2026-06-14T19:34:29.731Z] [1]   '--color-surface': '#FFFFFF',
[2026-06-14T19:34:29.731Z] [1]   '--color-foreground': '#0A0F1A',
[2026-06-14T19:34:29.731Z] [1]   '--color-muted': '#6B7280',
[2026-06-14T19:34:29.731Z] [1]   '--color-border': '#E5E7EB',
[2026-06-14T19:34:29.731Z] [1]   '--color-success': '#22C55E',
[2026-06-14T19:34:29.731Z] [1]   '--color-warning': '#F59E0B',
[2026-06-14T19:34:29.731Z] [1]   '--color-error': '#EF4444'
[2026-06-14T19:34:29.731Z] [1] }
[2026-06-14T19:34:29.819Z] [1] λ  WARN  props.pointerEvents is deprecated. Use style.pointerEvents
[2026-06-14T19:34:30.214Z] [1] Web Bundled 75ms node_modules/expo-router/entry.js (1 module)
[2026-06-14T19:34:33.029Z] [1]  LOG  [web] Logs will appear in the browser console
[2026-06-14T19:34:54.480Z] [1] EXPO_USE_METRO_WORKSPACE_ROOT is enabled by default, use EXPO_NO_METRO_WORKSPACE_ROOT instead to disable.
[2026-06-14T19:34:54.482Z] [1] EXPO_USE_METRO_WORKSPACE_ROOT is enabled by default, use EXPO_NO_METRO_WORKSPACE_ROOT instead to disable.
[2026-06-14T19:34:54.484Z] [1] Web node_modules/expo-router/entry.js ░░░░░░░░░░░░░░░░  0.0% (0/1)
[2026-06-14T19:34:54.519Z] [1] EXPO_USE_METRO_WORKSPACE_ROOT is enabled by default, use EXPO_NO_METRO_WORKSPACE_ROOT instead to disable.
[2026-06-14T19:34:54.520Z] [1] EXPO_USE_METRO_WORKSPACE_ROOT is enabled by default, use EXPO_NO_METRO_WORKSPACE_ROOT instead to disable.
[2026-06-14T19:34:54.874Z] [1] λ Bundled 389ms node_modules/expo-router/node/render.js (1 module)
[2026-06-14T19:34:55.130Z] [1] λ Bundled 424ms node_modules/expo-router/node/render.js (1 module)
[2026-06-14T19:34:55.650Z] [1]
[2026-06-14T19:34:55.650Z] λ  LOG  { colorScheme: 'light', setColorScheme: [Function (anonymous)] } {
[2026-06-14T19:34:55.650Z] [1]   '--color-primary': '#001A3D',
[2026-06-14T19:34:55.650Z] [1]   '--color-background': '#F8F9FA',
[2026-06-14T19:34:55.650Z] [1]   '--color-surface': '#FFFFFF',
[2026-06-14T19:34:55.650Z] [1]   '--color-foreground': '#0A0F1A',
[2026-06-14T19:34:55.650Z] [1]   '--color-muted': '#6B7280',
[2026-06-14T19:34:55.650Z] [1]   '--color-border': '#E5E7EB',
[2026-06-14T19:34:55.650Z] [1]   '--color-success': '#22C55E',
[2026-06-14T19:34:55.650Z] [1]   '--color-warning': '#F59E0B',
[2026-06-14T19:34:55.650Z] [1]   '--color-error': '#EF4444'
[2026-06-14T19:34:55.650Z] [1] }
[2026-06-14T19:34:55.733Z] [1] λ  WARN  props.pointerEvents is deprecated. Use style.pointerEvents
[2026-06-14T19:34:55.754Z] [1] Web node_modules/expo-router/entry.js ░░░░░░░░░░░░░░░░  0.0% (0/1)
[2026-06-14T19:34:55.754Z] [1] Web node_modules/expo-router/entry.js ░░░░░░░░░░░░░░░░  0.0% (0/1)
[2026-06-14T19:34:55.901Z] [1] λ  LOG  { colorScheme: 'light', setColorScheme: [Function (anonymous)] } {
[2026-06-14T19:34:55.901Z] [1]   '--color-primary': '#001A3D',
[2026-06-14T19:34:55.901Z] [1]   '--color-background': '#F8F9FA',
[2026-06-14T19:34:55.901Z] [1]   '--color-surface': '#FFFFFF',
[2026-06-14T19:34:55.901Z] [1]   '--color-foreground': '#0A0F1A',
[2026-06-14T19:34:55.901Z] [1]   '--color-muted': '#6B7280',
[2026-06-14T19:34:55.901Z] [1]   '--color-border': '#E5E7EB',
[2026-06-14T19:34:55.901Z] [1]   '--color-success': '#22C55E',
[2026-06-14T19:34:55.901Z] [1]   '--color-warning': '#F59E0B',
[2026-06-14T19:34:55.901Z] [1]   '--color-error': '#EF4444'
[2026-06-14T19:34:55.901Z] [1] }
[2026-06-14T19:34:55.976Z] [1] λ  WARN  props.pointerEvents is deprecated. Use style.pointerEvents
[2026-06-14T19:34:55.993Z] [1] Web node_modules/expo-router/entry.js ░░░░░░░░░░░░░░░░  0.0% (0/1)
[2026-06-14T19:34:55.993Z] [1] Web node_modules/expo-router/entry.js ░░░░░░░░░░░░░░░░  0.0% (0/1)
[2026-06-14T19:34:56.003Z] [1] Web Bundled 1519ms node_modules/expo-router/entry.js (1 module)
[2026-06-14T19:34:56.067Z] [1] Web Bundled 1508ms node_modules/expo-router/entry.js (1 module)
[2026-06-14T19:34:56.404Z] [1] Web Bundled 57ms node_modules/expo-router/entry.js (1 module)
[2026-06-14T19:34:58.793Z] [1] EXPO_USE_METRO_WORKSPACE_ROOT is enabled by default, use EXPO_NO_METRO_WORKSPACE_ROOT instead to disable.
[2026-06-14T19:34:58.795Z] [1] EXPO_USE_METRO_WORKSPACE_ROOT is enabled by default, use EXPO_NO_METRO_WORKSPACE_ROOT instead to disable.
[2026-06-14T19:34:58.957Z] [1] λ Bundled 39ms node_modules/expo-router/node/render.js (1 module)
[2026-06-14T19:34:59.114Z] [1]
[2026-06-14T19:34:59.115Z] λ  LOG  { colorScheme: 'light', setColorScheme: [Function (anonymous)] } {
[2026-06-14T19:34:59.115Z] [1]   '--color-primary': '#001A3D',
[2026-06-14T19:34:59.115Z] [1]   '--color-background': '#F8F9FA',
[2026-06-14T19:34:59.115Z] [1]   '--color-surface': '#FFFFFF',
[2026-06-14T19:34:59.115Z] [1]   '--color-foreground': '#0A0F1A',
[2026-06-14T19:34:59.115Z] [1]   '--color-muted': '#6B7280',
[2026-06-14T19:34:59.115Z] [1]   '--color-border': '#E5E7EB',
[2026-06-14T19:34:59.115Z] [1]   '--color-success': '#22C55E',
[2026-06-14T19:34:59.115Z] [1]   '--color-warning': '#F59E0B',
[2026-06-14T19:34:59.115Z] [1]   '--color-error': '#EF4444'
[2026-06-14T19:34:59.115Z] [1] }
[2026-06-14T19:34:59.175Z] [1] λ  WARN  props.pointerEvents is deprecated. Use style.pointerEvents
[2026-06-14T19:34:59.190Z] [1] Web node_modules/expo-router/entry.js ░░░░░░░░░░░░░░░░  0.0% (0/1)
[2026-06-14T19:34:59.250Z] [1] Web Bundled 454ms node_modules/expo-router/entry.js (1 module)
[2026-06-14T19:35:00.498Z] [1] Web Bundled 52ms node_modules/expo-router/entry.js (1 module)
[2026-06-14T19:35:03.293Z] [1]  LOG  [web] Logs will appear in the browser console
[2026-06-14T19:35:49.840Z] [1] EXPO_USE_METRO_WORKSPACE_ROOT is enabled by default, use EXPO_NO_METRO_WORKSPACE_ROOT instead to disable.
[2026-06-14T19:35:49.842Z] [1] EXPO_USE_METRO_WORKSPACE_ROOT is enabled by default, use EXPO_NO_METRO_WORKSPACE_ROOT instead to disable.
[2026-06-14T19:35:49.844Z] [1] Web node_modules/expo-router/entry.js ░░░░░░░░░░░░░░░░  0.0% (0/1)
[2026-06-14T19:35:50.314Z] [1] λ Bundled 469ms node_modules/expo-router/node/render.js (1 module)
[2026-06-14T19:35:50.977Z] [1] λ  LOG  { colorScheme: 'light', setColorScheme: [Function (anonymous)] } {
[2026-06-14T19:35:50.977Z] [1]   '--color-primary': '#001A3D',
[2026-06-14T19:35:50.977Z] [1]   '--color-background': '#F8F9FA',
[2026-06-14T19:35:50.977Z] [1]   '--color-surface': '#FFFFFF',
[2026-06-14T19:35:50.977Z] [1]   '--color-foreground': '#0A0F1A',
[2026-06-14T19:35:50.977Z] [1]   '--color-muted': '#6B7280',
[2026-06-14T19:35:50.977Z] [1]   '--color-border': '#E5E7EB',
[2026-06-14T19:35:50.977Z] [1]   '--color-success': '#22C55E',
[2026-06-14T19:35:50.977Z] [1]   '--color-warning': '#F59E0B',
[2026-06-14T19:35:50.977Z] [1]   '--color-error': '#EF4444'
[2026-06-14T19:35:50.977Z] [1] }
[2026-06-14T19:35:51.070Z] [1] λ  WARN  props.pointerEvents is deprecated. Use style.pointerEvents
[2026-06-14T19:35:51.091Z] [1]
[2026-06-14T19:35:51.091Z] Web node_modules/expo-router/entry.js ░░░░░░░░░░░░░░░░  0.0% (0/1)
[2026-06-14T19:35:51.095Z] [1] Web Bundled 1252ms node_modules/expo-router/entry.js (1 module)
[2026-06-14T19:35:51.463Z] [1] Web Bundled 57ms node_modules/expo-router/entry.js (1 module)
[2026-06-14T19:35:53.561Z] ELIFECYCLE  Command failed.
[2026-06-14T19:35:53.580Z] [1]
[2026-06-14T19:35:53.585Z] ELIFECYCLE  Command failed.
[2026-06-14T19:35:53.585Z] [0]
[2026-06-14T19:35:53.585Z] ELIFECYCLE  Command failed.
[2026-06-14T19:35:53.594Z] [0] 7:35:53 PM [tsx] Previous process hasn't exited yet. Force killing...
[2026-06-14T19:35:53.621Z] [0] pnpm dev:server exited with code SIGTERM
[2026-06-14T19:35:53.621Z] --> Sending SIGTERM to other processes..
[2026-06-14T19:35:54.518Z] [1] pnpm dev:metro exited with code SIGTERM
[2026-06-14T19:35:55.188Z] Lockfile is up to date, resolution step is skipped
[2026-06-14T19:35:55.587Z] Dev server exited with code -1
[2026-06-14T19:35:56.610Z] Starting dev server with command: pnpm run dev
[2026-06-14T19:35:57.929Z] > app-template@1.0.0 dev /home/ubuntu/aldwych-mobile-app
[2026-06-14T19:35:57.929Z] > concurrently -k "pnpm dev:server" "pnpm dev:metro"
[2026-06-14T19:35:58.717Z] [0]
[2026-06-14T19:35:58.717Z] [0] > app-template@1.0.0 dev:server /home/ubuntu/aldwych-mobile-app
[2026-06-14T19:35:58.717Z] [0] > cross-env NODE_ENV=development tsx watch server/_core/index.ts
[2026-06-14T19:35:58.717Z] [0]
[2026-06-14T19:35:58.724Z] [1]
[2026-06-14T19:35:58.724Z] [1] > app-template@1.0.0 dev:metro /home/ubuntu/aldwych-mobile-app
[2026-06-14T19:35:58.724Z] [1] > cross-env EXPO_USE_METRO_WORKSPACE_ROOT=1 npx expo start --web --port ${EXPO_PORT:-8081}
[2026-06-14T19:35:58.724Z] [1]
[2026-06-14T19:35:59.485Z] [1] Starting project at /home/ubuntu/aldwych-mobile-app
[2026-06-14T19:35:59.968Z] [1] EXPO_USE_METRO_WORKSPACE_ROOT is enabled by default, use EXPO_NO_METRO_WORKSPACE_ROOT instead to disable.
[2026-06-14T19:36:00.344Z] [1] EXPO_USE_METRO_WORKSPACE_ROOT is enabled by default, use EXPO_NO_METRO_WORKSPACE_ROOT instead to disable.
[2026-06-14T19:36:00.345Z] [1] EXPO_USE_METRO_WORKSPACE_ROOT is enabled by default, use EXPO_NO_METRO_WORKSPACE_ROOT instead to disable.
[2026-06-14T19:36:00.345Z] [1]
[2026-06-14T19:36:00.346Z] EXPO_USE_METRO_WORKSPACE_ROOT is enabled by default, use EXPO_NO_METRO_WORKSPACE_ROOT instead to disable.
[2026-06-14T19:36:00.651Z] [1] React Compiler enabled
[2026-06-14T19:36:00.819Z] [1] Starting Metro Bundler
[2026-06-14T19:36:00.855Z] [1] EXPO_USE_METRO_WORKSPACE_ROOT is enabled by default, use EXPO_NO_METRO_WORKSPACE_ROOT instead to disable.
[2026-06-14T19:36:02.451Z] [0] [OAuth] Initialized with baseURL: https://api.manus.im
[2026-06-14T19:36:02.585Z] [0] [api] server listening on port 3000
[2026-06-14T19:36:09.283Z] [1] EXPO_USE_METRO_WORKSPACE_ROOT is enabled by default, use EXPO_NO_METRO_WORKSPACE_ROOT instead to disable.
[2026-06-14T19:36:09.285Z] [1] EXPO_USE_METRO_WORKSPACE_ROOT is enabled by default, use EXPO_NO_METRO_WORKSPACE_ROOT instead to disable.
[2026-06-14T19:36:09.298Z] [1] Web node_modules/expo-router/entry.js ░░░░░░░░░░░░░░░░  0.0% (0/1)
[2026-06-14T19:36:11.288Z] [1] | Browserslist: browsers data (caniuse-lite) is 6 months old. Please run:
[2026-06-14T19:36:11.328Z] [1] |   npx update-browserslist-db@latest
[2026-06-14T19:36:11.328Z] [1] |   Why you should do it regularly: https://github.com/browserslist/update-db#readme
[2026-06-14T19:36:12.269Z] [1] The following packages should be updated for best compatibility with the installed expo version:
[2026-06-14T19:36:12.269Z] [1]   expo@54.0.29 - expected version: ~54.0.35
[2026-06-14T19:36:12.269Z] [1]
[2026-06-14T19:36:12.269Z] expo-audio@1.1.0 - expected version: ~1.1.1
[2026-06-14T19:36:12.269Z] [1]   expo-constants@18.0.12 - expected version: ~18.0.13
[2026-06-14T19:36:12.269Z] [1]   expo-font@14.0.10 - expected version: ~14.0.12
[2026-06-14T19:36:12.269Z] [1]   expo-linking@8.0.10 - expected version: ~8.0.12
[2026-06-14T19:36:12.269Z] [1]
[2026-06-14T19:36:12.269Z] expo-notifications@0.32.15 - expected version: ~0.32.17
[2026-06-14T19:36:12.269Z] [1]
[2026-06-14T19:36:12.269Z] expo-router@6.0.19 - expected version: ~6.0.24
[2026-06-14T19:36:12.270Z] [1]   expo-splash-screen@31.0.12 - expected version: ~31.0.13
[2026-06-14T19:36:12.270Z] [1]   expo-video@3.0.15 - expected version: ~3.0.16
[2026-06-14T19:36:12.270Z] [1]   expo-web-browser@15.0.10 - expected version: ~15.0.11
[2026-06-14T19:36:12.270Z] [1] Your project may not work correctly until you install the expected versions of the packages.
[2026-06-14T19:36:12.278Z] [1] Waiting on http://localhost:8081
[2026-06-14T19:36:12.278Z] [1] Logs for your project will appear below.
[2026-06-14T19:36:12.278Z] [1] Web node_modules/expo-router/entry.js ▓▓▓▓▓▓▓▓▓▓▓▓▓▓▓░ 95.3% (1283/1314)
[2026-06-14T19:36:12.278Z] [1] λ node_modules/expo-router/node/render.js ▓▓▓▓▓▓▓▓▓▓▓▓▓▓░░ 89.4% (1150/1216)
[2026-06-14T19:36:12.418Z] [1] λ Bundled 3119ms node_modules/expo-router/node/render.js (1216 modules)
[2026-06-14T19:36:14.474Z] [1] λ  LOG  { colorScheme: 'light', setColorScheme: [Function (anonymous)] } {
[2026-06-14T19:36:14.474Z] [1]   '--color-primary': '#001A3D',
[2026-06-14T19:36:14.474Z] [1]   '--color-background': '#F8F9FA',
[2026-06-14T19:36:14.474Z] [1]   '--color-surface': '#FFFFFF',
[2026-06-14T19:36:14.474Z] [1]   '--color-foreground': '#0A0F1A',
[2026-06-14T19:36:14.474Z] [1]   '--color-muted': '#6B7280',
[2026-06-14T19:36:14.475Z] [1]   '--color-border': '#E5E7EB',
[2026-06-14T19:36:14.475Z] [1]   '--color-success': '#22C55E',
[2026-06-14T19:36:14.475Z] [1]   '--color-warning': '#F59E0B',
[2026-06-14T19:36:14.475Z] [1]   '--color-error': '#EF4444'
[2026-06-14T19:36:14.475Z] [1] }
[2026-06-14T19:36:14.578Z] [1] λ  WARN  props.pointerEvents is deprecated. Use style.pointerEvents
[2026-06-14T19:36:14.604Z] [1] Web node_modules/expo-router/entry.js ▓▓▓▓▓▓▓▓▓▓▓▓▓▓▓░ 98.8% (1369/1377)
[2026-06-14T19:36:14.623Z] [1] EXPO_USE_METRO_WORKSPACE_ROOT is enabled by default, use EXPO_NO_METRO_WORKSPACE_ROOT instead to disable.
[2026-06-14T19:36:14.625Z] [1] EXPO_USE_METRO_WORKSPACE_ROOT is enabled by default, use EXPO_NO_METRO_WORKSPACE_ROOT instead to disable.
[2026-06-14T19:36:14.691Z] [1] λ Bundled 64ms node_modules/expo-router/node/render.js (1 module)
[2026-06-14T19:36:14.993Z] [1] λ  LOG  { colorScheme: 'light', setColorScheme: [Function (anonymous)] } {
[2026-06-14T19:36:14.993Z] [1]   '--color-primary': '#001A3D',
[2026-06-14T19:36:14.993Z] [1]   '--color-background': '#F8F9FA',
[2026-06-14T19:36:14.993Z] [1]   '--color-surface': '#FFFFFF',
[2026-06-14T19:36:14.993Z] [1]   '--color-foreground': '#0A0F1A',
[2026-06-14T19:36:14.993Z] [1]   '--color-muted': '#6B7280',
[2026-06-14T19:36:14.993Z] [1]   '--color-border': '#E5E7EB',
[2026-06-14T19:36:14.993Z] [1]   '--color-success': '#22C55E',
[2026-06-14T19:36:14.993Z] [1]   '--color-warning': '#F59E0B',
[2026-06-14T19:36:14.993Z] [1]   '--color-error': '#EF4444'
[2026-06-14T19:36:14.993Z] [1] }
[2026-06-14T19:36:15.054Z] [1] λ  WARN  props.pointerEvents is deprecated. Use style.pointerEvents
[2026-06-14T19:36:15.070Z] [1] Web node_modules/expo-router/entry.js ▓▓▓▓▓▓▓▓▓▓▓▓▓▓▓░ 98.8% (0/1)
[2026-06-14T19:36:15.070Z] [1] Web node_modules/expo-router/entry.js ░░░░░░░░░░░░░░░░  0.0% (0/1)
[2026-06-14T19:36:15.097Z] [1] Web Bundled 5801ms node_modules/expo-router/entry.js (1 module)
[2026-06-14T19:36:15.166Z] [1] Web Bundled 506ms node_modules/expo-router/entry.js (1 module)
[2026-06-14T19:36:17.105Z] [1] Web Bundled 1925ms node_modules/expo-router/entry.js (1363 modules)
[2026-06-14T19:36:17.552Z] [1]  LOG  [web] Logs will appear in the browser console
[2026-06-14T19:36:24.364Z] [1] EXPO_USE_METRO_WORKSPACE_ROOT is enabled by default, use EXPO_NO_METRO_WORKSPACE_ROOT instead to disable.
[2026-06-14T19:36:24.366Z] [1] EXPO_USE_METRO_WORKSPACE_ROOT is enabled by default, use EXPO_NO_METRO_WORKSPACE_ROOT instead to disable.
[2026-06-14T19:36:24.368Z] [1] Web node_modules/expo-router/entry.js ░░░░░░░░░░░░░░░░  0.0% (0/1)
[2026-06-14T19:36:24.686Z] [1] λ Bundled 317ms node_modules/expo-router/node/render.js (1 module)
[2026-06-14T19:36:25.301Z] [1] λ  LOG  { colorScheme: 'light', setColorScheme: [Function (anonymous)] } {
[2026-06-14T19:36:25.301Z] [1]   '--color-primary': '#001A3D',
[2026-06-14T19:36:25.301Z] [1]   '--color-background': '#F8F9FA',
[2026-06-14T19:36:25.301Z] [1]   '--color-surface': '#FFFFFF',
[2026-06-14T19:36:25.301Z] [1]   '--color-foreground': '#0A0F1A',
[2026-06-14T19:36:25.301Z] [1]   '--color-muted': '#6B7280',
[2026-06-14T19:36:25.301Z] [1]   '--color-border': '#E5E7EB',
[2026-06-14T19:36:25.301Z] [1]   '--color-success': '#22C55E',
[2026-06-14T19:36:25.301Z] [1]   '--color-warning': '#F59E0B',
[2026-06-14T19:36:25.301Z] [1]   '--color-error': '#EF4444'
[2026-06-14T19:36:25.301Z] [1] }
[2026-06-14T19:36:25.385Z] [1] λ  WARN  props.pointerEvents is deprecated. Use style.pointerEvents
[2026-06-14T19:36:25.411Z] [1] Web node_modules/expo-router/entry.js ░░░░░░░░░░░░░░░░  0.0% (0/1)
[2026-06-14T19:36:25.419Z] [1] Web Bundled 1051ms node_modules/expo-router/entry.js (1 module)
[2026-06-14T19:36:25.786Z] [1] Web Bundled 61ms node_modules/expo-router/entry.js (1 module)
[2026-06-14T19:36:28.592Z] ELIFECYCLE  Command failed.
[2026-06-14T19:36:28.609Z] [1]  ELIFECYCLE  Command failed.
[2026-06-14T19:36:28.609Z] [0]  ELIFECYCLE  Command failed.
[2026-06-14T19:36:28.613Z] [0] 7:36:28 PM [tsx] Previous process hasn't exited yet. Force killing...
[2026-06-14T19:36:28.647Z] [0] pnpm dev:server exited with code SIGTERM
[2026-06-14T19:36:28.647Z] -->
[2026-06-14T19:36:28.647Z] Sending SIGTERM to other processes..
[2026-06-14T19:36:29.109Z] [1]  LOG  [web] Logs will appear in the browser console
[2026-06-14T19:36:29.190Z] [1] pnpm dev:metro exited with code SIGTERM
[2026-06-14T19:36:30.025Z] Lockfile is up to date, resolution step is skipped
[2026-06-14T19:36:30.555Z] Progress: resolved 0, reused 1, downloaded 0, added 0
[2026-06-14T19:36:30.619Z] Dev server exited with code -1
[2026-06-14T19:36:31.639Z] Starting dev server with command: pnpm run dev
[2026-06-14T19:36:32.974Z] > app-template@1.0.0 dev /home/ubuntu/aldwych-mobile-app
[2026-06-14T19:36:32.974Z] > concurrently -k "pnpm dev:server" "pnpm dev:metro"
[2026-06-14T19:36:33.784Z] [0]
[2026-06-14T19:36:33.784Z] [0] > app-template@1.0.0 dev:server /home/ubuntu/aldwych-mobile-app
[2026-06-14T19:36:33.784Z] [0] > cross-env NODE_ENV=development tsx watch server/_core/index.ts
[2026-06-14T19:36:33.784Z] [0]
[2026-06-14T19:36:33.815Z] [1]
[2026-06-14T19:36:33.815Z] [1] > app-template@1.0.0 dev:metro /home/ubuntu/aldwych-mobile-app
[2026-06-14T19:36:33.815Z] [1] > cross-env EXPO_USE_METRO_WORKSPACE_ROOT=1 npx expo start --web --port ${EXPO_PORT:-8081}
[2026-06-14T19:36:33.815Z] [1]
[2026-06-14T19:36:34.592Z] [1] Starting project at /home/ubuntu/aldwych-mobile-app
[2026-06-14T19:36:35.112Z] [1] EXPO_USE_METRO_WORKSPACE_ROOT is enabled by default, use EXPO_NO_METRO_WORKSPACE_ROOT instead to disable.
[2026-06-14T19:36:35.498Z] [1] EXPO_USE_METRO_WORKSPACE_ROOT is enabled by default, use EXPO_NO_METRO_WORKSPACE_ROOT instead to disable.
[2026-06-14T19:36:35.498Z] [1] EXPO_USE_METRO_WORKSPACE_ROOT is enabled by default, use EXPO_NO_METRO_WORKSPACE_ROOT instead to disable.
[2026-06-14T19:36:35.499Z] [1] EXPO_USE_METRO_WORKSPACE_ROOT is enabled by default, use EXPO_NO_METRO_WORKSPACE_ROOT instead to disable.
[2026-06-14T19:36:35.782Z] [1] React Compiler enabled
[2026-06-14T19:36:35.931Z] [1] Starting Metro Bundler
[2026-06-14T19:36:35.965Z] [1] EXPO_USE_METRO_WORKSPACE_ROOT is enabled by default, use EXPO_NO_METRO_WORKSPACE_ROOT instead to disable.
[2026-06-14T19:36:36.254Z] [1] The following packages should be updated for best compatibility with the installed expo version:
[2026-06-14T19:36:36.254Z] [1]   expo@54.0.29 - expected version: ~54.0.35
[2026-06-14T19:36:36.254Z] [1]   expo-audio@1.1.0 - expected version: ~1.1.1
[2026-06-14T19:36:36.255Z] [1]
[2026-06-14T19:36:36.255Z] expo-constants@18.0.12 - expected version: ~18.0.13
[2026-06-14T19:36:36.255Z] [1]
[2026-06-14T19:36:36.255Z] expo-font@14.0.10 - expected version: ~14.0.12
[2026-06-14T19:36:36.255Z] [1]   expo-linking@8.0.10 - expected version: ~8.0.12
[2026-06-14T19:36:36.255Z] [1]   expo-notifications@0.32.15 - expected version: ~0.32.17
[2026-06-14T19:36:36.258Z] [1]   expo-router@6.0.19 - expected version: ~6.0.24
[2026-06-14T19:36:36.258Z] [1]   expo-splash-screen@31.0.12 - expected version: ~31.0.13
[2026-06-14T19:36:36.258Z] [1]   expo-video@3.0.15 - expected version: ~3.0.16
[2026-06-14T19:36:36.258Z] [1]   expo-web-browser@15.0.10 - expected version: ~15.0.11
[2026-06-14T19:36:36.258Z] [1] Your project may not work correctly until you install the expected versions of the packages.
[2026-06-14T19:36:36.262Z] [1] Waiting on http://localhost:8081
[2026-06-14T19:36:36.262Z] [1] Logs for your project will appear below.
[2026-06-14T19:36:36.532Z] [1] EXPO_USE_METRO_WORKSPACE_ROOT is enabled by default, use EXPO_NO_METRO_WORKSPACE_ROOT instead to disable.
[2026-06-14T19:36:36.536Z] [1] EXPO_USE_METRO_WORKSPACE_ROOT is enabled by default, use EXPO_NO_METRO_WORKSPACE_ROOT instead to disable.
[2026-06-14T19:36:37.728Z] [0] [OAuth] Initialized with baseURL: https://api.manus.im
[2026-06-14T19:36:37.867Z] [0] [api] server listening on port 3000
[2026-06-14T19:36:42.752Z] [1]
[2026-06-14T19:36:42.752Z] Web node_modules/expo-router/entry.js ░░░░░░░░░░░░░░░░  0.0% (0/1)
[2026-06-14T19:36:42.752Z] [1] λ node_modules/expo-router/node/render.js ░░░░░░░░░░░░░░░░  0.0% (0/1)
[2026-06-14T19:36:45.507Z] [1] λ Bundled 2778ms node_modules/expo-router/node/render.js (1332 modules)
[2026-06-14T19:36:47.463Z] [1] λ  LOG  { colorScheme: 'light', setColorScheme: [Function (anonymous)] } {
[2026-06-14T19:36:47.464Z] [1]   '--color-primary': '#001A3D',
[2026-06-14T19:36:47.464Z] [1]   '--color-background': '#F8F9FA',
[2026-06-14T19:36:47.464Z] [1]   '--color-surface': '#FFFFFF',
[2026-06-14T19:36:47.464Z] [1]   '--color-foreground': '#0A0F1A',
[2026-06-14T19:36:47.464Z] [1]   '--color-muted': '#6B7280',
[2026-06-14T19:36:47.464Z] [1]   '--color-border': '#E5E7EB',
[2026-06-14T19:36:47.464Z] [1]   '--color-success': '#22C55E',
[2026-06-14T19:36:47.464Z] [1]   '--color-warning': '#F59E0B',
[2026-06-14T19:36:47.464Z] [1]   '--color-error': '#EF4444'
[2026-06-14T19:36:47.464Z] [1] }
[2026-06-14T19:36:47.568Z] [1] λ  WARN  props.pointerEvents is deprecated. Use style.pointerEvents
[2026-06-14T19:36:47.597Z] [1] Web node_modules/expo-router/entry.js ▓▓▓▓▓▓▓▓▓▓▓▓▓▓▓░ 97.1% (1351/1371)
[2026-06-14T19:36:47.623Z] [1] EXPO_USE_METRO_WORKSPACE_ROOT is enabled by default, use EXPO_NO_METRO_WORKSPACE_ROOT instead to disable.
[2026-06-14T19:36:47.625Z] [1] EXPO_USE_METRO_WORKSPACE_ROOT is enabled by default, use EXPO_NO_METRO_WORKSPACE_ROOT instead to disable.
[2026-06-14T19:36:47.817Z] [1] λ Bundled 61ms node_modules/expo-router/node/render.js (1 module)
[2026-06-14T19:36:47.976Z] [1] λ  LOG  { colorScheme: 'light', setColorScheme: [Function (anonymous)] } {
[2026-06-14T19:36:47.976Z] [1]   '--color-primary': '#001A3D',
[2026-06-14T19:36:47.976Z] [1]   '--color-background': '#F8F9FA',
[2026-06-14T19:36:47.976Z] [1]   '--color-surface': '#FFFFFF',
[2026-06-14T19:36:47.976Z] [1]   '--color-foreground': '#0A0F1A',
[2026-06-14T19:36:47.976Z] [1]   '--color-muted': '#6B7280',
[2026-06-14T19:36:47.976Z] [1]   '--color-border': '#E5E7EB',
[2026-06-14T19:36:47.976Z] [1]   '--color-success': '#22C55E',
[2026-06-14T19:36:47.976Z] [1]   '--color-warning': '#F59E0B',
[2026-06-14T19:36:47.976Z] [1]   '--color-error': '#EF4444'
[2026-06-14T19:36:47.976Z] [1] }
[2026-06-14T19:36:48.045Z] [1] λ  WARN  props.pointerEvents is deprecated. Use style.pointerEvents
[2026-06-14T19:36:48.060Z] [1] Web node_modules/expo-router/entry.js ▓▓▓▓▓▓▓▓▓▓▓▓▓▓▓░ 97.1% (0/1)
[2026-06-14T19:36:48.061Z] [1] Web node_modules/expo-router/entry.js ░░░░░░░░░░░░░░░░  0.0% (0/1)
[2026-06-14T19:36:48.093Z] [1] Web Bundled 5365ms node_modules/expo-router/entry.js (1 module)
[2026-06-14T19:36:48.171Z] [1] Web Bundled 503ms node_modules/expo-router/entry.js (1 module)
[2026-06-14T19:36:49.606Z] [1] EXPO_USE_METRO_WORKSPACE_ROOT is enabled by default, use EXPO_NO_METRO_WORKSPACE_ROOT instead to disable.
[2026-06-14T19:36:49.608Z] [1] EXPO_USE_METRO_WORKSPACE_ROOT is enabled by default, use EXPO_NO_METRO_WORKSPACE_ROOT instead to disable.
[2026-06-14T19:36:49.894Z] [1] λ Bundled 153ms node_modules/expo-router/node/render.js (1 module)
[2026-06-14T19:36:50.073Z] [1] λ  LOG  { colorScheme: 'light', setColorScheme: [Function (anonymous)] } {
[2026-06-14T19:36:50.073Z] [1]   '--color-primary': '#001A3D',
[2026-06-14T19:36:50.073Z] [1]   '--color-background': '#F8F9FA',
[2026-06-14T19:36:50.074Z] [1]   '--color-surface': '#FFFFFF',
[2026-06-14T19:36:50.074Z] [1]   '--color-foreground': '#0A0F1A',
[2026-06-14T19:36:50.074Z] [1]   '--color-muted': '#6B7280',
[2026-06-14T19:36:50.074Z] [1]   '--color-border': '#E5E7EB',
[2026-06-14T19:36:50.074Z] [1]   '--color-success': '#22C55E',
[2026-06-14T19:36:50.074Z] [1]   '--color-warning': '#F59E0B',
[2026-06-14T19:36:50.074Z] [1]   '--color-error': '#EF4444'
[2026-06-14T19:36:50.074Z] [1] }
[2026-06-14T19:36:50.137Z] [1] λ  WARN  props.pointerEvents is deprecated. Use style.pointerEvents
[2026-06-14T19:36:50.160Z] [1] Web node_modules/expo-router/entry.js ▓▓▓▓▓▓▓▓▓▓▓▓▓░░░ 85.9% (1080/1165)
[2026-06-14T19:36:50.160Z] [1] Web node_modules/expo-router/entry.js ░░░░░░░░░░░░░░░░  0.0% (0/1)
[2026-06-14T19:36:50.407Z] [1] Web Bundled 2210ms node_modules/expo-router/entry.js (1285 modules)
[2026-06-14T19:36:50.440Z] [1] Web Bundled 804ms node_modules/expo-router/entry.js (1 module)
[2026-06-14T19:36:50.803Z] [1] Web Bundled 81ms node_modules/expo-router/entry.js (1 module)
[2026-06-14T19:36:51.012Z] [1]  LOG  [web] Logs will appear in the browser console
[2026-06-14T19:36:54.080Z] [1]  LOG  [web] Logs will appear in the browser console
[2026-06-14T19:36:58.502Z] [1] EXPO_USE_METRO_WORKSPACE_ROOT is enabled by default, use EXPO_NO_METRO_WORKSPACE_ROOT instead to disable.
[2026-06-14T19:36:58.504Z] [1] EXPO_USE_METRO_WORKSPACE_ROOT is enabled by default, use EXPO_NO_METRO_WORKSPACE_ROOT instead to disable.
[2026-06-14T19:36:58.505Z] [1] Web node_modules/expo-router/entry.js ░░░░░░░░░░░░░░░░  0.0% (0/1)
[2026-06-14T19:36:58.648Z] [1] λ Bundled 142ms node_modules/expo-router/node/render.js (1 module)
[2026-06-14T19:36:59.172Z] [1] λ  LOG  { colorScheme: 'light', setColorScheme: [Function (anonymous)] } {
[2026-06-14T19:36:59.172Z] [1]   '--color-primary': '#001A3D',
[2026-06-14T19:36:59.172Z] [1]   '--color-background': '#F8F9FA',
[2026-06-14T19:36:59.172Z] [1]   '--color-surface': '#FFFFFF',
[2026-06-14T19:36:59.172Z] [1]   '--color-foreground': '#0A0F1A',
[2026-06-14T19:36:59.172Z] [1]   '--color-muted': '#6B7280',
[2026-06-14T19:36:59.172Z] [1]   '--color-border': '#E5E7EB',
[2026-06-14T19:36:59.172Z] [1]   '--color-success': '#22C55E',
[2026-06-14T19:36:59.172Z] [1]   '--color-warning': '#F59E0B',
[2026-06-14T19:36:59.172Z] [1]   '--color-error': '#EF4444'
[2026-06-14T19:36:59.172Z] [1] }
[2026-06-14T19:36:59.255Z] [1] λ  WARN  props.pointerEvents is deprecated. Use style.pointerEvents
[2026-06-14T19:36:59.280Z] [1] Web node_modules/expo-router/entry.js ░░░░░░░░░░░░░░░░  0.0% (0/1)
[2026-06-14T19:36:59.413Z] [1] Web Bundled 907ms node_modules/expo-router/entry.js (1 module)
[2026-06-14T19:36:59.785Z] [1] Web Bundled 49ms node_modules/expo-router/entry.js (1 module)
[2026-06-14T19:37:02.192Z] ELIFECYCLE  Command failed.
[2026-06-14T19:37:02.211Z] [1]  ELIFECYCLE  Command failed.
[2026-06-14T19:37:02.211Z] [0]  ELIFECYCLE  Command failed.
[2026-06-14T19:37:02.213Z] [0] 7:37:02 PM [tsx] Previous process hasn't exited yet. Force killing...
[2026-06-14T19:37:02.233Z] [0] pnpm dev:server exited with code SIGTERM
[2026-06-14T19:37:02.233Z] --> Sending SIGTERM to other processes..
[2026-06-14T19:37:02.268Z] [1] pnpm dev:metro exited with code SIGTERM
[2026-06-14T19:37:03.636Z] Lockfile is up to date, resolution step is skipped
[2026-06-14T19:37:04.213Z] Dev server exited with code -1
[2026-06-14T19:37:05.237Z] Starting dev server with command: pnpm run dev
[2026-06-14T19:37:06.579Z] > app-template@1.0.0 dev /home/ubuntu/aldwych-mobile-app
[2026-06-14T19:37:06.579Z] > concurrently -k "pnpm dev:server" "pnpm dev:metro"
[2026-06-14T19:37:07.302Z] [0]
[2026-06-14T19:37:07.302Z] [0] > app-template@1.0.0 dev:server /home/ubuntu/aldwych-mobile-app
[2026-06-14T19:37:07.302Z] [0] > cross-env NODE_ENV=development tsx watch server/_core/index.ts
[2026-06-14T19:37:07.302Z] [0]
[2026-06-14T19:37:07.332Z] [1]
[2026-06-14T19:37:07.332Z] [1] > app-template@1.0.0 dev:metro /home/ubuntu/aldwych-mobile-app
[2026-06-14T19:37:07.332Z] [1] > cross-env EXPO_USE_METRO_WORKSPACE_ROOT=1 npx expo start --web --port ${EXPO_PORT:-8081}
[2026-06-14T19:37:07.332Z] [1]
[2026-06-14T19:37:08.139Z] [1] Starting project at /home/ubuntu/aldwych-mobile-app
[2026-06-14T19:37:08.706Z] [1]
[2026-06-14T19:37:08.706Z] EXPO_USE_METRO_WORKSPACE_ROOT is enabled by default, use EXPO_NO_METRO_WORKSPACE_ROOT instead to disable.
[2026-06-14T19:37:09.143Z] [1]
[2026-06-14T19:37:09.144Z] EXPO_USE_METRO_WORKSPACE_ROOT is enabled by default, use EXPO_NO_METRO_WORKSPACE_ROOT instead to disable.
[2026-06-14T19:37:09.144Z] [1] EXPO_USE_METRO_WORKSPACE_ROOT is enabled by default, use EXPO_NO_METRO_WORKSPACE_ROOT instead to disable.
[2026-06-14T19:37:09.145Z] [1] EXPO_USE_METRO_WORKSPACE_ROOT is enabled by default, use EXPO_NO_METRO_WORKSPACE_ROOT instead to disable.
[2026-06-14T19:37:09.444Z] [1] React Compiler enabled
[2026-06-14T19:37:09.663Z] [1] Starting Metro Bundler
[2026-06-14T19:37:09.699Z] [1] EXPO_USE_METRO_WORKSPACE_ROOT is enabled by default, use EXPO_NO_METRO_WORKSPACE_ROOT instead to disable.
[2026-06-14T19:37:11.271Z] [0] [OAuth] Initialized with baseURL: https://api.manus.im
[2026-06-14T19:37:11.442Z] [0] [api] server listening on port 3000
[2026-06-14T19:37:15.440Z] [1] EXPO_USE_METRO_WORKSPACE_ROOT is enabled by default, use EXPO_NO_METRO_WORKSPACE_ROOT instead to disable.
[2026-06-14T19:37:15.442Z] [1] EXPO_USE_METRO_WORKSPACE_ROOT is enabled by default, use EXPO_NO_METRO_WORKSPACE_ROOT instead to disable.
[2026-06-14T19:37:16.451Z] [1]
[2026-06-14T19:37:16.451Z] Web node_modules/expo-router/entry.js ░░░░░░░░░░░░░░░░  0.0% (0/1)
[2026-06-14T19:37:16.451Z] [1] λ node_modules/expo-router/node/render.js ░░░░░░░░░░░░░░░░  0.0% (0/1)
[2026-06-14T19:37:16.460Z] [1] The following packages should be updated for best compatibility with the installed expo version:
[2026-06-14T19:37:16.463Z] [1]   expo@54.0.29 - expected version: ~54.0.35
[2026-06-14T19:37:16.463Z] [1]   expo-audio@1.1.0 - expected version: ~1.1.1
[2026-06-14T19:37:16.463Z] [1]   expo-constants@18.0.12 - expected version: ~18.0.13
[2026-06-14T19:37:16.463Z] [1]   expo-font@14.0.10 - expected version: ~14.0.12
[2026-06-14T19:37:16.463Z] [1]   expo-linking@8.0.10 - expected version: ~8.0.12
[2026-06-14T19:37:16.463Z] [1]   expo-notifications@0.32.15 - expected version: ~0.32.17
[2026-06-14T19:37:16.463Z] [1]   expo-router@6.0.19 - expected version: ~6.0.24
[2026-06-14T19:37:16.463Z] [1]   expo-splash-screen@31.0.12 - expected version: ~31.0.13
[2026-06-14T19:37:16.463Z] [1]   expo-video@3.0.15 - expected version: ~3.0.16
[2026-06-14T19:37:16.463Z] [1]   expo-web-browser@15.0.10 - expected version: ~15.0.11
[2026-06-14T19:37:16.463Z] [1] Your project may not work correctly until you install the expected versions of the packages.
[2026-06-14T19:37:16.469Z] [1] Waiting on http://localhost:8081
[2026-06-14T19:37:16.469Z] [1] Logs for your project will appear below.
[2026-06-14T19:37:16.469Z] [1] Web node_modules/expo-router/entry.js ░░░░░░░░░░░░░░░░  0.0% (0/1)
[2026-06-14T19:37:16.469Z] [1] λ node_modules/expo-router/node/render.js ░░░░░░░░░░░░░░░░  0.0% (0/1)
[2026-06-14T19:37:16.693Z] [1] EXPO_USE_METRO_WORKSPACE_ROOT is enabled by default, use EXPO_NO_METRO_WORKSPACE_ROOT instead to disable.
[2026-06-14T19:37:16.695Z] [1] EXPO_USE_METRO_WORKSPACE_ROOT is enabled by default, use EXPO_NO_METRO_WORKSPACE_ROOT instead to disable.
[2026-06-14T19:37:19.100Z] [1] λ Bundled 2682ms node_modules/expo-router/node/render.js (1259 modules)
[2026-06-14T19:37:20.930Z] [1] λ  LOG  { colorScheme: 'light', setColorScheme: [Function (anonymous)] } {
[2026-06-14T19:37:20.930Z] [1]   '--color-primary': '#001A3D',
[2026-06-14T19:37:20.930Z] [1]   '--color-background': '#F8F9FA',
[2026-06-14T19:37:20.930Z] [1]   '--color-surface': '#FFFFFF',
[2026-06-14T19:37:20.930Z] [1]   '--color-foreground': '#0A0F1A',
[2026-06-14T19:37:20.930Z] [1]   '--color-muted': '#6B7280',
[2026-06-14T19:37:20.930Z] [1]   '--color-border': '#E5E7EB',
[2026-06-14T19:37:20.930Z] [1]   '--color-success': '#22C55E',
[2026-06-14T19:37:20.930Z] [1]   '--color-warning': '#F59E0B',
[2026-06-14T19:37:20.930Z] [1]   '--color-error': '#EF4444'
[2026-06-14T19:37:20.930Z] [1] }
[2026-06-14T19:37:21.024Z] [1] λ  WARN  props.pointerEvents is deprecated. Use style.pointerEvents
[2026-06-14T19:37:21.051Z] [1] Web node_modules/expo-router/entry.js ▓▓▓▓▓▓▓▓▓▓▓▓▓▓▓░ 94.7% (0/1)
[2026-06-14T19:37:21.051Z] [1] Web node_modules/expo-router/entry.js ░░░░░░░░░░░░░░░░  0.0% (0/1)
[2026-06-14T19:37:21.051Z] [1] λ node_modules/expo-router/node/render.js ░░░░░░░░░░░░░░░░  0.0% (0/1)
[2026-06-14T19:37:21.070Z] [1] λ Bundled 4373ms node_modules/expo-router/node/render.js (1 module)
[2026-06-14T19:37:21.336Z] [1] λ  LOG  { colorScheme: 'light', setColorScheme: [Function (anonymous)] } {
[2026-06-14T19:37:21.336Z] [1]   '--color-primary': '#001A3D',
[2026-06-14T19:37:21.336Z] [1]   '--color-background': '#F8F9FA',
[2026-06-14T19:37:21.336Z] [1]   '--color-surface': '#FFFFFF',
[2026-06-14T19:37:21.336Z] [1]   '--color-foreground': '#0A0F1A',
[2026-06-14T19:37:21.336Z] [1]   '--color-muted': '#6B7280',
[2026-06-14T19:37:21.336Z] [1]   '--color-border': '#E5E7EB',
[2026-06-14T19:37:21.336Z] [1]   '--color-success': '#22C55E',
[2026-06-14T19:37:21.336Z] [1]   '--color-warning': '#F59E0B',
[2026-06-14T19:37:21.336Z] [1]   '--color-error': '#EF4444'
[2026-06-14T19:37:21.336Z] [1] }
[2026-06-14T19:37:21.398Z] [1] λ  WARN  props.pointerEvents is deprecated. Use style.pointerEvents
[2026-06-14T19:37:21.414Z] [1] Web node_modules/expo-router/entry.js ▓▓▓▓▓▓▓▓▓▓▓▓▓▓▓░ 94.7% (0/1)
[2026-06-14T19:37:21.414Z] [1] Web node_modules/expo-router/entry.js ░░░░░░░░░░░░░░░░  0.0% (0/1)
[2026-06-14T19:37:21.427Z] [1] Web Bundled 5011ms node_modules/expo-router/entry.js (1 module)
[2026-06-14T19:37:21.490Z] [1] Web Bundled 4762ms node_modules/expo-router/entry.js (1 module)
[2026-06-14T19:37:23.574Z] [1] | Browserslist: browsers data (caniuse-lite) is 6 months old. Please run:
[2026-06-14T19:37:23.611Z] [1] |   npx update-browserslist-db@latest
[2026-06-14T19:37:23.611Z] [1] |   Why you should do it regularly: https://github.com/browserslist/update-db#readme
[2026-06-14T19:37:23.841Z] [1] Web Bundled 2320ms node_modules/expo-router/entry.js (1384 modules)
[2026-06-14T19:37:24.293Z] [1]  LOG  [web] Logs will appear in the browser console
[2026-06-14T19:37:32.763Z] [1] EXPO_USE_METRO_WORKSPACE_ROOT is enabled by default, use EXPO_NO_METRO_WORKSPACE_ROOT instead to disable.
[2026-06-14T19:37:32.766Z] [1] EXPO_USE_METRO_WORKSPACE_ROOT is enabled by default, use EXPO_NO_METRO_WORKSPACE_ROOT instead to disable.
[2026-06-14T19:37:32.769Z] [1] Web node_modules/expo-router/entry.js ░░░░░░░░░░░░░░░░  0.0% (0/1)
[2026-06-14T19:37:33.120Z] [1] λ Bundled 350ms node_modules/expo-router/node/render.js (1 module)
[2026-06-14T19:37:33.650Z] [1] λ  LOG  { colorScheme: 'light', setColorScheme: [Function (anonymous)] } {
[2026-06-14T19:37:33.650Z] [1]   '--color-primary': '#001A3D',
[2026-06-14T19:37:33.650Z] [1]   '--color-background': '#F8F9FA',
[2026-06-14T19:37:33.650Z] [1]   '--color-surface': '#FFFFFF',
[2026-06-14T19:37:33.650Z] [1]   '--color-foreground': '#0A0F1A',
[2026-06-14T19:37:33.650Z] [1]   '--color-muted': '#6B7280',
[2026-06-14T19:37:33.650Z] [1]   '--color-border': '#E5E7EB',
[2026-06-14T19:37:33.651Z] [1]   '--color-success': '#22C55E',
[2026-06-14T19:37:33.651Z] [1]   '--color-warning': '#F59E0B',
[2026-06-14T19:37:33.651Z] [1]   '--color-error': '#EF4444'
[2026-06-14T19:37:33.651Z] [1] }
[2026-06-14T19:37:33.744Z] [1] λ  WARN  props.pointerEvents is deprecated. Use style.pointerEvents
[2026-06-14T19:37:33.772Z] [1] Web node_modules/expo-router/entry.js ░░░░░░░░░░░░░░░░  0.0% (0/1)
[2026-06-14T19:37:33.780Z] [1] Web Bundled 1011ms node_modules/expo-router/entry.js (1 module)
[2026-06-14T19:37:34.150Z] [1] Web Bundled 57ms node_modules/expo-router/entry.js (1 module)
[2026-06-14T19:37:36.701Z] ELIFECYCLE  Command failed.
[2026-06-14T19:37:36.706Z] [1]
[2026-06-14T19:37:36.706Z] ELIFECYCLE  Command failed.
[2026-06-14T19:37:36.706Z] [0]  ELIFECYCLE  Command failed.
[2026-06-14T19:37:36.762Z] [0] 7:37:36 PM [tsx] Previous process hasn't exited yet. Force killing...
[2026-06-14T19:37:36.790Z] [0] pnpm dev:server exited with code SIGTERM
[2026-06-14T19:37:36.790Z] -->
[2026-06-14T19:37:36.790Z] Sending SIGTERM to other processes..
[2026-06-14T19:37:37.494Z] [1] pnpm dev:metro exited with code SIGTERM
[2026-06-14T19:37:38.271Z] Lockfile is up to date, resolution step is skipped
[2026-06-14T19:37:38.719Z] Dev server exited with code -1
[2026-06-14T19:37:39.741Z] Starting dev server with command: pnpm run dev
[2026-06-14T19:37:40.978Z] > app-template@1.0.0 dev /home/ubuntu/aldwych-mobile-app
[2026-06-14T19:37:40.978Z] > concurrently -k "pnpm dev:server" "pnpm dev:metro"
[2026-06-14T19:37:41.749Z] [1]
[2026-06-14T19:37:41.749Z] [1] > app-template@1.0.0 dev:metro /home/ubuntu/aldwych-mobile-app
[2026-06-14T19:37:41.749Z] [1] > cross-env EXPO_USE_METRO_WORKSPACE_ROOT=1 npx expo start --web --port ${EXPO_PORT:-8081}
[2026-06-14T19:37:41.749Z] [1]
[2026-06-14T19:37:41.769Z] [0]
[2026-06-14T19:37:41.769Z] [0] > app-template@1.0.0 dev:server /home/ubuntu/aldwych-mobile-app
[2026-06-14T19:37:41.769Z] [0] > cross-env NODE_ENV=development tsx watch server/_core/index.ts
[2026-06-14T19:37:41.769Z] [0]
[2026-06-14T19:37:42.496Z] [1] Starting project at /home/ubuntu/aldwych-mobile-app
[2026-06-14T19:37:42.971Z] [1]
[2026-06-14T19:37:42.972Z] EXPO_USE_METRO_WORKSPACE_ROOT is enabled by default, use EXPO_NO_METRO_WORKSPACE_ROOT instead to disable.
[2026-06-14T19:37:43.349Z] [1]
[2026-06-14T19:37:43.349Z] EXPO_USE_METRO_WORKSPACE_ROOT is enabled by default, use EXPO_NO_METRO_WORKSPACE_ROOT instead to disable.
[2026-06-14T19:37:43.349Z] [1] EXPO_USE_METRO_WORKSPACE_ROOT is enabled by default, use EXPO_NO_METRO_WORKSPACE_ROOT instead to disable.
[2026-06-14T19:37:43.351Z] [1]
[2026-06-14T19:37:43.351Z] EXPO_USE_METRO_WORKSPACE_ROOT is enabled by default, use EXPO_NO_METRO_WORKSPACE_ROOT instead to disable.
[2026-06-14T19:37:43.663Z] [1] React Compiler enabled
[2026-06-14T19:37:43.816Z] [1] Starting Metro Bundler
[2026-06-14T19:37:43.858Z] [1] EXPO_USE_METRO_WORKSPACE_ROOT is enabled by default, use EXPO_NO_METRO_WORKSPACE_ROOT instead to disable.
[2026-06-14T19:37:44.140Z] [1] The following packages should be updated for best compatibility with the installed expo version:
[2026-06-14T19:37:44.141Z] [1]   expo@54.0.29 - expected version: ~54.0.35
[2026-06-14T19:37:44.141Z] [1]   expo-audio@1.1.0 - expected version: ~1.1.1
[2026-06-14T19:37:44.141Z] [1]   expo-constants@18.0.12 - expected version: ~18.0.13
[2026-06-14T19:37:44.141Z] [1]   expo-font@14.0.10 - expected version: ~14.0.12
[2026-06-14T19:37:44.141Z] [1]   expo-linking@8.0.10 - expected version: ~8.0.12
[2026-06-14T19:37:44.141Z] [1]   expo-notifications@0.32.15 - expected version: ~0.32.17
[2026-06-14T19:37:44.141Z] [1]   expo-router@6.0.19 - expected version: ~6.0.24
[2026-06-14T19:37:44.141Z] [1]   expo-splash-screen@31.0.12 - expected version: ~31.0.13
[2026-06-14T19:37:44.141Z] [1]   expo-video@3.0.15 - expected version: ~3.0.16
[2026-06-14T19:37:44.141Z] [1]   expo-web-browser@15.0.10 - expected version: ~15.0.11
[2026-06-14T19:37:44.141Z] [1] Your project may not work correctly until you install the expected versions of the packages.
[2026-06-14T19:37:44.158Z] [1] Waiting on http://localhost:8081
[2026-06-14T19:37:44.158Z] [1] Logs for your project will appear below.
[2026-06-14T19:37:44.414Z] [1] EXPO_USE_METRO_WORKSPACE_ROOT is enabled by default, use EXPO_NO_METRO_WORKSPACE_ROOT instead to disable.
[2026-06-14T19:37:44.416Z] [1] EXPO_USE_METRO_WORKSPACE_ROOT is enabled by default, use EXPO_NO_METRO_WORKSPACE_ROOT instead to disable.
[2026-06-14T19:37:45.612Z] [0] [OAuth] Initialized with baseURL: https://api.manus.im
[2026-06-14T19:37:45.721Z] [1] EXPO_USE_METRO_WORKSPACE_ROOT is enabled by default, use EXPO_NO_METRO_WORKSPACE_ROOT instead to disable.
[2026-06-14T19:37:45.722Z] [1] EXPO_USE_METRO_WORKSPACE_ROOT is enabled by default, use EXPO_NO_METRO_WORKSPACE_ROOT instead to disable.
[2026-06-14T19:37:45.740Z] [0] [api] server listening on port 3000
[2026-06-14T19:37:51.592Z] [1]
[2026-06-14T19:37:51.592Z] Web node_modules/expo-router/entry.js ░░░░░░░░░░░░░░░░  0.0% (0/1)
[2026-06-14T19:37:51.592Z] [1] λ node_modules/expo-router/node/render.js ░░░░░░░░░░░░░░░░  0.0% (0/1)
[2026-06-14T19:37:51.592Z] [1] Web node_modules/expo-router/entry.js ░░░░░░░░░░░░░░░░  0.0% (0/1)
[2026-06-14T19:37:51.592Z] [1] λ node_modules/expo-router/node/render.js ░░░░░░░░░░░░░░░░  0.0% (0/1)
[2026-06-14T19:37:53.657Z] [1] | Browserslist: browsers data (caniuse-lite) is 6 months old. Please run:
[2026-06-14T19:37:53.709Z] [1] |   npx update-browserslist-db@latest
[2026-06-14T19:37:53.709Z] [1] |   Why you should do it regularly: https://github.com/browserslist/update-db#readme
[2026-06-14T19:37:54.891Z] [1] λ Bundled 3320ms node_modules/expo-router/node/render.js (1246 modules)
[2026-06-14T19:37:57.015Z] [1] λ  LOG  { colorScheme: 'light', setColorScheme: [Function (anonymous)] } {
[2026-06-14T19:37:57.015Z] [1]   '--color-primary': '#001A3D',
[2026-06-14T19:37:57.015Z] [1]   '--color-background': '#F8F9FA',
[2026-06-14T19:37:57.015Z] [1]   '--color-surface': '#FFFFFF',
[2026-06-14T19:37:57.015Z] [1]   '--color-foreground': '#0A0F1A',
[2026-06-14T19:37:57.015Z] [1]   '--color-muted': '#6B7280',
[2026-06-14T19:37:57.015Z] [1]   '--color-border': '#E5E7EB',
[2026-06-14T19:37:57.015Z] [1]   '--color-success': '#22C55E',
[2026-06-14T19:37:57.015Z] [1]   '--color-warning': '#F59E0B',
[2026-06-14T19:37:57.015Z] [1]   '--color-error': '#EF4444'
[2026-06-14T19:37:57.015Z] [1] }
[2026-06-14T19:37:57.114Z] [1] λ  WARN  props.pointerEvents is deprecated. Use style.pointerEvents
[2026-06-14T19:37:57.135Z] [1] Web node_modules/expo-router/entry.js ▓▓▓▓▓▓▓▓▓▓▓▓▓▓▓░ 97.1% (1/1)
[2026-06-14T19:37:57.136Z] [1] Web node_modules/expo-router/entry.js ░░░░░░░░░░░░░░░░  0.0% (0/1)
[2026-06-14T19:37:57.136Z] [1] λ node_modules/expo-router/node/render.js ░░░░░░░░░░░░░░░░  0.0% (0/1)
[2026-06-14T19:37:57.167Z] [1] λ Bundled 5596ms node_modules/expo-router/node/render.js (1 module)
[2026-06-14T19:37:57.472Z] [1] λ  LOG  { colorScheme: 'light', setColorScheme: [Function (anonymous)] } {
[2026-06-14T19:37:57.472Z] [1]   '--color-primary': '#001A3D',
[2026-06-14T19:37:57.473Z] [1]   '--color-background': '#F8F9FA',
[2026-06-14T19:37:57.473Z] [1]   '--color-surface': '#FFFFFF',
[2026-06-14T19:37:57.473Z] [1]   '--color-foreground': '#0A0F1A',
[2026-06-14T19:37:57.473Z] [1]   '--color-muted': '#6B7280',
[2026-06-14T19:37:57.473Z] [1]   '--color-border': '#E5E7EB',
[2026-06-14T19:37:57.473Z] [1]   '--color-success': '#22C55E',
[2026-06-14T19:37:57.473Z] [1]   '--color-warning': '#F59E0B',
[2026-06-14T19:37:57.473Z] [1]   '--color-error': '#EF4444'
[2026-06-14T19:37:57.473Z] [1] }
[2026-06-14T19:37:57.535Z] [1] λ  WARN  props.pointerEvents is deprecated. Use style.pointerEvents
[2026-06-14T19:37:57.552Z] [1] Web node_modules/expo-router/entry.js ▓▓▓▓▓▓▓▓▓▓▓▓▓▓▓░ 97.1% (1/1)
[2026-06-14T19:37:57.552Z] [1] Web node_modules/expo-router/entry.js ░░░░░░░░░░░░░░░░  0.0% (0/1)
[2026-06-14T19:37:57.589Z] [1] Web Bundled 6020ms node_modules/expo-router/entry.js (1 module)
[2026-06-14T19:37:57.672Z] [1] Web Bundled 6058ms node_modules/expo-router/entry.js (1 module)
[2026-06-14T19:37:57.673Z] [1] Error: Premature close
[2026-06-14T19:37:57.674Z] [1]     at onclose (node:internal/streams/end-of-stream:158:30)
[2026-06-14T19:37:57.674Z] [1]     at processTicksAndRejections (node:internal/process/task_queues:85:11)
[2026-06-14T19:37:59.735Z] [1] Web Bundled 2028ms node_modules/expo-router/entry.js (1385 modules)
[2026-06-14T19:38:00.198Z] [1]  LOG  [web] Logs will appear in the browser console
[2026-06-14T19:38:02.781Z] [1] EXPO_USE_METRO_WORKSPACE_ROOT is enabled by default, use EXPO_NO_METRO_WORKSPACE_ROOT instead to disable.
[2026-06-14T19:38:02.788Z] [1] EXPO_USE_METRO_WORKSPACE_ROOT is enabled by default, use EXPO_NO_METRO_WORKSPACE_ROOT instead to disable.
[2026-06-14T19:38:02.844Z] [1] λ Bundled 54ms node_modules/expo-router/node/render.js (1 module)
[2026-06-14T19:38:03.154Z] [1] λ  LOG  { colorScheme: 'light', setColorScheme: [Function (anonymous)] } {
[2026-06-14T19:38:03.154Z] [1]   '--color-primary': '#001A3D',
[2026-06-14T19:38:03.154Z] [1]   '--color-background': '#F8F9FA',
[2026-06-14T19:38:03.154Z] [1]   '--color-surface': '#FFFFFF',
[2026-06-14T19:38:03.154Z] [1]   '--color-foreground': '#0A0F1A',
[2026-06-14T19:38:03.154Z] [1]   '--color-muted': '#6B7280',
[2026-06-14T19:38:03.154Z] [1]   '--color-border': '#E5E7EB',
[2026-06-14T19:38:03.154Z] [1]   '--color-success': '#22C55E',
[2026-06-14T19:38:03.154Z] [1]   '--color-warning': '#F59E0B',
[2026-06-14T19:38:03.154Z] [1]   '--color-error': '#EF4444'
[2026-06-14T19:38:03.154Z] [1] }
[2026-06-14T19:38:03.220Z] [1] λ  WARN  props.pointerEvents is deprecated. Use style.pointerEvents
[2026-06-14T19:38:03.243Z] [1] Web node_modules/expo-router/entry.js ░░░░░░░░░░░░░░░░  0.0% (0/1)
[2026-06-14T19:38:03.261Z] [1] Web Bundled 471ms node_modules/expo-router/entry.js (1 module)
[2026-06-14T19:38:03.627Z] [1] Web Bundled 61ms node_modules/expo-router/entry.js (1 module)
[2026-06-14T19:38:06.530Z] [1]  LOG  [web] Logs will appear in the browser console
[2026-06-14T19:38:06.763Z] ELIFECYCLE  Command failed.
[2026-06-14T19:38:06.778Z] [0]  ELIFECYCLE  Command failed.
[2026-06-14T19:38:06.778Z] [1]  ELIFECYCLE  Command failed.
[2026-06-14T19:38:06.788Z] [0]
[2026-06-14T19:38:06.788Z] pnpm dev:server exited with code SIGTERM
[2026-06-14T19:38:06.789Z] --> Sending SIGTERM to other processes..
[2026-06-14T19:38:07.478Z] [1] pnpm dev:metro exited with code SIGTERM
[2026-06-14T19:38:08.387Z] Lockfile is up to date, resolution step is skipped
[2026-06-14T19:38:08.780Z] Dev server exited with code -1
[2026-06-14T19:38:09.812Z] Starting dev server with command: pnpm run dev
[2026-06-14T19:38:11.112Z] > app-template@1.0.0 dev /home/ubuntu/aldwych-mobile-app
[2026-06-14T19:38:11.112Z] > concurrently -k "pnpm dev:server" "pnpm dev:metro"
[2026-06-14T19:38:11.890Z] [0]
[2026-06-14T19:38:11.890Z] [0] > app-template@1.0.0 dev:server /home/ubuntu/aldwych-mobile-app
[2026-06-14T19:38:11.890Z] [0] > cross-env NODE_ENV=development tsx watch server/_core/index.ts
[2026-06-14T19:38:11.891Z] [0]
[2026-06-14T19:38:11.913Z] [1]
[2026-06-14T19:38:11.913Z] [1] > app-template@1.0.0 dev:metro /home/ubuntu/aldwych-mobile-app
[2026-06-14T19:38:11.913Z] [1] > cross-env EXPO_USE_METRO_WORKSPACE_ROOT=1 npx expo start --web --port ${EXPO_PORT:-8081}
[2026-06-14T19:38:11.914Z] [1]
[2026-06-14T19:38:12.861Z] [1]
[2026-06-14T19:38:12.861Z] Starting project at /home/ubuntu/aldwych-mobile-app
[2026-06-14T19:38:13.445Z] [1]
[2026-06-14T19:38:13.445Z] EXPO_USE_METRO_WORKSPACE_ROOT is enabled by default, use EXPO_NO_METRO_WORKSPACE_ROOT instead to disable.
[2026-06-14T19:38:13.918Z] [1]
[2026-06-14T19:38:13.918Z] EXPO_USE_METRO_WORKSPACE_ROOT is enabled by default, use EXPO_NO_METRO_WORKSPACE_ROOT instead to disable.
[2026-06-14T19:38:13.918Z] [1]
[2026-06-14T19:38:13.918Z] EXPO_USE_METRO_WORKSPACE_ROOT is enabled by default, use EXPO_NO_METRO_WORKSPACE_ROOT instead to disable.
[2026-06-14T19:38:13.921Z] [1] EXPO_USE_METRO_WORKSPACE_ROOT is enabled by default, use EXPO_NO_METRO_WORKSPACE_ROOT instead to disable.
[2026-06-14T19:38:14.251Z] [1] React Compiler enabled
[2026-06-14T19:38:14.491Z] [1] Starting Metro Bundler
[2026-06-14T19:38:14.532Z] [1] EXPO_USE_METRO_WORKSPACE_ROOT is enabled by default, use EXPO_NO_METRO_WORKSPACE_ROOT instead to disable.
[2026-06-14T19:38:15.791Z] [1] The following packages should be updated for best compatibility with the installed expo version:
[2026-06-14T19:38:15.792Z] [1]   expo@54.0.29 - expected version: ~54.0.35
[2026-06-14T19:38:15.792Z] [1]   expo-audio@1.1.0 - expected version: ~1.1.1
[2026-06-14T19:38:15.792Z] [1]   expo-constants@18.0.12 - expected version: ~18.0.13
[2026-06-14T19:38:15.792Z] [1]   expo-font@14.0.10 - expected version: ~14.0.12
[2026-06-14T19:38:15.792Z] [1]   expo-linking@8.0.10 - expected version: ~8.0.12
[2026-06-14T19:38:15.792Z] [1]   expo-notifications@0.32.15 - expected version: ~0.32.17
[2026-06-14T19:38:15.792Z] [1]   expo-router@6.0.19 - expected version: ~6.0.24
[2026-06-14T19:38:15.792Z] [1]   expo-splash-screen@31.0.12 - expected version: ~31.0.13
[2026-06-14T19:38:15.792Z] [1]   expo-video@3.0.15 - expected version: ~3.0.16
[2026-06-14T19:38:15.793Z] [1]   expo-web-browser@15.0.10 - expected version: ~15.0.11
[2026-06-14T19:38:15.793Z] [1] Your project may not work correctly until you install the expected versions of the packages.
[2026-06-14T19:38:15.805Z] [1] Waiting on http://localhost:8081
[2026-06-14T19:38:15.805Z] [1] Logs for your project will appear below.
[2026-06-14T19:38:16.172Z] [0] [OAuth] Initialized with baseURL: https://api.manus.im
[2026-06-14T19:38:16.397Z] [0] [api] server listening on port 3000
[2026-06-14T19:38:16.498Z] [1] EXPO_USE_METRO_WORKSPACE_ROOT is enabled by default, use EXPO_NO_METRO_WORKSPACE_ROOT instead to disable.
[2026-06-14T19:38:16.500Z] [1] EXPO_USE_METRO_WORKSPACE_ROOT is enabled by default, use EXPO_NO_METRO_WORKSPACE_ROOT instead to disable.
[2026-06-14T19:38:21.844Z] [1]
[2026-06-14T19:38:21.844Z] Web node_modules/expo-router/entry.js ░░░░░░░░░░░░░░░░  0.0% (0/1)
[2026-06-14T19:38:21.844Z] [1] λ node_modules/expo-router/node/render.js ░░░░░░░░░░░░░░░░  0.0% (0/1)
[2026-06-14T19:38:23.959Z] [1] | Browserslist: browsers data (caniuse-lite) is 6 months old. Please run:
[2026-06-14T19:38:24.127Z] [1] |   npx update-browserslist-db@latest
[2026-06-14T19:38:24.127Z] [1] |   Why you should do it regularly: https://github.com/browserslist/update-db#readme
[2026-06-14T19:38:24.891Z] [1] λ Bundled 3069ms node_modules/expo-router/node/render.js (1166 modules)
[2026-06-14T19:38:27.139Z] [1] λ  LOG  { colorScheme: 'light', setColorScheme: [Function (anonymous)] } {
[2026-06-14T19:38:27.139Z] [1]   '--color-primary': '#001A3D',
[2026-06-14T19:38:27.139Z] [1]   '--color-background': '#F8F9FA',
[2026-06-14T19:38:27.139Z] [1]   '--color-surface': '#FFFFFF',
[2026-06-14T19:38:27.139Z] [1]   '--color-foreground': '#0A0F1A',
[2026-06-14T19:38:27.139Z] [1]   '--color-muted': '#6B7280',
[2026-06-14T19:38:27.139Z] [1]   '--color-border': '#E5E7EB',
[2026-06-14T19:38:27.140Z] [1]   '--color-success': '#22C55E',
[2026-06-14T19:38:27.140Z] [1]   '--color-warning': '#F59E0B',
[2026-06-14T19:38:27.140Z] [1]   '--color-error': '#EF4444'
[2026-06-14T19:38:27.140Z] [1] }
[2026-06-14T19:38:27.258Z] [1] λ  WARN  props.pointerEvents is deprecated. Use style.pointerEvents
[2026-06-14T19:38:27.280Z] [1] Web node_modules/expo-router/entry.js ▓▓▓▓▓▓▓▓▓▓▓▓▓▓▓░ 99.3% (1378/1383)
[2026-06-14T19:38:27.379Z] [1] Web Bundled 5558ms node_modules/expo-router/entry.js (1384 modules)
[2026-06-14T19:38:29.326Z] [1] Web Bundled 1885ms node_modules/expo-router/entry.js (1291 modules)
[2026-06-14T19:38:29.973Z] [1]  LOG  [web] Logs will appear in the browser console
[2026-06-14T19:38:34.711Z] [1] EXPO_USE_METRO_WORKSPACE_ROOT is enabled by default, use EXPO_NO_METRO_WORKSPACE_ROOT instead to disable.
[2026-06-14T19:38:34.712Z] [1] EXPO_USE_METRO_WORKSPACE_ROOT is enabled by default, use EXPO_NO_METRO_WORKSPACE_ROOT instead to disable.
[2026-06-14T19:38:34.715Z] [1] Web node_modules/expo-router/entry.js ░░░░░░░░░░░░░░░░  0.0% (0/1)
[2026-06-14T19:38:35.093Z] [1] λ Bundled 378ms node_modules/expo-router/node/render.js (1 module)
[2026-06-14T19:38:36.087Z] [1] λ  LOG  { colorScheme: 'light', setColorScheme: [Function (anonymous)] } {
[2026-06-14T19:38:36.087Z] [1]   '--color-primary': '#001A3D',
[2026-06-14T19:38:36.087Z] [1]   '--color-background': '#F8F9FA',
[2026-06-14T19:38:36.087Z] [1]   '--color-surface': '#FFFFFF',
[2026-06-14T19:38:36.087Z] [1]   '--color-foreground': '#0A0F1A',
[2026-06-14T19:38:36.087Z] [1]   '--color-muted': '#6B7280',
[2026-06-14T19:38:36.087Z] [1]   '--color-border': '#E5E7EB',
[2026-06-14T19:38:36.087Z] [1]   '--color-success': '#22C55E',
[2026-06-14T19:38:36.087Z] [1]   '--color-warning': '#F59E0B',
[2026-06-14T19:38:36.087Z] [1]   '--color-error': '#EF4444'
[2026-06-14T19:38:36.087Z] [1] }
[2026-06-14T19:38:36.182Z] [1] λ  WARN  props.pointerEvents is deprecated. Use style.pointerEvents
[2026-06-14T19:38:36.211Z] [1] Web node_modules/expo-router/entry.js ░░░░░░░░░░░░░░░░  0.0% (0/1)
[2026-06-14T19:38:36.219Z] [1] Web Bundled 1504ms node_modules/expo-router/entry.js (1 module)
[2026-06-14T19:38:36.595Z] [1] Web Bundled 67ms node_modules/expo-router/entry.js (1 module)
[2026-06-14T19:38:40.530Z] [1] EXPO_USE_METRO_WORKSPACE_ROOT is enabled by default, use EXPO_NO_METRO_WORKSPACE_ROOT instead to disable.
[2026-06-14T19:38:40.532Z] [1] EXPO_USE_METRO_WORKSPACE_ROOT is enabled by default, use EXPO_NO_METRO_WORKSPACE_ROOT instead to disable.
[2026-06-14T19:38:40.535Z] [1] Web node_modules/expo-router/entry.js ░░░░░░░░░░░░░░░░  0.0% (0/1)
[2026-06-14T19:38:40.718Z] [1] λ Bundled 45ms node_modules/expo-router/node/render.js (1 module)
[2026-06-14T19:38:40.885Z] [1] λ  LOG  { colorScheme: 'light', setColorScheme: [Function (anonymous)] } {
[2026-06-14T19:38:40.886Z] [1]   '--color-primary': '#001A3D',
[2026-06-14T19:38:40.886Z] [1]   '--color-background': '#F8F9FA',
[2026-06-14T19:38:40.886Z] [1]   '--color-surface': '#FFFFFF',
[2026-06-14T19:38:40.886Z] [1]   '--color-foreground': '#0A0F1A',
[2026-06-14T19:38:40.886Z] [1]   '--color-muted': '#6B7280',
[2026-06-14T19:38:40.886Z] [1]   '--color-border': '#E5E7EB',
[2026-06-14T19:38:40.886Z] [1]   '--color-success': '#22C55E',
[2026-06-14T19:38:40.886Z] [1]   '--color-warning': '#F59E0B',
[2026-06-14T19:38:40.886Z] [1]   '--color-error': '#EF4444'
[2026-06-14T19:38:40.886Z] [1] }
[2026-06-14T19:38:40.948Z] [1] λ  WARN  props.pointerEvents is deprecated. Use style.pointerEvents
[2026-06-14T19:38:40.963Z] [1] Web node_modules/expo-router/entry.js ░░░░░░░░░░░░░░░░  0.0% (0/1)
[2026-06-14T19:38:40.998Z] [1] Web Bundled 464ms node_modules/expo-router/entry.js (1 module)
[2026-06-14T19:38:41.295Z] [1]  LOG  [web] Logs will appear in the browser console
[2026-06-14T19:38:42.652Z] [1] EXPO_USE_METRO_WORKSPACE_ROOT is enabled by default, use EXPO_NO_METRO_WORKSPACE_ROOT instead to disable.
[2026-06-14T19:38:42.653Z] [1]
[2026-06-14T19:38:42.653Z] EXPO_USE_METRO_WORKSPACE_ROOT is enabled by default, use EXPO_NO_METRO_WORKSPACE_ROOT instead to disable.
[2026-06-14T19:38:42.808Z] [1] λ Bundled 34ms node_modules/expo-router/node/render.js (1 module)
[2026-06-14T19:38:42.950Z] [1] λ  LOG  { colorScheme: 'light', setColorScheme: [Function (anonymous)] } {
[2026-06-14T19:38:42.950Z] [1]   '--color-primary': '#001A3D',
[2026-06-14T19:38:42.950Z] [1]   '--color-background': '#F8F9FA',
[2026-06-14T19:38:42.950Z] [1]   '--color-surface': '#FFFFFF',
[2026-06-14T19:38:42.950Z] [1]   '--color-foreground': '#0A0F1A',
[2026-06-14T19:38:42.950Z] [1]   '--color-muted': '#6B7280',
[2026-06-14T19:38:42.950Z] [1]   '--color-border': '#E5E7EB',
[2026-06-14T19:38:42.950Z] [1]   '--color-success': '#22C55E',
[2026-06-14T19:38:42.950Z] [1]   '--color-warning': '#F59E0B',
[2026-06-14T19:38:42.950Z] [1]   '--color-error': '#EF4444'
[2026-06-14T19:38:42.950Z] [1] }
[2026-06-14T19:38:43.000Z] [1] λ  WARN  props.pointerEvents is deprecated. Use style.pointerEvents
[2026-06-14T19:38:43.015Z] [1] Web node_modules/expo-router/entry.js ░░░░░░░░░░░░░░░░  0.0% (0/1)
[2026-06-14T19:38:43.038Z] [1] Web Bundled 384ms node_modules/expo-router/entry.js (1 module)
[2026-06-14T19:38:43.402Z] [1] Web Bundled 51ms node_modules/expo-router/entry.js (1 module)
[2026-06-14T19:38:46.187Z] [1]  LOG  [web] Logs will appear in the browser console
[2026-06-14T19:38:56.999Z] [1] EXPO_USE_METRO_WORKSPACE_ROOT is enabled by default, use EXPO_NO_METRO_WORKSPACE_ROOT instead to disable.
[2026-06-14T19:38:57.000Z] [1] EXPO_USE_METRO_WORKSPACE_ROOT is enabled by default, use EXPO_NO_METRO_WORKSPACE_ROOT instead to disable.
[2026-06-14T19:38:57.002Z] [1] Web node_modules/expo-router/entry.js ░░░░░░░░░░░░░░░░  0.0% (0/1)
[2026-06-14T19:38:57.226Z] [1] λ Bundled 223ms node_modules/expo-router/node/render.js (1 module)
[2026-06-14T19:38:57.264Z] ELIFECYCLE  Command failed.
[2026-06-14T19:38:57.289Z] [0]  ELIFECYCLE  Command failed.
[2026-06-14T19:38:57.290Z] [1]  ELIFECYCLE  Command failed.
[2026-06-14T19:38:57.334Z] [0] pnpm dev:server exited with code SIGTERM
[2026-06-14T19:38:57.334Z] --> Sending SIGTERM to other processes..
[2026-06-14T19:38:57.446Z] [1] pnpm dev:metro exited with code SIGTERM
[2026-06-14T19:38:58.851Z] Lockfile is up to date, resolution step is skipped
[2026-06-14T19:38:59.178Z] Progress: resolved 0, reused 1, downloaded 0, added 0
[2026-06-14T19:38:59.281Z] Dev server exited with code -1
[2026-06-14T19:39:00.305Z] Starting dev server with command: pnpm run dev
[2026-06-14T19:39:01.558Z] > app-template@1.0.0 dev /home/ubuntu/aldwych-mobile-app
[2026-06-14T19:39:01.558Z] > concurrently -k "pnpm dev:server" "pnpm dev:metro"
[2026-06-14T19:39:02.437Z] [1]
[2026-06-14T19:39:02.437Z] [1] > app-template@1.0.0 dev:metro /home/ubuntu/aldwych-mobile-app
[2026-06-14T19:39:02.437Z] [1] > cross-env EXPO_USE_METRO_WORKSPACE_ROOT=1 npx expo start --web --port ${EXPO_PORT:-8081}
[2026-06-14T19:39:02.437Z] [1]
[2026-06-14T19:39:02.437Z] [0]
[2026-06-14T19:39:02.438Z] [0] > app-template@1.0.0 dev:server /home/ubuntu/aldwych-mobile-app
[2026-06-14T19:39:02.438Z] [0] > cross-env NODE_ENV=development tsx watch server/_core/index.ts
[2026-06-14T19:39:02.438Z] [0]
[2026-06-14T19:39:03.424Z] [1]
[2026-06-14T19:39:03.424Z] Starting project at /home/ubuntu/aldwych-mobile-app
[2026-06-14T19:39:03.965Z] [1]
[2026-06-14T19:39:03.965Z] EXPO_USE_METRO_WORKSPACE_ROOT is enabled by default, use EXPO_NO_METRO_WORKSPACE_ROOT instead to disable.
[2026-06-14T19:39:04.515Z] [1]
[2026-06-14T19:39:04.516Z] EXPO_USE_METRO_WORKSPACE_ROOT is enabled by default, use EXPO_NO_METRO_WORKSPACE_ROOT instead to disable.
[2026-06-14T19:39:04.516Z] [1] EXPO_USE_METRO_WORKSPACE_ROOT is enabled by default, use EXPO_NO_METRO_WORKSPACE_ROOT instead to disable.
[2026-06-14T19:39:04.517Z] [1] EXPO_USE_METRO_WORKSPACE_ROOT is enabled by default, use EXPO_NO_METRO_WORKSPACE_ROOT instead to disable.
[2026-06-14T19:39:04.832Z] [1] React Compiler enabled
[2026-06-14T19:39:05.019Z] [1] Starting Metro Bundler
[2026-06-14T19:39:05.056Z] [1] EXPO_USE_METRO_WORKSPACE_ROOT is enabled by default, use EXPO_NO_METRO_WORKSPACE_ROOT instead to disable.
[2026-06-14T19:39:05.322Z] [1] The following packages should be updated for best compatibility with the installed expo version:
[2026-06-14T19:39:05.323Z] [1]
[2026-06-14T19:39:05.323Z] expo@54.0.29 - expected version: ~54.0.35
[2026-06-14T19:39:05.323Z] [1]   expo-audio@1.1.0 - expected version: ~1.1.1
[2026-06-14T19:39:05.323Z] [1]   expo-constants@18.0.12 - expected version: ~18.0.13
[2026-06-14T19:39:05.323Z] [1]
[2026-06-14T19:39:05.323Z] expo-font@14.0.10 - expected version: ~14.0.12
[2026-06-14T19:39:05.323Z] [1]   expo-linking@8.0.10 - expected version: ~8.0.12
[2026-06-14T19:39:05.323Z] [1]
[2026-06-14T19:39:05.323Z] expo-notifications@0.32.15 - expected version: ~0.32.17
[2026-06-14T19:39:05.323Z] [1]   expo-router@6.0.19 - expected version: ~6.0.24
[2026-06-14T19:39:05.323Z] [1]   expo-splash-screen@31.0.12 - expected version: ~31.0.13
[2026-06-14T19:39:05.323Z] [1]   expo-video@3.0.15 - expected version: ~3.0.16
[2026-06-14T19:39:05.323Z] [1]
[2026-06-14T19:39:05.323Z] expo-web-browser@15.0.10 - expected version: ~15.0.11
[2026-06-14T19:39:05.324Z] [1] Your project may not work correctly until you install the expected versions of the packages.
[2026-06-14T19:39:05.333Z] [1] Waiting on http://localhost:8081
[2026-06-14T19:39:05.333Z] [1] Logs for your project will appear below.
[2026-06-14T19:39:05.728Z] [1] EXPO_USE_METRO_WORKSPACE_ROOT is enabled by default, use EXPO_NO_METRO_WORKSPACE_ROOT instead to disable.
[2026-06-14T19:39:05.731Z] [1] EXPO_USE_METRO_WORKSPACE_ROOT is enabled by default, use EXPO_NO_METRO_WORKSPACE_ROOT instead to disable.
[2026-06-14T19:39:05.778Z] [1] EXPO_USE_METRO_WORKSPACE_ROOT is enabled by default, use EXPO_NO_METRO_WORKSPACE_ROOT instead to disable.
[2026-06-14T19:39:05.779Z] [1]
[2026-06-14T19:39:05.779Z] EXPO_USE_METRO_WORKSPACE_ROOT is enabled by default, use EXPO_NO_METRO_WORKSPACE_ROOT instead to disable.
[2026-06-14T19:39:06.379Z] [0] [OAuth] Initialized with baseURL: https://api.manus.im
[2026-06-14T19:39:06.547Z] [0] [api] server listening on port 3000
[2026-06-14T19:39:08.332Z] [1] EXPO_USE_METRO_WORKSPACE_ROOT is enabled by default, use EXPO_NO_METRO_WORKSPACE_ROOT instead to disable.
[2026-06-14T19:39:08.334Z] [1] EXPO_USE_METRO_WORKSPACE_ROOT is enabled by default, use EXPO_NO_METRO_WORKSPACE_ROOT instead to disable.
[2026-06-14T19:39:08.998Z] [1] EXPO_USE_METRO_WORKSPACE_ROOT is enabled by default, use EXPO_NO_METRO_WORKSPACE_ROOT instead to disable.
[2026-06-14T19:39:08.999Z] [1] EXPO_USE_METRO_WORKSPACE_ROOT is enabled by default, use EXPO_NO_METRO_WORKSPACE_ROOT instead to disable.
[2026-06-14T19:39:09.936Z] [1] EXPO_USE_METRO_WORKSPACE_ROOT is enabled by default, use EXPO_NO_METRO_WORKSPACE_ROOT instead to disable.
[2026-06-14T19:39:09.937Z] [1] EXPO_USE_METRO_WORKSPACE_ROOT is enabled by default, use EXPO_NO_METRO_WORKSPACE_ROOT instead to disable.
[2026-06-14T19:39:10.582Z] [1] EXPO_USE_METRO_WORKSPACE_ROOT is enabled by default, use EXPO_NO_METRO_WORKSPACE_ROOT instead to disable.
[2026-06-14T19:39:10.589Z] [1] EXPO_USE_METRO_WORKSPACE_ROOT is enabled by default, use EXPO_NO_METRO_WORKSPACE_ROOT instead to disable.
[2026-06-14T19:39:11.264Z] [1] EXPO_USE_METRO_WORKSPACE_ROOT is enabled by default, use EXPO_NO_METRO_WORKSPACE_ROOT instead to disable.
[2026-06-14T19:39:11.265Z] [1] EXPO_USE_METRO_WORKSPACE_ROOT is enabled by default, use EXPO_NO_METRO_WORKSPACE_ROOT instead to disable.
[2026-06-14T19:39:11.599Z] [1] EXPO_USE_METRO_WORKSPACE_ROOT is enabled by default, use EXPO_NO_METRO_WORKSPACE_ROOT instead to disable.
[2026-06-14T19:39:11.599Z] [1] EXPO_USE_METRO_WORKSPACE_ROOT is enabled by default, use EXPO_NO_METRO_WORKSPACE_ROOT instead to disable.
[2026-06-14T19:39:12.016Z] [1] EXPO_USE_METRO_WORKSPACE_ROOT is enabled by default, use EXPO_NO_METRO_WORKSPACE_ROOT instead to disable.
[2026-06-14T19:39:12.017Z] [1]
[2026-06-14T19:39:12.017Z] EXPO_USE_METRO_WORKSPACE_ROOT is enabled by default, use EXPO_NO_METRO_WORKSPACE_ROOT instead to disable.
[2026-06-14T19:39:12.100Z] [1] Web node_modules/expo-router/entry.js ░░░░░░░░░░░░░░░░  0.0% (0/1)
[2026-06-14T19:39:12.100Z] [1] λ node_modules/expo-router/node/render.js ░░░░░░░░░░░░░░░░  0.0% (0/1)
[2026-06-14T19:39:12.100Z] [1] Web node_modules/expo-router/entry.js ░░░░░░░░░░░░░░░░  0.0% (0/1)
[2026-06-14T19:39:12.100Z] [1] λ node_modules/expo-router/node/render.js ░░░░░░░░░░░░░░░░  0.0% (0/1)
[2026-06-14T19:39:12.100Z] [1] Web node_modules/expo-router/entry.js ░░░░░░░░░░░░░░░░  0.0% (0/1)
[2026-06-14T19:39:12.100Z] [1] λ node_modules/expo-router/node/render.js ░░░░░░░░░░░░░░░░  0.0% (0/1)
[2026-06-14T19:39:12.100Z] [1] Web node_modules/expo-router/entry.js ░░░░░░░░░░░░░░░░  0.0% (0/1)
[2026-06-14T19:39:12.100Z] [1] λ node_modules/expo-router/node/render.js ░░░░░░░░░░░░░░░░  0.0% (0/1)
[2026-06-14T19:39:12.100Z] [1] Web node_modules/expo-router/entry.js ░░░░░░░░░░░░░░░░  0.0% (0/1)
[2026-06-14T19:39:12.100Z] [1] λ node_modules/expo-router/node/render.js ░░░░░░░░░░░░░░░░  0.0% (0/1)
[2026-06-14T19:39:12.100Z] [1] Web node_modules/expo-router/entry.js ░░░░░░░░░░░░░░░░  0.0% (0/1)
[2026-06-14T19:39:12.100Z] [1] λ node_modules/expo-router/node/render.js ░░░░░░░░░░░░░░░░  0.0% (0/1)
[2026-06-14T19:39:12.100Z] [1] Web node_modules/expo-router/entry.js ░░░░░░░░░░░░░░░░  0.0% (0/1)
[2026-06-14T19:39:12.100Z] [1] λ node_modules/expo-router/node/render.js ░░░░░░░░░░░░░░░░  0.0% (0/1)
[2026-06-14T19:39:12.100Z] [1] Web node_modules/expo-router/entry.js ░░░░░░░░░░░░░░░░  0.0% (0/1)
[2026-06-14T19:39:12.100Z] [1] λ node_modules/expo-router/node/render.js ░░░░░░░░░░░░░░░░  0.0% (0/1)
[2026-06-14T19:39:12.100Z] [1] Web node_modules/expo-router/entry.js ░░░░░░░░░░░░░░░░  0.0% (0/1)
[2026-06-14T19:39:12.100Z] [1] λ node_modules/expo-router/node/render.js ░░░░░░░░░░░░░░░░  0.0% (0/1)
[2026-06-14T19:39:13.060Z] [1] EXPO_USE_METRO_WORKSPACE_ROOT is enabled by default, use EXPO_NO_METRO_WORKSPACE_ROOT instead to disable.
[2026-06-14T19:39:13.079Z] [1] EXPO_USE_METRO_WORKSPACE_ROOT is enabled by default, use EXPO_NO_METRO_WORKSPACE_ROOT instead to disable.
[2026-06-14T19:39:13.891Z] [1] | Browserslist: browsers data (caniuse-lite) is 6 months old. Please run:
[2026-06-14T19:39:14.004Z] [1] |   npx update-browserslist-db@latest
[2026-06-14T19:39:14.004Z] [1] |   Why you should do it regularly: https://github.com/browserslist/update-db#readme
[2026-06-14T19:39:14.190Z] [1] EXPO_USE_METRO_WORKSPACE_ROOT is enabled by default, use EXPO_NO_METRO_WORKSPACE_ROOT instead to disable.
[2026-06-14T19:39:14.191Z] [1] EXPO_USE_METRO_WORKSPACE_ROOT is enabled by default, use EXPO_NO_METRO_WORKSPACE_ROOT instead to disable.
[2026-06-14T19:39:14.947Z] [1] EXPO_USE_METRO_WORKSPACE_ROOT is enabled by default, use EXPO_NO_METRO_WORKSPACE_ROOT instead to disable.
[2026-06-14T19:39:14.948Z] [1] EXPO_USE_METRO_WORKSPACE_ROOT is enabled by default, use EXPO_NO_METRO_WORKSPACE_ROOT instead to disable.
[2026-06-14T19:39:15.092Z] [1] λ Bundled 3014ms node_modules/expo-router/node/render.js (1338 modules)
[2026-06-14T19:39:17.173Z] [1] λ  LOG  { colorScheme: 'light', setColorScheme: [Function (anonymous)] } {
[2026-06-14T19:39:17.174Z] [1]   '--color-primary': '#001A3D',
[2026-06-14T19:39:17.174Z] [1]   '--color-background': '#F8F9FA',
[2026-06-14T19:39:17.174Z] [1]   '--color-surface': '#FFFFFF',
[2026-06-14T19:39:17.174Z] [1]   '--color-foreground': '#0A0F1A',
[2026-06-14T19:39:17.174Z] [1]   '--color-muted': '#6B7280',
[2026-06-14T19:39:17.174Z] [1]   '--color-border': '#E5E7EB',
[2026-06-14T19:39:17.174Z] [1]   '--color-success': '#22C55E',
[2026-06-14T19:39:17.174Z] [1]   '--color-warning': '#F59E0B',
[2026-06-14T19:39:17.174Z] [1]   '--color-error': '#EF4444'
[2026-06-14T19:39:17.174Z] [1] }
[2026-06-14T19:39:17.289Z] [1] λ  WARN  props.pointerEvents is deprecated. Use style.pointerEvents
[2026-06-14T19:39:17.312Z] [1] Web node_modules/expo-router/entry.js ▓▓▓▓▓▓▓▓▓▓▓▓▓▓░░ 90.4% (1198/1260)
[2026-06-14T19:39:17.312Z] [1] Web node_modules/expo-router/entry.js ░░░░░░░░░░░░░░░░  0.0% (0/1)
[2026-06-14T19:39:17.312Z] [1] λ node_modules/expo-router/node/render.js ░░░░░░░░░░░░░░░░  0.0% (0/1)
[2026-06-14T19:39:17.312Z] [1] Web node_modules/expo-router/entry.js ░░░░░░░░░░░░░░░░  0.0% (0/1)
[2026-06-14T19:39:17.312Z] [1] λ node_modules/expo-router/node/render.js ░░░░░░░░░░░░░░░░  0.0% (0/1)
[2026-06-14T19:39:17.312Z] [1] Web node_modules/expo-router/entry.js ░░░░░░░░░░░░░░░░  0.0% (0/1)
[2026-06-14T19:39:17.312Z] [1] λ node_modules/expo-router/node/render.js ░░░░░░░░░░░░░░░░  0.0% (0/1)
[2026-06-14T19:39:17.312Z] [1] Web node_modules/expo-router/entry.js ░░░░░░░░░░░░░░░░  0.0% (0/1)
[2026-06-14T19:39:17.312Z] [1] λ node_modules/expo-router/node/render.js ░░░░░░░░░░░░░░░░  0.0% (0/1)
[2026-06-14T19:39:17.312Z] [1] Web node_modules/expo-router/entry.js ░░░░░░░░░░░░░░░░  0.0% (0/1)
[2026-06-14T19:39:17.312Z] [1] λ node_modules/expo-router/node/render.js ░░░░░░░░░░░░░░░░  0.0% (0/1)
[2026-06-14T19:39:17.312Z] [1] Web node_modules/expo-router/entry.js ░░░░░░░░░░░░░░░░  0.0% (0/1)
[2026-06-14T19:39:17.312Z] [1] λ node_modules/expo-router/node/render.js ░░░░░░░░░░░░░░░░  0.0% (0/1)
[2026-06-14T19:39:17.312Z] [1] Web node_modules/expo-router/entry.js ░░░░░░░░░░░░░░░░  0.0% (0/1)
[2026-06-14T19:39:17.312Z] [1] λ node_modules/expo-router/node/render.js ░░░░░░░░░░░░░░░░  0.0% (0/1)
[2026-06-14T19:39:17.312Z] [1] Web node_modules/expo-router/entry.js ░░░░░░░░░░░░░░░░  0.0% (0/1)
[2026-06-14T19:39:17.312Z] [1] λ node_modules/expo-router/node/render.js ░░░░░░░░░░░░░░░░  0.0% (0/1)
[2026-06-14T19:39:17.312Z] [1] Web node_modules/expo-router/entry.js ░░░░░░░░░░░░░░░░  0.0% (0/1)
[2026-06-14T19:39:17.312Z] [1] λ node_modules/expo-router/node/render.js ░░░░░░░░░░░░░░░░  0.0% (0/1)
[2026-06-14T19:39:17.312Z] [1] Web node_modules/expo-router/entry.js ░░░░░░░░░░░░░░░░  0.0% (0/1)
[2026-06-14T19:39:17.312Z] [1] λ node_modules/expo-router/node/render.js ░░░░░░░░░░░░░░░░  0.0% (0/1)
[2026-06-14T19:39:17.312Z] [1] Web node_modules/expo-router/entry.js ░░░░░░░░░░░░░░░░  0.0% (0/1)
[2026-06-14T19:39:17.312Z] [1] λ node_modules/expo-router/node/render.js ░░░░░░░░░░░░░░░░  0.0% (0/1)
[2026-06-14T19:39:17.504Z] [1] λ Bundled 5424ms node_modules/expo-router/node/render.js (1 module)
[2026-06-14T19:39:18.977Z] [1] λ Bundled 5506ms node_modules/expo-router/node/render.js (1 module)
[2026-06-14T19:39:18.977Z] [1] λ Bundled 5537ms node_modules/expo-router/node/render.js (1 module)
[2026-06-14T19:39:18.977Z] [1] λ Bundled 5558ms node_modules/expo-router/node/render.js (1 module)
[2026-06-14T19:39:18.977Z] [1] λ Bundled 5583ms node_modules/expo-router/node/render.js (1 module)
[2026-06-14T19:39:18.977Z] [1] λ Bundled 5607ms node_modules/expo-router/node/render.js (1 module)
[2026-06-14T19:39:18.977Z] [1] λ Bundled 5633ms node_modules/expo-router/node/render.js (1 module)
[2026-06-14T19:39:18.977Z] [1] λ Bundled 5653ms node_modules/expo-router/node/render.js (1 module)
[2026-06-14T19:39:18.977Z] [1] λ Bundled 4679ms node_modules/expo-router/node/render.js (1 module)
[2026-06-14T19:39:18.977Z] [1] λ Bundled 3594ms node_modules/expo-router/node/render.js (1 module)
[2026-06-14T19:39:18.977Z] [1] λ Bundled 2863ms node_modules/expo-router/node/render.js (1 module)
[2026-06-14T19:39:19.194Z] [1] λ  LOG  { colorScheme: 'light', setColorScheme: [Function (anonymous)] } {
[2026-06-14T19:39:19.194Z] [1]   '--color-primary': '#001A3D',
[2026-06-14T19:39:19.194Z] [1]   '--color-background': '#F8F9FA',
[2026-06-14T19:39:19.194Z] [1]   '--color-surface': '#FFFFFF',
[2026-06-14T19:39:19.194Z] [1]   '--color-foreground': '#0A0F1A',
[2026-06-14T19:39:19.194Z] [1]   '--color-muted': '#6B7280',
[2026-06-14T19:39:19.194Z] [1]   '--color-border': '#E5E7EB',
[2026-06-14T19:39:19.194Z] [1]   '--color-success': '#22C55E',
[2026-06-14T19:39:19.194Z] [1]   '--color-warning': '#F59E0B',
[2026-06-14T19:39:19.194Z] [1]   '--color-error': '#EF4444'
[2026-06-14T19:39:19.194Z] [1] }
[2026-06-14T19:39:19.266Z] [1] λ  WARN  props.pointerEvents is deprecated. Use style.pointerEvents
[2026-06-14T19:39:19.291Z] [1] Web node_modules/expo-router/entry.js ▓▓▓▓▓▓▓▓▓▓▓▓▓▓░░ 90.4% (0/1)
[2026-06-14T19:39:19.291Z] [1] Web node_modules/expo-router/entry.js ░░░░░░░░░░░░░░░░  0.0% (0/1)
[2026-06-14T19:39:19.291Z] [1] Web node_modules/expo-router/entry.js ░░░░░░░░░░░░░░░░  0.0% (0/1)
[2026-06-14T19:39:19.291Z] [1] Web node_modules/expo-router/entry.js ░░░░░░░░░░░░░░░░  0.0% (0/1)
[2026-06-14T19:39:19.291Z] [1] Web node_modules/expo-router/entry.js ░░░░░░░░░░░░░░░░  0.0% (0/1)
[2026-06-14T19:39:19.291Z] [1] Web node_modules/expo-router/entry.js ░░░░░░░░░░░░░░░░  0.0% (0/1)
[2026-06-14T19:39:19.291Z] [1] Web node_modules/expo-router/entry.js ░░░░░░░░░░░░░░░░  0.0% (0/1)
[2026-06-14T19:39:19.291Z] [1] Web node_modules/expo-router/entry.js ░░░░░░░░░░░░░░░░  0.0% (0/1)
[2026-06-14T19:39:19.291Z] [1] Web node_modules/expo-router/entry.js ░░░░░░░░░░░░░░░░  0.0% (0/1)
[2026-06-14T19:39:19.291Z] [1] Web node_modules/expo-router/entry.js ░░░░░░░░░░░░░░░░  0.0% (0/1)
[2026-06-14T19:39:19.291Z] [1] Web node_modules/expo-router/entry.js ░░░░░░░░░░░░░░░░  0.0% (0/1)
[2026-06-14T19:39:19.291Z] [1] Web node_modules/expo-router/entry.js ░░░░░░░░░░░░░░░░  0.0% (0/1)
[2026-06-14T19:39:19.516Z] [1] λ  LOG  { colorScheme: 'light', setColorScheme: [Function (anonymous)] } {
[2026-06-14T19:39:19.516Z] [1]   '--color-primary': '#001A3D',
[2026-06-14T19:39:19.516Z] [1]   '--color-background': '#F8F9FA',
[2026-06-14T19:39:19.516Z] [1]   '--color-surface': '#FFFFFF',
[2026-06-14T19:39:19.516Z] [1]   '--color-foreground': '#0A0F1A',
[2026-06-14T19:39:19.516Z] [1]   '--color-muted': '#6B7280',
[2026-06-14T19:39:19.516Z] [1]   '--color-border': '#E5E7EB',
[2026-06-14T19:39:19.516Z] [1]   '--color-success': '#22C55E',
[2026-06-14T19:39:19.516Z] [1]   '--color-warning': '#F59E0B',
[2026-06-14T19:39:19.516Z] [1]   '--color-error': '#EF4444'
[2026-06-14T19:39:19.516Z] [1] }
[2026-06-14T19:39:19.595Z] [1] λ  WARN  props.pointerEvents is deprecated. Use style.pointerEvents
[2026-06-14T19:39:19.625Z] [1] Web node_modules/expo-router/entry.js ▓▓▓▓▓▓▓▓▓▓▓▓▓▓░░ 90.4% (0/1)
[2026-06-14T19:39:19.625Z] [1] Web node_modules/expo-router/entry.js ░░░░░░░░░░░░░░░░  0.0% (0/1)
[2026-06-14T19:39:19.625Z] [1] Web node_modules/expo-router/entry.js ░░░░░░░░░░░░░░░░  0.0% (0/1)
[2026-06-14T19:39:19.625Z] [1] Web node_modules/expo-router/entry.js ░░░░░░░░░░░░░░░░  0.0% (0/1)
[2026-06-14T19:39:19.625Z] [1] Web node_modules/expo-router/entry.js ░░░░░░░░░░░░░░░░  0.0% (0/1)
[2026-06-14T19:39:19.625Z] [1] Web node_modules/expo-router/entry.js ░░░░░░░░░░░░░░░░  0.0% (0/1)
[2026-06-14T19:39:19.625Z] [1] Web node_modules/expo-router/entry.js ░░░░░░░░░░░░░░░░  0.0% (0/1)
[2026-06-14T19:39:19.625Z] [1] Web node_modules/expo-router/entry.js ░░░░░░░░░░░░░░░░  0.0% (0/1)
[2026-06-14T19:39:19.625Z] [1] Web node_modules/expo-router/entry.js ░░░░░░░░░░░░░░░░  0.0% (0/1)
[2026-06-14T19:39:19.625Z] [1] Web node_modules/expo-router/entry.js ░░░░░░░░░░░░░░░░  0.0% (0/1)
[2026-06-14T19:39:19.625Z] [1] Web node_modules/expo-router/entry.js ░░░░░░░░░░░░░░░░  0.0% (0/1)
[2026-06-14T19:39:19.625Z] [1] Web node_modules/expo-router/entry.js ░░░░░░░░░░░░░░░░  0.0% (0/1)
[2026-06-14T19:39:19.898Z] [1] λ  LOG  { colorScheme: 'light', setColorScheme: [Function (anonymous)] } {
[2026-06-14T19:39:19.898Z] [1]   '--color-primary': '#001A3D',
[2026-06-14T19:39:19.898Z] [1]   '--color-background': '#F8F9FA',
[2026-06-14T19:39:19.898Z] [1]   '--color-surface': '#FFFFFF',
[2026-06-14T19:39:19.898Z] [1]   '--color-foreground': '#0A0F1A',
[2026-06-14T19:39:19.898Z] [1]   '--color-muted': '#6B7280',
[2026-06-14T19:39:19.898Z] [1]   '--color-border': '#E5E7EB',
[2026-06-14T19:39:19.898Z] [1]   '--color-success': '#22C55E',
[2026-06-14T19:39:19.898Z] [1]   '--color-warning': '#F59E0B',
[2026-06-14T19:39:19.898Z] [1]   '--color-error': '#EF4444'
[2026-06-14T19:39:19.898Z] [1] }
[2026-06-14T19:39:19.952Z] [1] λ  WARN  props.pointerEvents is deprecated. Use style.pointerEvents
[2026-06-14T19:39:19.967Z] [1] Web node_modules/expo-router/entry.js ▓▓▓▓▓▓▓▓▓▓▓▓▓▓░░ 90.4% (0/1)
[2026-06-14T19:39:19.967Z] [1] Web node_modules/expo-router/entry.js ░░░░░░░░░░░░░░░░  0.0% (0/1)
[2026-06-14T19:39:19.967Z] [1] Web node_modules/expo-router/entry.js ░░░░░░░░░░░░░░░░  0.0% (0/1)
[2026-06-14T19:39:19.967Z] [1] Web node_modules/expo-router/entry.js ░░░░░░░░░░░░░░░░  0.0% (0/1)
[2026-06-14T19:39:19.967Z] [1] Web node_modules/expo-router/entry.js ░░░░░░░░░░░░░░░░  0.0% (0/1)
[2026-06-14T19:39:19.968Z] [1] Web node_modules/expo-router/entry.js ░░░░░░░░░░░░░░░░  0.0% (0/1)
[2026-06-14T19:39:19.968Z] [1] Web node_modules/expo-router/entry.js ░░░░░░░░░░░░░░░░  0.0% (0/1)
[2026-06-14T19:39:19.968Z] [1] Web node_modules/expo-router/entry.js ░░░░░░░░░░░░░░░░  0.0% (0/1)
[2026-06-14T19:39:19.968Z] [1] Web node_modules/expo-router/entry.js ░░░░░░░░░░░░░░░░  0.0% (0/1)
[2026-06-14T19:39:19.968Z] [1] Web node_modules/expo-router/entry.js ░░░░░░░░░░░░░░░░  0.0% (0/1)
[2026-06-14T19:39:19.968Z] [1] Web node_modules/expo-router/entry.js ░░░░░░░░░░░░░░░░  0.0% (0/1)
[2026-06-14T19:39:19.968Z] [1] Web node_modules/expo-router/entry.js ░░░░░░░░░░░░░░░░  0.0% (0/1)
[2026-06-14T19:39:20.117Z] [1] λ  LOG  { colorScheme: 'light', setColorScheme: [Function (anonymous)] } {
[2026-06-14T19:39:20.117Z] [1]   '--color-primary': '#001A3D',
[2026-06-14T19:39:20.118Z] [1]   '--color-background': '#F8F9FA',
[2026-06-14T19:39:20.118Z] [1]   '--color-surface': '#FFFFFF',
[2026-06-14T19:39:20.118Z] [1]   '--color-foreground': '#0A0F1A',
[2026-06-14T19:39:20.118Z] [1]   '--color-muted': '#6B7280',
[2026-06-14T19:39:20.118Z] [1]   '--color-border': '#E5E7EB',
[2026-06-14T19:39:20.118Z] [1]   '--color-success': '#22C55E',
[2026-06-14T19:39:20.118Z] [1]   '--color-warning': '#F59E0B',
[2026-06-14T19:39:20.118Z] [1]   '--color-error': '#EF4444'
[2026-06-14T19:39:20.118Z] [1] }
[2026-06-14T19:39:20.169Z] [1] λ  WARN  props.pointerEvents is deprecated. Use style.pointerEvents
[2026-06-14T19:39:20.192Z] [1] Web node_modules/expo-router/entry.js ▓▓▓▓▓▓▓▓▓▓▓▓▓▓░░ 90.4% (0/1)
[2026-06-14T19:39:20.192Z] [1] Web node_modules/expo-router/entry.js ░░░░░░░░░░░░░░░░  0.0% (0/1)
[2026-06-14T19:39:20.192Z] [1] Web node_modules/expo-router/entry.js ░░░░░░░░░░░░░░░░  0.0% (0/1)
[2026-06-14T19:39:20.192Z] [1] Web node_modules/expo-router/entry.js ░░░░░░░░░░░░░░░░  0.0% (0/1)
[2026-06-14T19:39:20.192Z] [1] Web node_modules/expo-router/entry.js ░░░░░░░░░░░░░░░░  0.0% (0/1)
[2026-06-14T19:39:20.192Z] [1] Web node_modules/expo-router/entry.js ░░░░░░░░░░░░░░░░  0.0% (0/1)
[2026-06-14T19:39:20.192Z] [1] Web node_modules/expo-router/entry.js ░░░░░░░░░░░░░░░░  0.0% (0/1)
[2026-06-14T19:39:20.192Z] [1] Web node_modules/expo-router/entry.js ░░░░░░░░░░░░░░░░  0.0% (0/1)
[2026-06-14T19:39:20.192Z] [1] Web node_modules/expo-router/entry.js ░░░░░░░░░░░░░░░░  0.0% (0/1)
[2026-06-14T19:39:20.192Z] [1] Web node_modules/expo-router/entry.js ░░░░░░░░░░░░░░░░  0.0% (0/1)
[2026-06-14T19:39:20.192Z] [1] Web node_modules/expo-router/entry.js ░░░░░░░░░░░░░░░░  0.0% (0/1)
[2026-06-14T19:39:20.192Z] [1] Web node_modules/expo-router/entry.js ░░░░░░░░░░░░░░░░  0.0% (0/1)
[2026-06-14T19:39:20.355Z] [1] λ  LOG  { colorScheme: 'light', setColorScheme: [Function (anonymous)] } {
[2026-06-14T19:39:20.355Z] [1]   '--color-primary': '#001A3D',
[2026-06-14T19:39:20.355Z] [1]   '--color-background': '#F8F9FA',
[2026-06-14T19:39:20.355Z] [1]   '--color-surface': '#FFFFFF',
[2026-06-14T19:39:20.356Z] [1]   '--color-foreground': '#0A0F1A',
[2026-06-14T19:39:20.356Z] [1]   '--color-muted': '#6B7280',
[2026-06-14T19:39:20.356Z] [1]   '--color-border': '#E5E7EB',
[2026-06-14T19:39:20.356Z] [1]   '--color-success': '#22C55E',
[2026-06-14T19:39:20.356Z] [1]   '--color-warning': '#F59E0B',
[2026-06-14T19:39:20.356Z] [1]   '--color-error': '#EF4444'
[2026-06-14T19:39:20.356Z] [1] }
[2026-06-14T19:39:20.412Z] [1] λ  WARN  props.pointerEvents is deprecated. Use style.pointerEvents
[2026-06-14T19:39:20.426Z] [1] Web node_modules/expo-router/entry.js ▓▓▓▓▓▓▓▓▓▓▓▓▓▓░░ 90.4% (0/1)
[2026-06-14T19:39:20.426Z] [1] Web node_modules/expo-router/entry.js ░░░░░░░░░░░░░░░░  0.0% (0/1)
[2026-06-14T19:39:20.426Z] [1] Web node_modules/expo-router/entry.js ░░░░░░░░░░░░░░░░  0.0% (0/1)
[2026-06-14T19:39:20.426Z] [1] Web node_modules/expo-router/entry.js ░░░░░░░░░░░░░░░░  0.0% (0/1)
[2026-06-14T19:39:20.426Z] [1] Web node_modules/expo-router/entry.js ░░░░░░░░░░░░░░░░  0.0% (0/1)
[2026-06-14T19:39:20.426Z] [1] Web node_modules/expo-router/entry.js ░░░░░░░░░░░░░░░░  0.0% (0/1)
[2026-06-14T19:39:20.426Z] [1] Web node_modules/expo-router/entry.js ░░░░░░░░░░░░░░░░  0.0% (0/1)
[2026-06-14T19:39:20.426Z] [1] Web node_modules/expo-router/entry.js ░░░░░░░░░░░░░░░░  0.0% (0/1)
[2026-06-14T19:39:20.426Z] [1] Web node_modules/expo-router/entry.js ░░░░░░░░░░░░░░░░  0.0% (0/1)
[2026-06-14T19:39:20.426Z] [1] Web node_modules/expo-router/entry.js ░░░░░░░░░░░░░░░░  0.0% (0/1)
[2026-06-14T19:39:20.426Z] [1] Web node_modules/expo-router/entry.js ░░░░░░░░░░░░░░░░  0.0% (0/1)
[2026-06-14T19:39:20.426Z] [1] Web node_modules/expo-router/entry.js ░░░░░░░░░░░░░░░░  0.0% (0/1)
[2026-06-14T19:39:20.587Z] [1] λ  LOG  { colorScheme: 'light', setColorScheme: [Function (anonymous)] } {
[2026-06-14T19:39:20.587Z] [1]   '--color-primary': '#001A3D',
[2026-06-14T19:39:20.587Z] [1]   '--color-background': '#F8F9FA',
[2026-06-14T19:39:20.587Z] [1]   '--color-surface': '#FFFFFF',
[2026-06-14T19:39:20.587Z] [1]   '--color-foreground': '#0A0F1A',
[2026-06-14T19:39:20.587Z] [1]   '--color-muted': '#6B7280',
[2026-06-14T19:39:20.587Z] [1]   '--color-border': '#E5E7EB',
[2026-06-14T19:39:20.587Z] [1]   '--color-success': '#22C55E',
[2026-06-14T19:39:20.587Z] [1]   '--color-warning': '#F59E0B',
[2026-06-14T19:39:20.587Z] [1]   '--color-error': '#EF4444'
[2026-06-14T19:39:20.587Z] [1] }
[2026-06-14T19:39:20.641Z] [1] λ  WARN  props.pointerEvents is deprecated. Use style.pointerEvents
[2026-06-14T19:39:20.654Z] [1] Web node_modules/expo-router/entry.js ▓▓▓▓▓▓▓▓▓▓▓▓▓▓░░ 90.4% (0/1)
[2026-06-14T19:39:20.654Z] [1] Web node_modules/expo-router/entry.js ░░░░░░░░░░░░░░░░  0.0% (0/1)
[2026-06-14T19:39:20.654Z] [1] Web node_modules/expo-router/entry.js ░░░░░░░░░░░░░░░░  0.0% (0/1)
[2026-06-14T19:39:20.654Z] [1] Web node_modules/expo-router/entry.js ░░░░░░░░░░░░░░░░  0.0% (0/1)
[2026-06-14T19:39:20.654Z] [1] Web node_modules/expo-router/entry.js ░░░░░░░░░░░░░░░░  0.0% (0/1)
[2026-06-14T19:39:20.654Z] [1] Web node_modules/expo-router/entry.js ░░░░░░░░░░░░░░░░  0.0% (0/1)
[2026-06-14T19:39:20.654Z] [1] Web node_modules/expo-router/entry.js ░░░░░░░░░░░░░░░░  0.0% (0/1)
[2026-06-14T19:39:20.654Z] [1] Web node_modules/expo-router/entry.js ░░░░░░░░░░░░░░░░  0.0% (0/1)
[2026-06-14T19:39:20.654Z] [1] Web node_modules/expo-router/entry.js ░░░░░░░░░░░░░░░░  0.0% (0/1)
[2026-06-14T19:39:20.654Z] [1] Web node_modules/expo-router/entry.js ░░░░░░░░░░░░░░░░  0.0% (0/1)
[2026-06-14T19:39:20.654Z] [1] Web node_modules/expo-router/entry.js ░░░░░░░░░░░░░░░░  0.0% (0/1)
[2026-06-14T19:39:20.654Z] [1] Web node_modules/expo-router/entry.js ░░░░░░░░░░░░░░░░  0.0% (0/1)
[2026-06-14T19:39:20.819Z] [1] λ  LOG  { colorScheme: 'light', setColorScheme: [Function (anonymous)] } {
[2026-06-14T19:39:20.819Z] [1]   '--color-primary': '#001A3D',
[2026-06-14T19:39:20.819Z] [1]   '--color-background': '#F8F9FA',
[2026-06-14T19:39:20.819Z] [1]   '--color-surface': '#FFFFFF',
[2026-06-14T19:39:20.819Z] [1]   '--color-foreground': '#0A0F1A',
[2026-06-14T19:39:20.819Z] [1]   '--color-muted': '#6B7280',
[2026-06-14T19:39:20.819Z] [1]   '--color-border': '#E5E7EB',
[2026-06-14T19:39:20.819Z] [1]   '--color-success': '#22C55E',
[2026-06-14T19:39:20.819Z] [1]   '--color-warning': '#F59E0B',
[2026-06-14T19:39:20.819Z] [1]   '--color-error': '#EF4444'
[2026-06-14T19:39:20.819Z] [1] }
[2026-06-14T19:39:20.871Z] [1] λ  WARN  props.pointerEvents is deprecated. Use style.pointerEvents
[2026-06-14T19:39:20.884Z] [1] Web node_modules/expo-router/entry.js ▓▓▓▓▓▓▓▓▓▓▓▓▓▓░░ 90.4% (0/1)
[2026-06-14T19:39:20.884Z] [1] Web node_modules/expo-router/entry.js ░░░░░░░░░░░░░░░░  0.0% (0/1)
[2026-06-14T19:39:20.884Z] [1] Web node_modules/expo-router/entry.js ░░░░░░░░░░░░░░░░  0.0% (0/1)
[2026-06-14T19:39:20.884Z] [1] Web node_modules/expo-router/entry.js ░░░░░░░░░░░░░░░░  0.0% (0/1)
[2026-06-14T19:39:20.884Z] [1] Web node_modules/expo-router/entry.js ░░░░░░░░░░░░░░░░  0.0% (0/1)
[2026-06-14T19:39:20.884Z] [1] Web node_modules/expo-router/entry.js ░░░░░░░░░░░░░░░░  0.0% (0/1)
[2026-06-14T19:39:20.884Z] [1] Web node_modules/expo-router/entry.js ░░░░░░░░░░░░░░░░  0.0% (0/1)
[2026-06-14T19:39:20.884Z] [1] Web node_modules/expo-router/entry.js ░░░░░░░░░░░░░░░░  0.0% (0/1)
[2026-06-14T19:39:20.884Z] [1] Web node_modules/expo-router/entry.js ░░░░░░░░░░░░░░░░  0.0% (0/1)
[2026-06-14T19:39:20.884Z] [1] Web node_modules/expo-router/entry.js ░░░░░░░░░░░░░░░░  0.0% (0/1)
[2026-06-14T19:39:20.884Z] [1] Web node_modules/expo-router/entry.js ░░░░░░░░░░░░░░░░  0.0% (0/1)
[2026-06-14T19:39:20.884Z] [1] Web node_modules/expo-router/entry.js ░░░░░░░░░░░░░░░░  0.0% (0/1)
[2026-06-14T19:39:21.055Z] [1] λ  LOG  { colorScheme: 'light', setColorScheme: [Function (anonymous)] } {
[2026-06-14T19:39:21.055Z] [1]   '--color-primary': '#001A3D',
[2026-06-14T19:39:21.055Z] [1]   '--color-background': '#F8F9FA',
[2026-06-14T19:39:21.055Z] [1]   '--color-surface': '#FFFFFF',
[2026-06-14T19:39:21.055Z] [1]   '--color-foreground': '#0A0F1A',
[2026-06-14T19:39:21.055Z] [1]   '--color-muted': '#6B7280',
[2026-06-14T19:39:21.055Z] [1]   '--color-border': '#E5E7EB',
[2026-06-14T19:39:21.055Z] [1]   '--color-success': '#22C55E',
[2026-06-14T19:39:21.055Z] [1]   '--color-warning': '#F59E0B',
[2026-06-14T19:39:21.055Z] [1]   '--color-error': '#EF4444'
[2026-06-14T19:39:21.055Z] [1] }
[2026-06-14T19:39:21.107Z] [1] λ  WARN  props.pointerEvents is deprecated. Use style.pointerEvents
[2026-06-14T19:39:21.121Z] [1] Web node_modules/expo-router/entry.js ▓▓▓▓▓▓▓▓▓▓▓▓▓▓░░ 90.4% (0/1)
[2026-06-14T19:39:21.121Z] [1] Web node_modules/expo-router/entry.js ░░░░░░░░░░░░░░░░  0.0% (0/1)
[2026-06-14T19:39:21.121Z] [1] Web node_modules/expo-router/entry.js ░░░░░░░░░░░░░░░░  0.0% (0/1)
[2026-06-14T19:39:21.121Z] [1] Web node_modules/expo-router/entry.js ░░░░░░░░░░░░░░░░  0.0% (0/1)
[2026-06-14T19:39:21.121Z] [1] Web node_modules/expo-router/entry.js ░░░░░░░░░░░░░░░░  0.0% (0/1)
[2026-06-14T19:39:21.121Z] [1] Web node_modules/expo-router/entry.js ░░░░░░░░░░░░░░░░  0.0% (0/1)
[2026-06-14T19:39:21.121Z] [1] Web node_modules/expo-router/entry.js ░░░░░░░░░░░░░░░░  0.0% (0/1)
[2026-06-14T19:39:21.121Z] [1] Web node_modules/expo-router/entry.js ░░░░░░░░░░░░░░░░  0.0% (0/1)
[2026-06-14T19:39:21.121Z] [1] Web node_modules/expo-router/entry.js ░░░░░░░░░░░░░░░░  0.0% (0/1)
[2026-06-14T19:39:21.121Z] [1] Web node_modules/expo-router/entry.js ░░░░░░░░░░░░░░░░  0.0% (0/1)
[2026-06-14T19:39:21.121Z] [1] Web node_modules/expo-router/entry.js ░░░░░░░░░░░░░░░░  0.0% (0/1)
[2026-06-14T19:39:21.121Z] [1] Web node_modules/expo-router/entry.js ░░░░░░░░░░░░░░░░  0.0% (0/1)
[2026-06-14T19:39:21.204Z] [1] EXPO_USE_METRO_WORKSPACE_ROOT is enabled by default, use EXPO_NO_METRO_WORKSPACE_ROOT instead to disable.
[2026-06-14T19:39:21.207Z] [1] EXPO_USE_METRO_WORKSPACE_ROOT is enabled by default, use EXPO_NO_METRO_WORKSPACE_ROOT instead to disable.
[2026-06-14T19:39:21.548Z] [1] λ  WARN  props.pointerEvents is deprecated. Use style.pointerEvents
[2026-06-14T19:39:21.758Z] [1] λ  WARN  props.pointerEvents is deprecated. Use style.pointerEvents
[2026-06-14T19:39:21.953Z] [1] λ  WARN  props.pointerEvents is deprecated. Use style.pointerEvents
[2026-06-14T19:39:22.046Z] [1] λ Bundled 38ms node_modules/expo-router/node/render.js (1 module)
[2026-06-14T19:39:22.046Z] [1] λ  LOG  { colorScheme: 'light', setColorScheme: [Function (anonymous)] } {
[2026-06-14T19:39:22.046Z] [1]   '--color-primary': '#001A3D',
[2026-06-14T19:39:22.046Z] [1]   '--color-background': '#F8F9FA',
[2026-06-14T19:39:22.046Z] [1]   '--color-surface': '#FFFFFF',
[2026-06-14T19:39:22.046Z] [1]   '--color-foreground': '#0A0F1A',
[2026-06-14T19:39:22.046Z] [1]   '--color-muted': '#6B7280',
[2026-06-14T19:39:22.047Z] [1]   '--color-border': '#E5E7EB',
[2026-06-14T19:39:22.047Z] [1]   '--color-success': '#22C55E',
[2026-06-14T19:39:22.047Z] [1]   '--color-warning': '#F59E0B',
[2026-06-14T19:39:22.047Z] [1]   '--color-error': '#EF4444'
[2026-06-14T19:39:22.047Z] [1] }
[2026-06-14T19:39:22.047Z] [1] λ  LOG  { colorScheme: 'light', setColorScheme: [Function (anonymous)] } {
[2026-06-14T19:39:22.047Z] [1]   '--color-primary': '#001A3D',
[2026-06-14T19:39:22.047Z] [1]   '--color-background': '#F8F9FA',
[2026-06-14T19:39:22.047Z] [1]   '--color-surface': '#FFFFFF',
[2026-06-14T19:39:22.047Z] [1]   '--color-foreground': '#0A0F1A',
[2026-06-14T19:39:22.047Z] [1]   '--color-muted': '#6B7280',
[2026-06-14T19:39:22.047Z] [1]   '--color-border': '#E5E7EB',
[2026-06-14T19:39:22.047Z] [1]   '--color-success': '#22C55E',
[2026-06-14T19:39:22.047Z] [1]   '--color-warning': '#F59E0B',
[2026-06-14T19:39:22.047Z] [1]   '--color-error': '#EF4444'
[2026-06-14T19:39:22.047Z] [1] }
[2026-06-14T19:39:22.047Z] [1] λ  LOG  { colorScheme: 'light', setColorScheme: [Function (anonymous)] } {
[2026-06-14T19:39:22.047Z] [1]   '--color-primary': '#001A3D',
[2026-06-14T19:39:22.047Z] [1]   '--color-background': '#F8F9FA',
[2026-06-14T19:39:22.047Z] [1]   '--color-surface': '#FFFFFF',
[2026-06-14T19:39:22.047Z] [1]   '--color-foreground': '#0A0F1A',
[2026-06-14T19:39:22.047Z] [1]   '--color-muted': '#6B7280',
[2026-06-14T19:39:22.047Z] [1]   '--color-border': '#E5E7EB',
[2026-06-14T19:39:22.047Z] [1]   '--color-success': '#22C55E',
[2026-06-14T19:39:22.047Z] [1]   '--color-warning': '#F59E0B',
[2026-06-14T19:39:22.047Z] [1]   '--color-error': '#EF4444'
[2026-06-14T19:39:22.047Z] [1] }
[2026-06-14T19:39:22.047Z] [1] Web node_modules/expo-router/entry.js ▓▓▓▓▓▓▓▓▓▓▓▓▓▓░░ 90.4% (0/1)
[2026-06-14T19:39:22.047Z] [1] Web node_modules/expo-router/entry.js ░░░░░░░░░░░░░░░░  0.0% (0/1)
[2026-06-14T19:39:22.047Z] [1] Web node_modules/expo-router/entry.js ░░░░░░░░░░░░░░░░  0.0% (0/1)
[2026-06-14T19:39:22.047Z] [1] Web node_modules/expo-router/entry.js ░░░░░░░░░░░░░░░░  0.0% (0/1)
[2026-06-14T19:39:22.047Z] [1] Web node_modules/expo-router/entry.js ░░░░░░░░░░░░░░░░  0.0% (0/1)
[2026-06-14T19:39:22.047Z] [1] Web node_modules/expo-router/entry.js ░░░░░░░░░░░░░░░░  0.0% (0/1)
[2026-06-14T19:39:22.047Z] [1] Web node_modules/expo-router/entry.js ░░░░░░░░░░░░░░░░  0.0% (0/1)
[2026-06-14T19:39:22.047Z] [1] Web node_modules/expo-router/entry.js ░░░░░░░░░░░░░░░░  0.0% (0/1)
[2026-06-14T19:39:22.047Z] [1] Web node_modules/expo-router/entry.js ░░░░░░░░░░░░░░░░  0.0% (0/1)
[2026-06-14T19:39:22.047Z] [1] Web node_modules/expo-router/entry.js ░░░░░░░░░░░░░░░░  0.0% (0/1)
[2026-06-14T19:39:22.047Z] [1] Web node_modules/expo-router/entry.js ░░░░░░░░░░░░░░░░  0.0% (0/1)
[2026-06-14T19:39:22.047Z] [1] Web node_modules/expo-router/entry.js ░░░░░░░░░░░░░░░░  0.0% (0/1)
[2026-06-14T19:39:22.047Z] [1] Web node_modules/expo-router/entry.js ░░░░░░░░░░░░░░░░  0.0% (0/1)
[2026-06-14T19:39:22.319Z] [1] EXPO_USE_METRO_WORKSPACE_ROOT is enabled by default, use EXPO_NO_METRO_WORKSPACE_ROOT instead to disable.
[2026-06-14T19:39:22.320Z] [1] EXPO_USE_METRO_WORKSPACE_ROOT is enabled by default, use EXPO_NO_METRO_WORKSPACE_ROOT instead to disable.
[2026-06-14T19:39:22.536Z] [1] λ Bundled 36ms node_modules/expo-router/node/render.js (1 module)
[2026-06-14T19:39:22.577Z] [1] EXPO_USE_METRO_WORKSPACE_ROOT is enabled by default, use EXPO_NO_METRO_WORKSPACE_ROOT instead to disable.
[2026-06-14T19:39:22.578Z] [1] EXPO_USE_METRO_WORKSPACE_ROOT is enabled by default, use EXPO_NO_METRO_WORKSPACE_ROOT instead to disable.
[2026-06-14T19:39:22.917Z] [1] λ  WARN  props.pointerEvents is deprecated. Use style.pointerEvents
[2026-06-14T19:39:23.154Z] [1] λ  WARN  props.pointerEvents is deprecated. Use style.pointerEvents
[2026-06-14T19:39:23.218Z] [1] λ Bundled 37ms node_modules/expo-router/node/render.js (1 module)
[2026-06-14T19:39:23.218Z] [1] λ  LOG  { colorScheme: 'light', setColorScheme: [Function (anonymous)] } {
[2026-06-14T19:39:23.218Z] [1]   '--color-primary': '#001A3D',
[2026-06-14T19:39:23.218Z] [1]   '--color-background': '#F8F9FA',
[2026-06-14T19:39:23.218Z] [1]   '--color-surface': '#FFFFFF',
[2026-06-14T19:39:23.218Z] [1]   '--color-foreground': '#0A0F1A',
[2026-06-14T19:39:23.218Z] [1]   '--color-muted': '#6B7280',
[2026-06-14T19:39:23.218Z] [1]   '--color-border': '#E5E7EB',
[2026-06-14T19:39:23.218Z] [1]   '--color-success': '#22C55E',
[2026-06-14T19:39:23.218Z] [1]   '--color-warning': '#F59E0B',
[2026-06-14T19:39:23.218Z] [1]   '--color-error': '#EF4444'
[2026-06-14T19:39:23.218Z] [1] }
[2026-06-14T19:39:23.218Z] [1] λ  LOG  { colorScheme: 'light', setColorScheme: [Function (anonymous)] } {
[2026-06-14T19:39:23.218Z] [1]   '--color-primary': '#001A3D',
[2026-06-14T19:39:23.218Z] [1]   '--color-background': '#F8F9FA',
[2026-06-14T19:39:23.218Z] [1]   '--color-surface': '#FFFFFF',
[2026-06-14T19:39:23.218Z] [1]   '--color-foreground': '#0A0F1A',
[2026-06-14T19:39:23.218Z] [1]   '--color-muted': '#6B7280',
[2026-06-14T19:39:23.218Z] [1]   '--color-border': '#E5E7EB',
[2026-06-14T19:39:23.218Z] [1]   '--color-success': '#22C55E',
[2026-06-14T19:39:23.218Z] [1]   '--color-warning': '#F59E0B',
[2026-06-14T19:39:23.218Z] [1]   '--color-error': '#EF4444'
[2026-06-14T19:39:23.218Z] [1] }
[2026-06-14T19:39:23.218Z] [1] Web node_modules/expo-router/entry.js ▓▓▓▓▓▓▓▓▓▓▓▓▓▓░░ 90.4% (1/1)
[2026-06-14T19:39:23.218Z] [1] Web node_modules/expo-router/entry.js ░░░░░░░░░░░░░░░░  0.0% (0/1)
[2026-06-14T19:39:23.218Z] [1] Web node_modules/expo-router/entry.js ░░░░░░░░░░░░░░░░  0.0% (0/1)
[2026-06-14T19:39:23.218Z] [1] Web node_modules/expo-router/entry.js ░░░░░░░░░░░░░░░░  0.0% (0/1)
[2026-06-14T19:39:23.218Z] [1] Web node_modules/expo-router/entry.js ░░░░░░░░░░░░░░░░  0.0% (0/1)
[2026-06-14T19:39:23.218Z] [1] Web node_modules/expo-router/entry.js ░░░░░░░░░░░░░░░░  0.0% (0/1)
[2026-06-14T19:39:23.218Z] [1] Web node_modules/expo-router/entry.js ░░░░░░░░░░░░░░░░  0.0% (0/1)
[2026-06-14T19:39:23.218Z] [1] Web node_modules/expo-router/entry.js ░░░░░░░░░░░░░░░░  0.0% (0/1)
[2026-06-14T19:39:23.218Z] [1] Web node_modules/expo-router/entry.js ░░░░░░░░░░░░░░░░  0.0% (0/1)
[2026-06-14T19:39:23.218Z] [1] Web node_modules/expo-router/entry.js ░░░░░░░░░░░░░░░░  0.0% (0/1)
[2026-06-14T19:39:23.218Z] [1] Web node_modules/expo-router/entry.js ░░░░░░░░░░░░░░░░  0.0% (0/1)
[2026-06-14T19:39:23.218Z] [1] Web node_modules/expo-router/entry.js ░░░░░░░░░░░░░░░░  0.0% (0/1)
[2026-06-14T19:39:23.218Z] [1] Web node_modules/expo-router/entry.js ░░░░░░░░░░░░░░░░  0.0% (0/1)
[2026-06-14T19:39:23.219Z] [1] Web node_modules/expo-router/entry.js ░░░░░░░░░░░░░░░░  0.0% (0/1)
[2026-06-14T19:39:23.219Z] [1] Web node_modules/expo-router/entry.js ░░░░░░░░░░░░░░░░  0.0% (0/1)
[2026-06-14T19:39:23.232Z] [1] EXPO_USE_METRO_WORKSPACE_ROOT is enabled by default, use EXPO_NO_METRO_WORKSPACE_ROOT instead to disable.
[2026-06-14T19:39:23.233Z] [1] EXPO_USE_METRO_WORKSPACE_ROOT is enabled by default, use EXPO_NO_METRO_WORKSPACE_ROOT instead to disable.
[2026-06-14T19:39:23.458Z] [1] λ Bundled 42ms node_modules/expo-router/node/render.js (1 module)
[2026-06-14T19:39:23.576Z] [1] EXPO_USE_METRO_WORKSPACE_ROOT is enabled by default, use EXPO_NO_METRO_WORKSPACE_ROOT instead to disable.
[2026-06-14T19:39:23.578Z] [1] EXPO_USE_METRO_WORKSPACE_ROOT is enabled by default, use EXPO_NO_METRO_WORKSPACE_ROOT instead to disable.
[2026-06-14T19:39:23.814Z] [1] λ  WARN  props.pointerEvents is deprecated. Use style.pointerEvents
[2026-06-14T19:39:23.883Z] [1] λ  LOG  { colorScheme: 'light', setColorScheme: [Function (anonymous)] } {
[2026-06-14T19:39:23.883Z] [1]   '--color-primary': '#001A3D',
[2026-06-14T19:39:23.883Z] [1]   '--color-background': '#F8F9FA',
[2026-06-14T19:39:23.883Z] [1]   '--color-surface': '#FFFFFF',
[2026-06-14T19:39:23.883Z] [1]   '--color-foreground': '#0A0F1A',
[2026-06-14T19:39:23.883Z] [1]   '--color-muted': '#6B7280',
[2026-06-14T19:39:23.883Z] [1]   '--color-border': '#E5E7EB',
[2026-06-14T19:39:23.883Z] [1]   '--color-success': '#22C55E',
[2026-06-14T19:39:23.883Z] [1]   '--color-warning': '#F59E0B',
[2026-06-14T19:39:23.883Z] [1]   '--color-error': '#EF4444'
[2026-06-14T19:39:23.883Z] [1] }
[2026-06-14T19:39:23.883Z] [1] Web node_modules/expo-router/entry.js ▓▓▓▓▓▓▓▓▓▓▓▓▓▓░░ 90.4% (0/1)
[2026-06-14T19:39:23.883Z] [1] Web node_modules/expo-router/entry.js ░░░░░░░░░░░░░░░░  0.0% (0/1)
[2026-06-14T19:39:23.883Z] [1] Web node_modules/expo-router/entry.js ░░░░░░░░░░░░░░░░  0.0% (0/1)
[2026-06-14T19:39:23.883Z] [1] Web node_modules/expo-router/entry.js ░░░░░░░░░░░░░░░░  0.0% (0/1)
[2026-06-14T19:39:23.883Z] [1] Web node_modules/expo-router/entry.js ░░░░░░░░░░░░░░░░  0.0% (0/1)
[2026-06-14T19:39:23.883Z] [1] Web node_modules/expo-router/entry.js ░░░░░░░░░░░░░░░░  0.0% (0/1)
[2026-06-14T19:39:23.883Z] [1] Web node_modules/expo-router/entry.js ░░░░░░░░░░░░░░░░  0.0% (0/1)
[2026-06-14T19:39:23.883Z] [1] Web node_modules/expo-router/entry.js ░░░░░░░░░░░░░░░░  0.0% (0/1)
[2026-06-14T19:39:23.883Z] [1] Web node_modules/expo-router/entry.js ░░░░░░░░░░░░░░░░  0.0% (0/1)
[2026-06-14T19:39:23.883Z] [1] Web node_modules/expo-router/entry.js ░░░░░░░░░░░░░░░░  0.0% (0/1)
[2026-06-14T19:39:23.884Z] [1] Web node_modules/expo-router/entry.js ░░░░░░░░░░░░░░░░  0.0% (0/1)
[2026-06-14T19:39:23.884Z] [1] Web node_modules/expo-router/entry.js ░░░░░░░░░░░░░░░░  0.0% (0/1)
[2026-06-14T19:39:23.884Z] [1] Web node_modules/expo-router/entry.js ░░░░░░░░░░░░░░░░  0.0% (0/1)
[2026-06-14T19:39:23.884Z] [1] Web node_modules/expo-router/entry.js ░░░░░░░░░░░░░░░░  0.0% (0/1)
[2026-06-14T19:39:23.884Z] [1] Web node_modules/expo-router/entry.js ░░░░░░░░░░░░░░░░  0.0% (0/1)
[2026-06-14T19:39:23.884Z] [1] Web node_modules/expo-router/entry.js ░░░░░░░░░░░░░░░░  0.0% (0/1)
[2026-06-14T19:39:23.884Z] [1] Web node_modules/expo-router/entry.js ░░░░░░░░░░░░░░░░  0.0% (0/1)
[2026-06-14T19:39:23.884Z] [1] λ node_modules/expo-router/node/render.js ░░░░░░░░░░░░░░░░  0.0% (0/1)
[2026-06-14T19:39:23.902Z] [1] EXPO_USE_METRO_WORKSPACE_ROOT is enabled by default, use EXPO_NO_METRO_WORKSPACE_ROOT instead to disable.
[2026-06-14T19:39:23.903Z] [1] EXPO_USE_METRO_WORKSPACE_ROOT is enabled by default, use EXPO_NO_METRO_WORKSPACE_ROOT instead to disable.
[2026-06-14T19:39:24.090Z] [1] λ  WARN  props.pointerEvents is deprecated. Use style.pointerEvents
[2026-06-14T19:39:24.115Z] [1] λ  LOG  { colorScheme: 'light', setColorScheme: [Function (anonymous)] } {
[2026-06-14T19:39:24.116Z] [1]   '--color-primary': '#001A3D',
[2026-06-14T19:39:24.116Z] [1]   '--color-background': '#F8F9FA',
[2026-06-14T19:39:24.116Z] [1]   '--color-surface': '#FFFFFF',
[2026-06-14T19:39:24.116Z] [1]   '--color-foreground': '#0A0F1A',
[2026-06-14T19:39:24.116Z] [1]   '--color-muted': '#6B7280',
[2026-06-14T19:39:24.116Z] [1]   '--color-border': '#E5E7EB',
[2026-06-14T19:39:24.116Z] [1]   '--color-success': '#22C55E',
[2026-06-14T19:39:24.116Z] [1]   '--color-warning': '#F59E0B',
[2026-06-14T19:39:24.116Z] [1]   '--color-error': '#EF4444'
[2026-06-14T19:39:24.116Z] [1] }
[2026-06-14T19:39:24.116Z] [1] Web node_modules/expo-router/entry.js ▓▓▓▓▓▓▓▓▓▓▓▓▓▓░░ 90.4% (0/1)
[2026-06-14T19:39:24.116Z] [1] Web node_modules/expo-router/entry.js ░░░░░░░░░░░░░░░░  0.0% (0/1)
[2026-06-14T19:39:24.116Z] [1] Web node_modules/expo-router/entry.js ░░░░░░░░░░░░░░░░  0.0% (0/1)
[2026-06-14T19:39:24.116Z] [1] Web node_modules/expo-router/entry.js ░░░░░░░░░░░░░░░░  0.0% (0/1)
[2026-06-14T19:39:24.116Z] [1] Web node_modules/expo-router/entry.js ░░░░░░░░░░░░░░░░  0.0% (0/1)
[2026-06-14T19:39:24.116Z] [1] Web node_modules/expo-router/entry.js ░░░░░░░░░░░░░░░░  0.0% (0/1)
[2026-06-14T19:39:24.116Z] [1] Web node_modules/expo-router/entry.js ░░░░░░░░░░░░░░░░  0.0% (0/1)
[2026-06-14T19:39:24.116Z] [1] Web node_modules/expo-router/entry.js ░░░░░░░░░░░░░░░░  0.0% (0/1)
[2026-06-14T19:39:24.116Z] [1] Web node_modules/expo-router/entry.js ░░░░░░░░░░░░░░░░  0.0% (0/1)
[2026-06-14T19:39:24.116Z] [1] Web node_modules/expo-router/entry.js ░░░░░░░░░░░░░░░░  0.0% (0/1)
[2026-06-14T19:39:24.116Z] [1] Web node_modules/expo-router/entry.js ░░░░░░░░░░░░░░░░  0.0% (0/1)
[2026-06-14T19:39:24.116Z] [1] Web node_modules/expo-router/entry.js ░░░░░░░░░░░░░░░░  0.0% (0/1)
[2026-06-14T19:39:24.116Z] [1] Web node_modules/expo-router/entry.js ░░░░░░░░░░░░░░░░  0.0% (0/1)
[2026-06-14T19:39:24.116Z] [1] Web node_modules/expo-router/entry.js ░░░░░░░░░░░░░░░░  0.0% (0/1)
[2026-06-14T19:39:24.116Z] [1] Web node_modules/expo-router/entry.js ░░░░░░░░░░░░░░░░  0.0% (0/1)
[2026-06-14T19:39:24.116Z] [1] Web node_modules/expo-router/entry.js ░░░░░░░░░░░░░░░░  0.0% (0/1)
[2026-06-14T19:39:24.116Z] [1] Web node_modules/expo-router/entry.js ░░░░░░░░░░░░░░░░  0.0% (0/1)
[2026-06-14T19:39:24.116Z] [1] λ node_modules/expo-router/node/render.js ░░░░░░░░░░░░░░░░  0.0% (0/1)
[2026-06-14T19:39:24.116Z] [1] Web node_modules/expo-router/entry.js ░░░░░░░░░░░░░░░░  0.0% (0/1)
[2026-06-14T19:39:24.116Z] [1] λ node_modules/expo-router/node/render.js ░░░░░░░░░░░░░░░░  0.0% (0/1)
[2026-06-14T19:39:24.167Z] [1] EXPO_USE_METRO_WORKSPACE_ROOT is enabled by default, use EXPO_NO_METRO_WORKSPACE_ROOT instead to disable.
[2026-06-14T19:39:24.169Z] [1] EXPO_USE_METRO_WORKSPACE_ROOT is enabled by default, use EXPO_NO_METRO_WORKSPACE_ROOT instead to disable.
[2026-06-14T19:39:24.190Z] [1] EXPO_USE_METRO_WORKSPACE_ROOT is enabled by default, use EXPO_NO_METRO_WORKSPACE_ROOT instead to disable.
[2026-06-14T19:39:24.191Z] [1] EXPO_USE_METRO_WORKSPACE_ROOT is enabled by default, use EXPO_NO_METRO_WORKSPACE_ROOT instead to disable.
[2026-06-14T19:39:24.225Z] [1] EXPO_USE_METRO_WORKSPACE_ROOT is enabled by default, use EXPO_NO_METRO_WORKSPACE_ROOT instead to disable.
[2026-06-14T19:39:24.227Z] [1] EXPO_USE_METRO_WORKSPACE_ROOT is enabled by default, use EXPO_NO_METRO_WORKSPACE_ROOT instead to disable.
[2026-06-14T19:39:24.404Z] [1] Web Bundled 12327ms node_modules/expo-router/entry.js (1 module)
[2026-06-14T19:39:24.881Z] [1] Web Bundled 12381ms node_modules/expo-router/entry.js (1 module)
[2026-06-14T19:39:24.881Z] [1] Web Bundled 12415ms node_modules/expo-router/entry.js (1 module)
[2026-06-14T19:39:24.881Z] [1] Web Bundled 12478ms node_modules/expo-router/entry.js (1 module)
[2026-06-14T19:39:24.881Z] [1] Web Bundled 12510ms node_modules/expo-router/entry.js (1 module)
[2026-06-14T19:39:24.881Z] [1] Web Bundled 12543ms node_modules/expo-router/entry.js (1 module)
[2026-06-14T19:39:24.881Z] [1] Web Bundled 12574ms node_modules/expo-router/entry.js (1 module)
[2026-06-14T19:39:24.881Z] [1] Web Bundled 12604ms node_modules/expo-router/entry.js (1 module)
[2026-06-14T19:39:24.881Z] [1] Web Bundled 12636ms node_modules/expo-router/entry.js (1 module)
[2026-06-14T19:39:24.881Z] [1] Web Bundled 11671ms node_modules/expo-router/entry.js (1 module)
[2026-06-14T19:39:24.881Z] [1] Web Bundled 10594ms node_modules/expo-router/entry.js (1 module)
[2026-06-14T19:39:24.881Z] [1] Web Bundled 9869ms node_modules/expo-router/entry.js (1 module)
[2026-06-14T19:39:24.881Z] [1] Web Bundled 3641ms node_modules/expo-router/entry.js (1 module)
[2026-06-14T19:39:24.881Z] [1] Web Bundled 2559ms node_modules/expo-router/entry.js (1 module)
[2026-06-14T19:39:24.913Z] [1] Error: Premature close
[2026-06-14T19:39:24.914Z] [1]     at onclose (node:internal/streams/end-of-stream:158:30)
[2026-06-14T19:39:24.914Z] [1]     at processTicksAndRejections (node:internal/process/task_queues:85:11)
[2026-06-14T19:39:24.955Z] [1] Web Bundled 2342ms node_modules/expo-router/entry.js (1 module)
[2026-06-14T19:39:24.955Z] [1]
[2026-06-14T19:39:24.955Z] Web Bundled 1721ms node_modules/expo-router/entry.js (1 module)
[2026-06-14T19:39:24.993Z] [1] Error: Premature close
[2026-06-14T19:39:24.993Z] [1]     at onclose (node:internal/streams/end-of-stream:158:30)
[2026-06-14T19:39:24.993Z] [1]     at processTicksAndRejections (node:internal/process/task_queues:85:11)
[2026-06-14T19:39:24.995Z] [1] EXPO_USE_METRO_WORKSPACE_ROOT is enabled by default, use EXPO_NO_METRO_WORKSPACE_ROOT instead to disable.
[2026-06-14T19:39:25.003Z] [1] EXPO_USE_METRO_WORKSPACE_ROOT is enabled by default, use EXPO_NO_METRO_WORKSPACE_ROOT instead to disable.
[2026-06-14T19:39:25.006Z] [1] Error: Premature close
[2026-06-14T19:39:25.006Z] [1]     at onclose (node:internal/streams/end-of-stream:158:30)
[2026-06-14T19:39:25.006Z] [1]     at processTicksAndRejections (node:internal/process/task_queues:85:11)
[2026-06-14T19:39:25.940Z] [1] λ Bundled 2357ms node_modules/expo-router/node/render.js (1 module)
[2026-06-14T19:39:26.645Z] [1]
[2026-06-14T19:39:26.646Z] λ Bundled 2085ms node_modules/expo-router/node/render.js (1 module)
[2026-06-14T19:39:26.646Z] [1] λ Bundled 1872ms node_modules/expo-router/node/render.js (1 module)
[2026-06-14T19:39:26.646Z] [1] λ Bundled 1901ms node_modules/expo-router/node/render.js (1 module)
[2026-06-14T19:39:26.646Z] [1] λ Bundled 1917ms node_modules/expo-router/node/render.js (1 module)
[2026-06-14T19:39:26.646Z] [1] λ Bundled 1191ms node_modules/expo-router/node/render.js (1 module)
[2026-06-14T19:39:27.600Z] [1] λ  LOG  { colorScheme: 'light', setColorScheme: [Function (anonymous)] } {
[2026-06-14T19:39:27.600Z] [1]   '--color-primary': '#001A3D',
[2026-06-14T19:39:27.600Z] [1]   '--color-background': '#F8F9FA',
[2026-06-14T19:39:27.600Z] [1]   '--color-surface': '#FFFFFF',
[2026-06-14T19:39:27.600Z] [1]   '--color-foreground': '#0A0F1A',
[2026-06-14T19:39:27.600Z] [1]   '--color-muted': '#6B7280',
[2026-06-14T19:39:27.600Z] [1]   '--color-border': '#E5E7EB',
[2026-06-14T19:39:27.600Z] [1]   '--color-success': '#22C55E',
[2026-06-14T19:39:27.600Z] [1]   '--color-warning': '#F59E0B',
[2026-06-14T19:39:27.600Z] [1]   '--color-error': '#EF4444'
[2026-06-14T19:39:27.600Z] [1] }
[2026-06-14T19:39:27.678Z] [1] λ  WARN  props.pointerEvents is deprecated. Use style.pointerEvents
[2026-06-14T19:39:27.694Z] [1] Web node_modules/expo-router/entry.js ░░░░░░░░░░░░░░░░  0.0% (0/1)
[2026-06-14T19:39:27.694Z] [1] Web node_modules/expo-router/entry.js ░░░░░░░░░░░░░░░░  0.0% (0/1)
[2026-06-14T19:39:27.694Z] [1] Web node_modules/expo-router/entry.js ░░░░░░░░░░░░░░░░  0.0% (0/1)
[2026-06-14T19:39:27.694Z] [1] Web node_modules/expo-router/entry.js ░░░░░░░░░░░░░░░░  0.0% (0/1)
[2026-06-14T19:39:27.694Z] [1] Web node_modules/expo-router/entry.js ░░░░░░░░░░░░░░░░  0.0% (0/1)
[2026-06-14T19:39:27.694Z] [1] Web node_modules/expo-router/entry.js ░░░░░░░░░░░░░░░░  0.0% (0/1)
[2026-06-14T19:39:27.694Z] [1] Web node_modules/expo-router/entry.js ░░░░░░░░░░░░░░░░  0.0% (0/1)
[2026-06-14T19:39:27.836Z] [1] λ  LOG  { colorScheme: 'light', setColorScheme: [Function (anonymous)] } {
[2026-06-14T19:39:27.836Z] [1]   '--color-primary': '#001A3D',
[2026-06-14T19:39:27.836Z] [1]   '--color-background': '#F8F9FA',
[2026-06-14T19:39:27.836Z] [1]   '--color-surface': '#FFFFFF',
[2026-06-14T19:39:27.836Z] [1]   '--color-foreground': '#0A0F1A',
[2026-06-14T19:39:27.836Z] [1]   '--color-muted': '#6B7280',
[2026-06-14T19:39:27.836Z] [1]   '--color-border': '#E5E7EB',
[2026-06-14T19:39:27.836Z] [1]   '--color-success': '#22C55E',
[2026-06-14T19:39:27.836Z] [1]   '--color-warning': '#F59E0B',
[2026-06-14T19:39:27.836Z] [1]   '--color-error': '#EF4444'
[2026-06-14T19:39:27.836Z] [1] }
[2026-06-14T19:39:27.900Z] [1] λ  WARN  props.pointerEvents is deprecated. Use style.pointerEvents
[2026-06-14T19:39:27.913Z] [1] Web node_modules/expo-router/entry.js ░░░░░░░░░░░░░░░░  0.0% (0/1)
[2026-06-14T19:39:27.913Z] [1] Web node_modules/expo-router/entry.js ░░░░░░░░░░░░░░░░  0.0% (0/1)
[2026-06-14T19:39:27.913Z] [1] Web node_modules/expo-router/entry.js ░░░░░░░░░░░░░░░░  0.0% (0/1)
[2026-06-14T19:39:27.913Z] [1] Web node_modules/expo-router/entry.js ░░░░░░░░░░░░░░░░  0.0% (0/1)
[2026-06-14T19:39:27.913Z] [1] Web node_modules/expo-router/entry.js ░░░░░░░░░░░░░░░░  0.0% (0/1)
[2026-06-14T19:39:27.913Z] [1] Web node_modules/expo-router/entry.js ░░░░░░░░░░░░░░░░  0.0% (0/1)
[2026-06-14T19:39:27.913Z] [1] Web node_modules/expo-router/entry.js ░░░░░░░░░░░░░░░░  0.0% (0/1)
[2026-06-14T19:39:28.027Z] [1] λ  LOG  { colorScheme: 'light', setColorScheme: [Function (anonymous)] } {
[2026-06-14T19:39:28.027Z] [1]   '--color-primary': '#001A3D',
[2026-06-14T19:39:28.027Z] [1]   '--color-background': '#F8F9FA',
[2026-06-14T19:39:28.027Z] [1]   '--color-surface': '#FFFFFF',
[2026-06-14T19:39:28.027Z] [1]   '--color-foreground': '#0A0F1A',
[2026-06-14T19:39:28.027Z] [1]   '--color-muted': '#6B7280',
[2026-06-14T19:39:28.027Z] [1]   '--color-border': '#E5E7EB',
[2026-06-14T19:39:28.027Z] [1]   '--color-success': '#22C55E',
[2026-06-14T19:39:28.027Z] [1]   '--color-warning': '#F59E0B',
[2026-06-14T19:39:28.027Z] [1]   '--color-error': '#EF4444'
[2026-06-14T19:39:28.027Z] [1] }
[2026-06-14T19:39:28.080Z] [1] λ  WARN  props.pointerEvents is deprecated. Use style.pointerEvents
[2026-06-14T19:39:28.094Z] [1] Web node_modules/expo-router/entry.js ░░░░░░░░░░░░░░░░  0.0% (0/1)
[2026-06-14T19:39:28.094Z] [1] Web node_modules/expo-router/entry.js ░░░░░░░░░░░░░░░░  0.0% (0/1)
[2026-06-14T19:39:28.094Z] [1] Web node_modules/expo-router/entry.js ░░░░░░░░░░░░░░░░  0.0% (0/1)
[2026-06-14T19:39:28.094Z] [1] Web node_modules/expo-router/entry.js ░░░░░░░░░░░░░░░░  0.0% (0/1)
[2026-06-14T19:39:28.094Z] [1] Web node_modules/expo-router/entry.js ░░░░░░░░░░░░░░░░  0.0% (0/1)
[2026-06-14T19:39:28.094Z] [1] Web node_modules/expo-router/entry.js ░░░░░░░░░░░░░░░░  0.0% (0/1)
[2026-06-14T19:39:28.094Z] [1] Web node_modules/expo-router/entry.js ░░░░░░░░░░░░░░░░  0.0% (0/1)
[2026-06-14T19:39:28.245Z] [1] λ  LOG  { colorScheme: 'light', setColorScheme: [Function (anonymous)] } {
[2026-06-14T19:39:28.246Z] [1]   '--color-primary': '#001A3D',
[2026-06-14T19:39:28.246Z] [1]   '--color-background': '#F8F9FA',
[2026-06-14T19:39:28.246Z] [1]   '--color-surface': '#FFFFFF',
[2026-06-14T19:39:28.246Z] [1]   '--color-foreground': '#0A0F1A',
[2026-06-14T19:39:28.246Z] [1]   '--color-muted': '#6B7280',
[2026-06-14T19:39:28.246Z] [1]   '--color-border': '#E5E7EB',
[2026-06-14T19:39:28.246Z] [1]   '--color-success': '#22C55E',
[2026-06-14T19:39:28.246Z] [1]   '--color-warning': '#F59E0B',
[2026-06-14T19:39:28.246Z] [1]   '--color-error': '#EF4444'
[2026-06-14T19:39:28.246Z] [1] }
[2026-06-14T19:39:28.297Z] [1] λ  WARN  props.pointerEvents is deprecated. Use style.pointerEvents
[2026-06-14T19:39:28.311Z] [1] Web node_modules/expo-router/entry.js ░░░░░░░░░░░░░░░░  0.0% (0/1)
[2026-06-14T19:39:28.311Z] [1] Web node_modules/expo-router/entry.js ░░░░░░░░░░░░░░░░  0.0% (0/1)
[2026-06-14T19:39:28.311Z] [1] Web node_modules/expo-router/entry.js ░░░░░░░░░░░░░░░░  0.0% (0/1)
[2026-06-14T19:39:28.311Z] [1] Web node_modules/expo-router/entry.js ░░░░░░░░░░░░░░░░  0.0% (0/1)
[2026-06-14T19:39:28.311Z] [1] Web node_modules/expo-router/entry.js ░░░░░░░░░░░░░░░░  0.0% (0/1)
[2026-06-14T19:39:28.311Z] [1] Web node_modules/expo-router/entry.js ░░░░░░░░░░░░░░░░  0.0% (0/1)
[2026-06-14T19:39:28.311Z] [1] Web node_modules/expo-router/entry.js ░░░░░░░░░░░░░░░░  0.0% (0/1)
[2026-06-14T19:39:28.455Z] [1] λ  LOG  { colorScheme: 'light', setColorScheme: [Function (anonymous)] } {
[2026-06-14T19:39:28.455Z] [1]   '--color-primary': '#001A3D',
[2026-06-14T19:39:28.455Z] [1]   '--color-background': '#F8F9FA',
[2026-06-14T19:39:28.455Z] [1]   '--color-surface': '#FFFFFF',
[2026-06-14T19:39:28.455Z] [1]   '--color-foreground': '#0A0F1A',
[2026-06-14T19:39:28.455Z] [1]   '--color-muted': '#6B7280',
[2026-06-14T19:39:28.455Z] [1]   '--color-border': '#E5E7EB',
[2026-06-14T19:39:28.455Z] [1]   '--color-success': '#22C55E',
[2026-06-14T19:39:28.455Z] [1]   '--color-warning': '#F59E0B',
[2026-06-14T19:39:28.455Z] [1]   '--color-error': '#EF4444'
[2026-06-14T19:39:28.455Z] [1] }
[2026-06-14T19:39:28.507Z] [1] λ  WARN  props.pointerEvents is deprecated. Use style.pointerEvents
[2026-06-14T19:39:28.521Z] [1] Web node_modules/expo-router/entry.js ░░░░░░░░░░░░░░░░  0.0% (0/1)
[2026-06-14T19:39:28.521Z] [1] Web node_modules/expo-router/entry.js ░░░░░░░░░░░░░░░░  0.0% (0/1)
[2026-06-14T19:39:28.521Z] [1] Web node_modules/expo-router/entry.js ░░░░░░░░░░░░░░░░  0.0% (0/1)
[2026-06-14T19:39:28.521Z] [1] Web node_modules/expo-router/entry.js ░░░░░░░░░░░░░░░░  0.0% (0/1)
[2026-06-14T19:39:28.521Z] [1] Web node_modules/expo-router/entry.js ░░░░░░░░░░░░░░░░  0.0% (0/1)
[2026-06-14T19:39:28.521Z] [1] Web node_modules/expo-router/entry.js ░░░░░░░░░░░░░░░░  0.0% (0/1)
[2026-06-14T19:39:28.521Z] [1] Web node_modules/expo-router/entry.js ░░░░░░░░░░░░░░░░  0.0% (0/1)
[2026-06-14T19:39:28.664Z] [1] λ  LOG  { colorScheme: 'light', setColorScheme: [Function (anonymous)] } {
[2026-06-14T19:39:28.664Z] [1]   '--color-primary': '#001A3D',
[2026-06-14T19:39:28.664Z] [1]   '--color-background': '#F8F9FA',
[2026-06-14T19:39:28.664Z] [1]   '--color-surface': '#FFFFFF',
[2026-06-14T19:39:28.664Z] [1]   '--color-foreground': '#0A0F1A',
[2026-06-14T19:39:28.664Z] [1]   '--color-muted': '#6B7280',
[2026-06-14T19:39:28.664Z] [1]   '--color-border': '#E5E7EB',
[2026-06-14T19:39:28.664Z] [1]   '--color-success': '#22C55E',
[2026-06-14T19:39:28.664Z] [1]   '--color-warning': '#F59E0B',
[2026-06-14T19:39:28.664Z] [1]   '--color-error': '#EF4444'
[2026-06-14T19:39:28.664Z] [1] }
[2026-06-14T19:39:28.716Z] [1] λ  WARN  props.pointerEvents is deprecated. Use style.pointerEvents
[2026-06-14T19:39:28.728Z] [1] Web node_modules/expo-router/entry.js ░░░░░░░░░░░░░░░░  0.0% (0/1)
[2026-06-14T19:39:28.728Z] [1] Web node_modules/expo-router/entry.js ░░░░░░░░░░░░░░░░  0.0% (0/1)
[2026-06-14T19:39:28.728Z] [1] Web node_modules/expo-router/entry.js ░░░░░░░░░░░░░░░░  0.0% (0/1)
[2026-06-14T19:39:28.728Z] [1] Web node_modules/expo-router/entry.js ░░░░░░░░░░░░░░░░  0.0% (0/1)
[2026-06-14T19:39:28.728Z] [1] Web node_modules/expo-router/entry.js ░░░░░░░░░░░░░░░░  0.0% (0/1)
[2026-06-14T19:39:28.728Z] [1] Web node_modules/expo-router/entry.js ░░░░░░░░░░░░░░░░  0.0% (0/1)
[2026-06-14T19:39:28.728Z] [1] Web node_modules/expo-router/entry.js ░░░░░░░░░░░░░░░░  0.0% (0/1)
[2026-06-14T19:39:29.466Z] [1] Web Bundled 5561ms node_modules/expo-router/entry.js (1 module)
[2026-06-14T19:39:29.700Z] [1] Web Bundled 5972ms node_modules/expo-router/entry.js (1 module)
[2026-06-14T19:39:29.700Z] [1] Web Bundled 5390ms node_modules/expo-router/entry.js (1 module)
[2026-06-14T19:39:29.700Z] [1] Web Bundled 5444ms node_modules/expo-router/entry.js (1 module)
[2026-06-14T19:39:29.700Z] [1] Web Bundled 5416ms node_modules/expo-router/entry.js (1 module)
[2026-06-14T19:39:29.700Z] [1] Web Bundled 4665ms node_modules/expo-router/entry.js (1 module)
[2026-06-14T19:39:29.736Z] [1] Error: Premature close
[2026-06-14T19:39:29.736Z] [1]     at onclose (node:internal/streams/end-of-stream:158:30)
[2026-06-14T19:39:29.736Z] [1]     at processTicksAndRejections (node:internal/process/task_queues:85:11)
[2026-06-14T19:39:29.736Z] [1] Error: Premature close
[2026-06-14T19:39:29.736Z] [1]     at onclose (node:internal/streams/end-of-stream:158:30)
[2026-06-14T19:39:29.736Z] [1]     at processTicksAndRejections (node:internal/process/task_queues:85:11)
[2026-06-14T19:39:29.736Z] [1] Error: Premature close
[2026-06-14T19:39:29.736Z] [1]     at onclose (node:internal/streams/end-of-stream:158:30)
[2026-06-14T19:39:29.736Z] [1]     at processTicksAndRejections (node:internal/process/task_queues:85:11)
[2026-06-14T19:39:29.737Z] [1]
[2026-06-14T19:39:29.737Z] Error: Premature close
[2026-06-14T19:39:29.737Z] [1]     at onclose (node:internal/streams/end-of-stream:158:30)
[2026-06-14T19:39:29.737Z] [1]     at processTicksAndRejections (node:internal/process/task_queues:85:11)
[2026-06-14T19:39:29.737Z] [1] Error: Premature close
[2026-06-14T19:39:29.737Z] [1]     at onclose (node:internal/streams/end-of-stream:158:30)
[2026-06-14T19:39:29.737Z] [1]     at processTicksAndRejections (node:internal/process/task_queues:85:11)
[2026-06-14T19:39:30.247Z] [1] Web Bundled 5331ms node_modules/expo-router/entry.js (1380 modules)
[2026-06-14T19:39:30.300Z] [1] Web Bundled 222ms node_modules/expo-router/entry.js (1 module)
[2026-06-14T19:39:30.923Z] [1]  LOG  [web] Logs will appear in the browser console
[2026-06-14T19:39:31.297Z] [1] EXPO_USE_METRO_WORKSPACE_ROOT is enabled by default, use EXPO_NO_METRO_WORKSPACE_ROOT instead to disable.
[2026-06-14T19:39:31.300Z] [1] EXPO_USE_METRO_WORKSPACE_ROOT is enabled by default, use EXPO_NO_METRO_WORKSPACE_ROOT instead to disable.
[2026-06-14T19:39:31.370Z] [1] λ Bundled 66ms node_modules/expo-router/node/render.js (1 module)
[2026-06-14T19:39:31.392Z] ELIFECYCLE  Command failed.
[2026-06-14T19:39:31.420Z] [0]  ELIFECYCLE  Command failed.
[2026-06-14T19:39:31.420Z] [1]  ELIFECYCLE  Command failed.
[2026-06-14T19:39:31.439Z] [0] 7:39:31 PM [tsx] Previous process hasn't exited yet. Force killing...
[2026-06-14T19:39:31.452Z] [0] pnpm dev:server exited with code SIGTERM
[2026-06-14T19:39:31.452Z] --> Sending SIGTERM to other processes..
[2026-06-14T19:39:31.576Z] [1] pnpm dev:metro exited with code SIGTERM
[2026-06-14T19:39:32.945Z] Lockfile is up to date, resolution step is skipped
[2026-06-14T19:39:33.264Z] Progress: resolved 0, reused 1, downloaded 0, added 0
[2026-06-14T19:39:33.419Z] Dev server exited with code -1
[2026-06-14T19:39:34.442Z] Starting dev server with command: pnpm run dev
[2026-06-14T19:39:35.698Z] > app-template@1.0.0 dev /home/ubuntu/aldwych-mobile-app
[2026-06-14T19:39:35.698Z] > concurrently -k "pnpm dev:server" "pnpm dev:metro"
[2026-06-14T19:39:36.502Z] [0]
[2026-06-14T19:39:36.503Z] [0] > app-template@1.0.0 dev:server /home/ubuntu/aldwych-mobile-app
[2026-06-14T19:39:36.503Z] [0] > cross-env NODE_ENV=development tsx watch server/_core/index.ts
[2026-06-14T19:39:36.503Z] [0]
[2026-06-14T19:39:36.558Z] [1]
[2026-06-14T19:39:36.558Z] [1] > app-template@1.0.0 dev:metro /home/ubuntu/aldwych-mobile-app
[2026-06-14T19:39:36.558Z] [1] > cross-env EXPO_USE_METRO_WORKSPACE_ROOT=1 npx expo start --web --port ${EXPO_PORT:-8081}
[2026-06-14T19:39:36.558Z] [1]
[2026-06-14T19:39:37.484Z] [1] Starting project at /home/ubuntu/aldwych-mobile-app
[2026-06-14T19:39:38.051Z] [1]
[2026-06-14T19:39:38.051Z] EXPO_USE_METRO_WORKSPACE_ROOT is enabled by default, use EXPO_NO_METRO_WORKSPACE_ROOT instead to disable.
[2026-06-14T19:39:38.541Z] [1]
[2026-06-14T19:39:38.541Z] EXPO_USE_METRO_WORKSPACE_ROOT is enabled by default, use EXPO_NO_METRO_WORKSPACE_ROOT instead to disable.
[2026-06-14T19:39:38.542Z] [1]
[2026-06-14T19:39:38.542Z] EXPO_USE_METRO_WORKSPACE_ROOT is enabled by default, use EXPO_NO_METRO_WORKSPACE_ROOT instead to disable.
[2026-06-14T19:39:38.543Z] [1] EXPO_USE_METRO_WORKSPACE_ROOT is enabled by default, use EXPO_NO_METRO_WORKSPACE_ROOT instead to disable.
[2026-06-14T19:39:38.879Z] [1] React Compiler enabled
[2026-06-14T19:39:39.077Z] [1] Starting Metro Bundler
[2026-06-14T19:39:39.116Z] [1] EXPO_USE_METRO_WORKSPACE_ROOT is enabled by default, use EXPO_NO_METRO_WORKSPACE_ROOT instead to disable.
[2026-06-14T19:39:39.880Z] [1] EXPO_USE_METRO_WORKSPACE_ROOT is enabled by default, use EXPO_NO_METRO_WORKSPACE_ROOT instead to disable.
[2026-06-14T19:39:39.882Z] [1] EXPO_USE_METRO_WORKSPACE_ROOT is enabled by default, use EXPO_NO_METRO_WORKSPACE_ROOT instead to disable.
[2026-06-14T19:39:40.425Z] [0] [OAuth] Initialized with baseURL: https://api.manus.im
[2026-06-14T19:39:40.657Z] [0] [api] server listening on port 3000
[2026-06-14T19:39:42.255Z] [1] EXPO_USE_METRO_WORKSPACE_ROOT is enabled by default, use EXPO_NO_METRO_WORKSPACE_ROOT instead to disable.
[2026-06-14T19:39:42.256Z] [1] EXPO_USE_METRO_WORKSPACE_ROOT is enabled by default, use EXPO_NO_METRO_WORKSPACE_ROOT instead to disable.
[2026-06-14T19:39:44.297Z] [1] EXPO_USE_METRO_WORKSPACE_ROOT is enabled by default, use EXPO_NO_METRO_WORKSPACE_ROOT instead to disable.
[2026-06-14T19:39:44.298Z] [1] EXPO_USE_METRO_WORKSPACE_ROOT is enabled by default, use EXPO_NO_METRO_WORKSPACE_ROOT instead to disable.
[2026-06-14T19:39:44.889Z] [1] EXPO_USE_METRO_WORKSPACE_ROOT is enabled by default, use EXPO_NO_METRO_WORKSPACE_ROOT instead to disable.
[2026-06-14T19:39:44.890Z] [1]
[2026-06-14T19:39:44.890Z] EXPO_USE_METRO_WORKSPACE_ROOT is enabled by default, use EXPO_NO_METRO_WORKSPACE_ROOT instead to disable.
[2026-06-14T19:39:45.401Z] [1] EXPO_USE_METRO_WORKSPACE_ROOT is enabled by default, use EXPO_NO_METRO_WORKSPACE_ROOT instead to disable.
[2026-06-14T19:39:45.402Z] [1]
[2026-06-14T19:39:45.402Z] EXPO_USE_METRO_WORKSPACE_ROOT is enabled by default, use EXPO_NO_METRO_WORKSPACE_ROOT instead to disable.
[2026-06-14T19:39:45.665Z] [1] EXPO_USE_METRO_WORKSPACE_ROOT is enabled by default, use EXPO_NO_METRO_WORKSPACE_ROOT instead to disable.
[2026-06-14T19:39:45.666Z] [1] EXPO_USE_METRO_WORKSPACE_ROOT is enabled by default, use EXPO_NO_METRO_WORKSPACE_ROOT instead to disable.
[2026-06-14T19:39:46.094Z] [1] EXPO_USE_METRO_WORKSPACE_ROOT is enabled by default, use EXPO_NO_METRO_WORKSPACE_ROOT instead to disable.
[2026-06-14T19:39:46.095Z] [1] EXPO_USE_METRO_WORKSPACE_ROOT is enabled by default, use EXPO_NO_METRO_WORKSPACE_ROOT instead to disable.
[2026-06-14T19:39:46.182Z] [1]
[2026-06-14T19:39:46.182Z] Web node_modules/expo-router/entry.js ░░░░░░░░░░░░░░░░  0.0% (0/1)
[2026-06-14T19:39:46.182Z] [1] λ node_modules/expo-router/node/render.js ░░░░░░░░░░░░░░░░  0.0% (0/1)
[2026-06-14T19:39:46.182Z] [1] Web node_modules/expo-router/entry.js ░░░░░░░░░░░░░░░░  0.0% (0/1)
[2026-06-14T19:39:46.182Z] [1] λ node_modules/expo-router/node/render.js ░░░░░░░░░░░░░░░░  0.0% (0/1)
[2026-06-14T19:39:46.182Z] [1] Web node_modules/expo-router/entry.js ░░░░░░░░░░░░░░░░  0.0% (0/1)
[2026-06-14T19:39:46.182Z] [1] λ node_modules/expo-router/node/render.js ░░░░░░░░░░░░░░░░  0.0% (0/1)
[2026-06-14T19:39:46.182Z] [1] Web node_modules/expo-router/entry.js ░░░░░░░░░░░░░░░░  0.0% (0/1)
[2026-06-14T19:39:46.182Z] [1] λ node_modules/expo-router/node/render.js ░░░░░░░░░░░░░░░░  0.0% (0/1)
[2026-06-14T19:39:46.182Z] [1] Web node_modules/expo-router/entry.js ░░░░░░░░░░░░░░░░  0.0% (0/1)
[2026-06-14T19:39:46.182Z] [1] λ node_modules/expo-router/node/render.js ░░░░░░░░░░░░░░░░  0.0% (0/1)
[2026-06-14T19:39:46.182Z] [1] Web node_modules/expo-router/entry.js ░░░░░░░░░░░░░░░░  0.0% (0/1)
[2026-06-14T19:39:46.182Z] [1] λ node_modules/expo-router/node/render.js ░░░░░░░░░░░░░░░░  0.0% (0/1)
[2026-06-14T19:39:46.182Z] [1] Web node_modules/expo-router/entry.js ░░░░░░░░░░░░░░░░  0.0% (0/1)
[2026-06-14T19:39:46.182Z] [1] λ node_modules/expo-router/node/render.js ░░░░░░░░░░░░░░░░  0.0% (0/1)
[2026-06-14T19:39:46.233Z] [1] The following packages should be updated for best compatibility with the installed expo version:
[2026-06-14T19:39:46.234Z] [1]   expo@54.0.29 - expected version: ~54.0.35
[2026-06-14T19:39:46.234Z] [1]   expo-audio@1.1.0 - expected version: ~1.1.1
[2026-06-14T19:39:46.234Z] [1]   expo-constants@18.0.12 - expected version: ~18.0.13
[2026-06-14T19:39:46.235Z] [1]
[2026-06-14T19:39:46.235Z] expo-font@14.0.10 - expected version: ~14.0.12
[2026-06-14T19:39:46.235Z] [1]   expo-linking@8.0.10 - expected version: ~8.0.12
[2026-06-14T19:39:46.235Z] [1]   expo-notifications@0.32.15 - expected version: ~0.32.17
[2026-06-14T19:39:46.235Z] [1]   expo-router@6.0.19 - expected version: ~6.0.24
[2026-06-14T19:39:46.235Z] [1]   expo-splash-screen@31.0.12 - expected version: ~31.0.13
[2026-06-14T19:39:46.235Z] [1]   expo-video@3.0.15 - expected version: ~3.0.16
[2026-06-14T19:39:46.235Z] [1]   expo-web-browser@15.0.10 - expected version: ~15.0.11
[2026-06-14T19:39:46.235Z] [1] Your project may not work correctly until you install the expected versions of the packages.
[2026-06-14T19:39:46.249Z] [1] Waiting on http://localhost:8081
[2026-06-14T19:39:46.249Z] [1] Logs for your project will appear below.
[2026-06-14T19:39:46.249Z] [1] Web node_modules/expo-router/entry.js ░░░░░░░░░░░░░░░░  0.0% (0/1)
[2026-06-14T19:39:46.249Z] [1] λ node_modules/expo-router/node/render.js ░░░░░░░░░░░░░░░░  0.0% (0/1)
[2026-06-14T19:39:46.249Z] [1] Web node_modules/expo-router/entry.js ░░░░░░░░░░░░░░░░  0.0% (0/1)
[2026-06-14T19:39:46.249Z] [1] λ node_modules/expo-router/node/render.js ░░░░░░░░░░░░░░░░  0.0% (0/1)
[2026-06-14T19:39:46.249Z] [1] Web node_modules/expo-router/entry.js ░░░░░░░░░░░░░░░░  0.0% (0/1)
[2026-06-14T19:39:46.249Z] [1] λ node_modules/expo-router/node/render.js ░░░░░░░░░░░░░░░░  0.0% (0/1)
[2026-06-14T19:39:46.249Z] [1] Web node_modules/expo-router/entry.js ░░░░░░░░░░░░░░░░  0.0% (0/1)
[2026-06-14T19:39:46.249Z] [1] λ node_modules/expo-router/node/render.js ░░░░░░░░░░░░░░░░  0.0% (0/1)
[2026-06-14T19:39:46.249Z] [1] Web node_modules/expo-router/entry.js ░░░░░░░░░░░░░░░░  0.0% (0/1)
[2026-06-14T19:39:46.249Z] [1] λ node_modules/expo-router/node/render.js ░░░░░░░░░░░░░░░░  0.0% (0/1)
[2026-06-14T19:39:46.249Z] [1] Web node_modules/expo-router/entry.js ░░░░░░░░░░░░░░░░  0.0% (0/1)
[2026-06-14T19:39:46.249Z] [1] λ node_modules/expo-router/node/render.js ░░░░░░░░░░░░░░░░  0.0% (0/1)
[2026-06-14T19:39:46.249Z] [1] Web node_modules/expo-router/entry.js ░░░░░░░░░░░░░░░░  0.0% (0/1)
[2026-06-14T19:39:46.249Z] [1] λ node_modules/expo-router/node/render.js ░░░░░░░░░░░░░░░░  0.0% (0/1)
[2026-06-14T19:39:46.493Z] [1] EXPO_USE_METRO_WORKSPACE_ROOT is enabled by default, use EXPO_NO_METRO_WORKSPACE_ROOT instead to disable.
[2026-06-14T19:39:46.495Z] [1]
[2026-06-14T19:39:46.495Z] EXPO_USE_METRO_WORKSPACE_ROOT is enabled by default, use EXPO_NO_METRO_WORKSPACE_ROOT instead to disable.
[2026-06-14T19:39:46.962Z] [1] EXPO_USE_METRO_WORKSPACE_ROOT is enabled by default, use EXPO_NO_METRO_WORKSPACE_ROOT instead to disable.
[2026-06-14T19:39:46.962Z] [1] EXPO_USE_METRO_WORKSPACE_ROOT is enabled by default, use EXPO_NO_METRO_WORKSPACE_ROOT instead to disable.
[2026-06-14T19:39:48.069Z] [1] EXPO_USE_METRO_WORKSPACE_ROOT is enabled by default, use EXPO_NO_METRO_WORKSPACE_ROOT instead to disable.
[2026-06-14T19:39:48.071Z] [1] EXPO_USE_METRO_WORKSPACE_ROOT is enabled by default, use EXPO_NO_METRO_WORKSPACE_ROOT instead to disable.
[2026-06-14T19:39:48.389Z] [1] | Browserslist: browsers data (caniuse-lite) is 6 months old. Please run:
[2026-06-14T19:39:48.466Z] [1] |   npx update-browserslist-db@latest
[2026-06-14T19:39:48.466Z] [1] |   Why you should do it regularly: https://github.com/browserslist/update-db#readme
[2026-06-14T19:39:49.223Z] [1] EXPO_USE_METRO_WORKSPACE_ROOT is enabled by default, use EXPO_NO_METRO_WORKSPACE_ROOT instead to disable.
[2026-06-14T19:39:49.224Z] [1] EXPO_USE_METRO_WORKSPACE_ROOT is enabled by default, use EXPO_NO_METRO_WORKSPACE_ROOT instead to disable.
[2026-06-14T19:39:49.867Z] [1] Web node_modules/expo-router/entry.js ▓▓▓▓▓▓▓▓▓▓▓▓▓▓▓░ 95.4% (1292/1323)
[2026-06-14T19:39:49.867Z] [1] λ node_modules/expo-router/node/render.js ▓▓▓▓▓▓▓▓▓▓▓▓▓▓▓░ 96.9% (0/1)
[2026-06-14T19:39:49.867Z] [1] Web node_modules/expo-router/entry.js ░░░░░░░░░░░░░░░░  0.0% (0/1)
[2026-06-14T19:39:49.867Z] [1] λ node_modules/expo-router/node/render.js ░░░░░░░░░░░░░░░░  0.0% (0/1)
[2026-06-14T19:39:49.867Z] [1] Web node_modules/expo-router/entry.js ░░░░░░░░░░░░░░░░  0.0% (0/1)
[2026-06-14T19:39:49.867Z] [1] λ node_modules/expo-router/node/render.js ░░░░░░░░░░░░░░░░  0.0% (0/1)
[2026-06-14T19:39:49.867Z] [1] Web node_modules/expo-router/entry.js ░░░░░░░░░░░░░░░░  0.0% (0/1)
[2026-06-14T19:39:49.867Z] [1] λ node_modules/expo-router/node/render.js ░░░░░░░░░░░░░░░░  0.0% (0/1)
[2026-06-14T19:39:49.867Z] [1] Web node_modules/expo-router/entry.js ░░░░░░░░░░░░░░░░  0.0% (0/1)
[2026-06-14T19:39:49.867Z] [1] λ node_modules/expo-router/node/render.js ░░░░░░░░░░░░░░░░  0.0% (0/1)
[2026-06-14T19:39:49.867Z] [1] Web node_modules/expo-router/entry.js ░░░░░░░░░░░░░░░░  0.0% (0/1)
[2026-06-14T19:39:49.867Z] [1] λ node_modules/expo-router/node/render.js ░░░░░░░░░░░░░░░░  0.0% (0/1)
[2026-06-14T19:39:49.867Z] [1] Web node_modules/expo-router/entry.js ░░░░░░░░░░░░░░░░  0.0% (0/1)
[2026-06-14T19:39:49.867Z] [1] λ node_modules/expo-router/node/render.js ░░░░░░░░░░░░░░░░  0.0% (0/1)
[2026-06-14T19:39:49.867Z] [1] Web node_modules/expo-router/entry.js ░░░░░░░░░░░░░░░░  0.0% (0/1)
[2026-06-14T19:39:49.867Z] [1] λ node_modules/expo-router/node/render.js ░░░░░░░░░░░░░░░░  0.0% (0/1)
[2026-06-14T19:39:49.867Z] [1] Web node_modules/expo-router/entry.js ░░░░░░░░░░░░░░░░  0.0% (0/1)
[2026-06-14T19:39:49.867Z] [1] λ node_modules/expo-router/node/render.js ░░░░░░░░░░░░░░░░  0.0% (0/1)
[2026-06-14T19:39:49.867Z] [1] Web node_modules/expo-router/entry.js ░░░░░░░░░░░░░░░░  0.0% (0/1)
[2026-06-14T19:39:49.867Z] [1] λ node_modules/expo-router/node/render.js ░░░░░░░░░░░░░░░░  0.0% (0/1)
[2026-06-14T19:39:49.867Z] [1] Web node_modules/expo-router/entry.js ░░░░░░░░░░░░░░░░  0.0% (0/1)
[2026-06-14T19:39:49.867Z] [1] λ node_modules/expo-router/node/render.js ░░░░░░░░░░░░░░░░  0.0% (0/1)
[2026-06-14T19:39:49.883Z] [1] λ Bundled 3721ms node_modules/expo-router/node/render.js (1 module)
[2026-06-14T19:39:52.164Z] [1] λ  LOG  { colorScheme: 'light', setColorScheme: [Function (anonymous)] } {
[2026-06-14T19:39:52.165Z] [1]   '--color-primary': '#001A3D',
[2026-06-14T19:39:52.165Z] [1]   '--color-background': '#F8F9FA',
[2026-06-14T19:39:52.165Z] [1]   '--color-surface': '#FFFFFF',
[2026-06-14T19:39:52.165Z] [1]   '--color-foreground': '#0A0F1A',
[2026-06-14T19:39:52.165Z] [1]   '--color-muted': '#6B7280',
[2026-06-14T19:39:52.165Z] [1]   '--color-border': '#E5E7EB',
[2026-06-14T19:39:52.165Z] [1]   '--color-success': '#22C55E',
[2026-06-14T19:39:52.165Z] [1]   '--color-warning': '#F59E0B',
[2026-06-14T19:39:52.165Z] [1]   '--color-error': '#EF4444'
[2026-06-14T19:39:52.165Z] [1] }
[2026-06-14T19:39:52.284Z] [1] λ  WARN  props.pointerEvents is deprecated. Use style.pointerEvents
[2026-06-14T19:39:52.307Z] [1] Web node_modules/expo-router/entry.js ▓▓▓▓▓▓▓▓▓▓▓▓▓▓▓░ 95.4% (1292/1323)
[2026-06-14T19:39:52.307Z] [1] Web node_modules/expo-router/entry.js ░░░░░░░░░░░░░░░░  0.0% (0/1)
[2026-06-14T19:39:52.307Z] [1] λ node_modules/expo-router/node/render.js ░░░░░░░░░░░░░░░░  0.0% (0/1)
[2026-06-14T19:39:52.307Z] [1] Web node_modules/expo-router/entry.js ░░░░░░░░░░░░░░░░  0.0% (0/1)
[2026-06-14T19:39:52.307Z] [1] λ node_modules/expo-router/node/render.js ░░░░░░░░░░░░░░░░  0.0% (0/1)
[2026-06-14T19:39:52.307Z] [1] Web node_modules/expo-router/entry.js ░░░░░░░░░░░░░░░░  0.0% (0/1)
[2026-06-14T19:39:52.307Z] [1] λ node_modules/expo-router/node/render.js ░░░░░░░░░░░░░░░░  0.0% (0/1)
[2026-06-14T19:39:52.307Z] [1] Web node_modules/expo-router/entry.js ░░░░░░░░░░░░░░░░  0.0% (0/1)
[2026-06-14T19:39:52.307Z] [1] λ node_modules/expo-router/node/render.js ░░░░░░░░░░░░░░░░  0.0% (0/1)
[2026-06-14T19:39:52.307Z] [1] Web node_modules/expo-router/entry.js ░░░░░░░░░░░░░░░░  0.0% (0/1)
[2026-06-14T19:39:52.307Z] [1] λ node_modules/expo-router/node/render.js ░░░░░░░░░░░░░░░░  0.0% (0/1)
[2026-06-14T19:39:52.307Z] [1] Web node_modules/expo-router/entry.js ░░░░░░░░░░░░░░░░  0.0% (0/1)
[2026-06-14T19:39:52.307Z] [1] λ node_modules/expo-router/node/render.js ░░░░░░░░░░░░░░░░  0.0% (0/1)
[2026-06-14T19:39:52.307Z] [1] Web node_modules/expo-router/entry.js ░░░░░░░░░░░░░░░░  0.0% (0/1)
[2026-06-14T19:39:52.307Z] [1] λ node_modules/expo-router/node/render.js ░░░░░░░░░░░░░░░░  0.0% (0/1)
[2026-06-14T19:39:52.307Z] [1] Web node_modules/expo-router/entry.js ░░░░░░░░░░░░░░░░  0.0% (0/1)
[2026-06-14T19:39:52.307Z] [1] λ node_modules/expo-router/node/render.js ░░░░░░░░░░░░░░░░  0.0% (0/1)
[2026-06-14T19:39:52.307Z] [1] Web node_modules/expo-router/entry.js ░░░░░░░░░░░░░░░░  0.0% (0/1)
[2026-06-14T19:39:52.307Z] [1] λ node_modules/expo-router/node/render.js ░░░░░░░░░░░░░░░░  0.0% (0/1)
[2026-06-14T19:39:52.307Z] [1] Web node_modules/expo-router/entry.js ░░░░░░░░░░░░░░░░  0.0% (0/1)
[2026-06-14T19:39:52.307Z] [1] λ node_modules/expo-router/node/render.js ░░░░░░░░░░░░░░░░  0.0% (0/1)
[2026-06-14T19:39:52.552Z] [1] λ Bundled 6389ms node_modules/expo-router/node/render.js (1 module)
[2026-06-14T19:39:53.343Z] [1] EXPO_USE_METRO_WORKSPACE_ROOT is enabled by default, use EXPO_NO_METRO_WORKSPACE_ROOT instead to disable.
[2026-06-14T19:39:53.344Z] [1] EXPO_USE_METRO_WORKSPACE_ROOT is enabled by default, use EXPO_NO_METRO_WORKSPACE_ROOT instead to disable.
[2026-06-14T19:39:54.119Z] [1] λ Bundled 6459ms node_modules/expo-router/node/render.js (1 module)
[2026-06-14T19:39:54.119Z] [1] λ Bundled 6511ms node_modules/expo-router/node/render.js (1 module)
[2026-06-14T19:39:54.119Z] [1] λ Bundled 6559ms node_modules/expo-router/node/render.js (1 module)
[2026-06-14T19:39:54.119Z] [1] λ Bundled 6586ms node_modules/expo-router/node/render.js (1 module)
[2026-06-14T19:39:54.119Z] [1] λ Bundled 6613ms node_modules/expo-router/node/render.js (1 module)
[2026-06-14T19:39:54.119Z] [1] λ Bundled 6301ms node_modules/expo-router/node/render.js (1 module)
[2026-06-14T19:39:54.119Z] [1] λ Bundled 5864ms node_modules/expo-router/node/render.js (1 module)
[2026-06-14T19:39:54.119Z] [1] λ Bundled 4774ms node_modules/expo-router/node/render.js (1 module)
[2026-06-14T19:39:54.119Z] [1] λ Bundled 3646ms node_modules/expo-router/node/render.js (1 module)
[2026-06-14T19:39:54.119Z] [1] λ Bundled 47ms node_modules/expo-router/node/render.js (1 module)
[2026-06-14T19:39:54.554Z] [1] λ  LOG  { colorScheme: 'light', setColorScheme: [Function (anonymous)] } {
[2026-06-14T19:39:54.554Z] [1]   '--color-primary': '#001A3D',
[2026-06-14T19:39:54.554Z] [1]   '--color-background': '#F8F9FA',
[2026-06-14T19:39:54.554Z] [1]   '--color-surface': '#FFFFFF',
[2026-06-14T19:39:54.554Z] [1]   '--color-foreground': '#0A0F1A',
[2026-06-14T19:39:54.554Z] [1]   '--color-muted': '#6B7280',
[2026-06-14T19:39:54.554Z] [1]   '--color-border': '#E5E7EB',
[2026-06-14T19:39:54.554Z] [1]   '--color-success': '#22C55E',
[2026-06-14T19:39:54.554Z] [1]   '--color-warning': '#F59E0B',
[2026-06-14T19:39:54.554Z] [1]   '--color-error': '#EF4444'
[2026-06-14T19:39:54.554Z] [1] }
[2026-06-14T19:39:54.654Z] [1] λ  WARN  props.pointerEvents is deprecated. Use style.pointerEvents
[2026-06-14T19:39:54.674Z] [1] Web node_modules/expo-router/entry.js ▓▓▓▓▓▓▓▓▓▓▓▓▓▓▓░ 95.4% (1292/1323)
[2026-06-14T19:39:54.674Z] [1] Web node_modules/expo-router/entry.js ░░░░░░░░░░░░░░░░  0.0% (0/1)
[2026-06-14T19:39:54.674Z] [1] Web node_modules/expo-router/entry.js ░░░░░░░░░░░░░░░░  0.0% (0/1)
[2026-06-14T19:39:54.674Z] [1] Web node_modules/expo-router/entry.js ░░░░░░░░░░░░░░░░  0.0% (0/1)
[2026-06-14T19:39:54.674Z] [1] Web node_modules/expo-router/entry.js ░░░░░░░░░░░░░░░░  0.0% (0/1)
[2026-06-14T19:39:54.674Z] [1] Web node_modules/expo-router/entry.js ░░░░░░░░░░░░░░░░  0.0% (0/1)
[2026-06-14T19:39:54.674Z] [1] Web node_modules/expo-router/entry.js ░░░░░░░░░░░░░░░░  0.0% (0/1)
[2026-06-14T19:39:54.674Z] [1] Web node_modules/expo-router/entry.js ░░░░░░░░░░░░░░░░  0.0% (0/1)
[2026-06-14T19:39:54.674Z] [1] Web node_modules/expo-router/entry.js ░░░░░░░░░░░░░░░░  0.0% (0/1)
[2026-06-14T19:39:54.674Z] [1] Web node_modules/expo-router/entry.js ░░░░░░░░░░░░░░░░  0.0% (0/1)
[2026-06-14T19:39:54.674Z] [1] Web node_modules/expo-router/entry.js ░░░░░░░░░░░░░░░░  0.0% (0/1)
[2026-06-14T19:39:54.674Z] [1] Web node_modules/expo-router/entry.js ░░░░░░░░░░░░░░░░  0.0% (0/1)
[2026-06-14T19:39:54.861Z] [1] λ  LOG  { colorScheme: 'light', setColorScheme: [Function (anonymous)] } {
[2026-06-14T19:39:54.861Z] [1]   '--color-primary': '#001A3D',
[2026-06-14T19:39:54.861Z] [1]   '--color-background': '#F8F9FA',
[2026-06-14T19:39:54.861Z] [1]   '--color-surface': '#FFFFFF',
[2026-06-14T19:39:54.861Z] [1]   '--color-foreground': '#0A0F1A',
[2026-06-14T19:39:54.861Z] [1]   '--color-muted': '#6B7280',
[2026-06-14T19:39:54.861Z] [1]   '--color-border': '#E5E7EB',
[2026-06-14T19:39:54.861Z] [1]   '--color-success': '#22C55E',
[2026-06-14T19:39:54.861Z] [1]   '--color-warning': '#F59E0B',
[2026-06-14T19:39:54.861Z] [1]   '--color-error': '#EF4444'
[2026-06-14T19:39:54.861Z] [1] }
[2026-06-14T19:39:54.943Z] [1] λ  WARN  props.pointerEvents is deprecated. Use style.pointerEvents
[2026-06-14T19:39:54.960Z] [1] Web node_modules/expo-router/entry.js ▓▓▓▓▓▓▓▓▓▓▓▓▓▓▓░ 95.4% (1292/1323)
[2026-06-14T19:39:54.960Z] [1] Web node_modules/expo-router/entry.js ░░░░░░░░░░░░░░░░  0.0% (0/1)
[2026-06-14T19:39:54.960Z] [1] Web node_modules/expo-router/entry.js ░░░░░░░░░░░░░░░░  0.0% (0/1)
[2026-06-14T19:39:54.960Z] [1] Web node_modules/expo-router/entry.js ░░░░░░░░░░░░░░░░  0.0% (0/1)
[2026-06-14T19:39:54.960Z] [1] Web node_modules/expo-router/entry.js ░░░░░░░░░░░░░░░░  0.0% (0/1)
[2026-06-14T19:39:54.960Z] [1] Web node_modules/expo-router/entry.js ░░░░░░░░░░░░░░░░  0.0% (0/1)
[2026-06-14T19:39:54.960Z] [1] Web node_modules/expo-router/entry.js ░░░░░░░░░░░░░░░░  0.0% (0/1)
[2026-06-14T19:39:54.960Z] [1] Web node_modules/expo-router/entry.js ░░░░░░░░░░░░░░░░  0.0% (0/1)
[2026-06-14T19:39:54.960Z] [1] Web node_modules/expo-router/entry.js ░░░░░░░░░░░░░░░░  0.0% (0/1)
[2026-06-14T19:39:54.960Z] [1] Web node_modules/expo-router/entry.js ░░░░░░░░░░░░░░░░  0.0% (0/1)
[2026-06-14T19:39:54.960Z] [1] Web node_modules/expo-router/entry.js ░░░░░░░░░░░░░░░░  0.0% (0/1)
[2026-06-14T19:39:54.960Z] [1] Web node_modules/expo-router/entry.js ░░░░░░░░░░░░░░░░  0.0% (0/1)
[2026-06-14T19:39:55.166Z] [1] λ  LOG  { colorScheme: 'light', setColorScheme: [Function (anonymous)] } {
[2026-06-14T19:39:55.167Z] [1]   '--color-primary': '#001A3D',
[2026-06-14T19:39:55.167Z] [1]   '--color-background': '#F8F9FA',
[2026-06-14T19:39:55.167Z] [1]   '--color-surface': '#FFFFFF',
[2026-06-14T19:39:55.167Z] [1]   '--color-foreground': '#0A0F1A',
[2026-06-14T19:39:55.167Z] [1]   '--color-muted': '#6B7280',
[2026-06-14T19:39:55.167Z] [1]   '--color-border': '#E5E7EB',
[2026-06-14T19:39:55.167Z] [1]   '--color-success': '#22C55E',
[2026-06-14T19:39:55.167Z] [1]   '--color-warning': '#F59E0B',
[2026-06-14T19:39:55.167Z] [1]   '--color-error': '#EF4444'
[2026-06-14T19:39:55.167Z] [1] }
[2026-06-14T19:39:55.222Z] [1] λ  WARN  props.pointerEvents is deprecated. Use style.pointerEvents
[2026-06-14T19:39:55.248Z] [1] Web node_modules/expo-router/entry.js ▓▓▓▓▓▓▓▓▓▓▓▓▓▓▓░ 95.4% (1292/1323)
[2026-06-14T19:39:55.248Z] [1] Web node_modules/expo-router/entry.js ░░░░░░░░░░░░░░░░  0.0% (0/1)
[2026-06-14T19:39:55.248Z] [1] Web node_modules/expo-router/entry.js ░░░░░░░░░░░░░░░░  0.0% (0/1)
[2026-06-14T19:39:55.248Z] [1] Web node_modules/expo-router/entry.js ░░░░░░░░░░░░░░░░  0.0% (0/1)
[2026-06-14T19:39:55.248Z] [1] Web node_modules/expo-router/entry.js ░░░░░░░░░░░░░░░░  0.0% (0/1)
[2026-06-14T19:39:55.248Z] [1] Web node_modules/expo-router/entry.js ░░░░░░░░░░░░░░░░  0.0% (0/1)
[2026-06-14T19:39:55.248Z] [1] Web node_modules/expo-router/entry.js ░░░░░░░░░░░░░░░░  0.0% (0/1)
[2026-06-14T19:39:55.248Z] [1] Web node_modules/expo-router/entry.js ░░░░░░░░░░░░░░░░  0.0% (0/1)
[2026-06-14T19:39:55.248Z] [1] Web node_modules/expo-router/entry.js ░░░░░░░░░░░░░░░░  0.0% (0/1)
[2026-06-14T19:39:55.248Z] [1] Web node_modules/expo-router/entry.js ░░░░░░░░░░░░░░░░  0.0% (0/1)
[2026-06-14T19:39:55.248Z] [1] Web node_modules/expo-router/entry.js ░░░░░░░░░░░░░░░░  0.0% (0/1)
[2026-06-14T19:39:55.248Z] [1] Web node_modules/expo-router/entry.js ░░░░░░░░░░░░░░░░  0.0% (0/1)
[2026-06-14T19:39:55.517Z] [1] λ  LOG  { colorScheme: 'light', setColorScheme: [Function (anonymous)] } {
[2026-06-14T19:39:55.517Z] [1]   '--color-primary': '#001A3D',
[2026-06-14T19:39:55.517Z] [1]   '--color-background': '#F8F9FA',
[2026-06-14T19:39:55.517Z] [1]   '--color-surface': '#FFFFFF',
[2026-06-14T19:39:55.517Z] [1]   '--color-foreground': '#0A0F1A',
[2026-06-14T19:39:55.517Z] [1]   '--color-muted': '#6B7280',
[2026-06-14T19:39:55.517Z] [1]   '--color-border': '#E5E7EB',
[2026-06-14T19:39:55.517Z] [1]   '--color-success': '#22C55E',
[2026-06-14T19:39:55.517Z] [1]   '--color-warning': '#F59E0B',
[2026-06-14T19:39:55.517Z] [1]   '--color-error': '#EF4444'
[2026-06-14T19:39:55.517Z] [1] }
[2026-06-14T19:39:55.600Z] [1] λ  WARN  props.pointerEvents is deprecated. Use style.pointerEvents
[2026-06-14T19:39:55.618Z] [1] Web node_modules/expo-router/entry.js ▓▓▓▓▓▓▓▓▓▓▓▓▓▓▓░ 95.4% (1292/1323)
[2026-06-14T19:39:55.618Z] [1] Web node_modules/expo-router/entry.js ░░░░░░░░░░░░░░░░  0.0% (0/1)
[2026-06-14T19:39:55.618Z] [1] Web node_modules/expo-router/entry.js ░░░░░░░░░░░░░░░░  0.0% (0/1)
[2026-06-14T19:39:55.618Z] [1] Web node_modules/expo-router/entry.js ░░░░░░░░░░░░░░░░  0.0% (0/1)
[2026-06-14T19:39:55.618Z] [1] Web node_modules/expo-router/entry.js ░░░░░░░░░░░░░░░░  0.0% (0/1)
[2026-06-14T19:39:55.618Z] [1] Web node_modules/expo-router/entry.js ░░░░░░░░░░░░░░░░  0.0% (0/1)
[2026-06-14T19:39:55.618Z] [1] Web node_modules/expo-router/entry.js ░░░░░░░░░░░░░░░░  0.0% (0/1)
[2026-06-14T19:39:55.618Z] [1] Web node_modules/expo-router/entry.js ░░░░░░░░░░░░░░░░  0.0% (0/1)
[2026-06-14T19:39:55.618Z] [1] Web node_modules/expo-router/entry.js ░░░░░░░░░░░░░░░░  0.0% (0/1)
[2026-06-14T19:39:55.618Z] [1] Web node_modules/expo-router/entry.js ░░░░░░░░░░░░░░░░  0.0% (0/1)
[2026-06-14T19:39:55.618Z] [1] Web node_modules/expo-router/entry.js ░░░░░░░░░░░░░░░░  0.0% (0/1)
[2026-06-14T19:39:55.618Z] [1] Web node_modules/expo-router/entry.js ░░░░░░░░░░░░░░░░  0.0% (0/1)
[2026-06-14T19:39:55.865Z] [1] λ  LOG  { colorScheme: 'light', setColorScheme: [Function (anonymous)] } {
[2026-06-14T19:39:55.865Z] [1]   '--color-primary': '#001A3D',
[2026-06-14T19:39:55.865Z] [1]   '--color-background': '#F8F9FA',
[2026-06-14T19:39:55.865Z] [1]   '--color-surface': '#FFFFFF',
[2026-06-14T19:39:55.865Z] [1]   '--color-foreground': '#0A0F1A',
[2026-06-14T19:39:55.865Z] [1]   '--color-muted': '#6B7280',
[2026-06-14T19:39:55.866Z] [1]   '--color-border': '#E5E7EB',
[2026-06-14T19:39:55.866Z] [1]   '--color-success': '#22C55E',
[2026-06-14T19:39:55.866Z] [1]   '--color-warning': '#F59E0B',
[2026-06-14T19:39:55.866Z] [1]   '--color-error': '#EF4444'
[2026-06-14T19:39:55.866Z] [1] }
[2026-06-14T19:39:55.985Z] [1] λ  WARN  props.pointerEvents is deprecated. Use style.pointerEvents
[2026-06-14T19:39:56.004Z] [1] Web node_modules/expo-router/entry.js ▓▓▓▓▓▓▓▓▓▓▓▓▓▓▓░ 95.4% (1292/1323)
[2026-06-14T19:39:56.004Z] [1] Web node_modules/expo-router/entry.js ░░░░░░░░░░░░░░░░  0.0% (0/1)
[2026-06-14T19:39:56.004Z] [1] Web node_modules/expo-router/entry.js ░░░░░░░░░░░░░░░░  0.0% (0/1)
[2026-06-14T19:39:56.004Z] [1] Web node_modules/expo-router/entry.js ░░░░░░░░░░░░░░░░  0.0% (0/1)
[2026-06-14T19:39:56.004Z] [1] Web node_modules/expo-router/entry.js ░░░░░░░░░░░░░░░░  0.0% (0/1)
[2026-06-14T19:39:56.004Z] [1] Web node_modules/expo-router/entry.js ░░░░░░░░░░░░░░░░  0.0% (0/1)
[2026-06-14T19:39:56.004Z] [1] Web node_modules/expo-router/entry.js ░░░░░░░░░░░░░░░░  0.0% (0/1)
[2026-06-14T19:39:56.004Z] [1] Web node_modules/expo-router/entry.js ░░░░░░░░░░░░░░░░  0.0% (0/1)
[2026-06-14T19:39:56.004Z] [1] Web node_modules/expo-router/entry.js ░░░░░░░░░░░░░░░░  0.0% (0/1)
[2026-06-14T19:39:56.004Z] [1] Web node_modules/expo-router/entry.js ░░░░░░░░░░░░░░░░  0.0% (0/1)
[2026-06-14T19:39:56.004Z] [1] Web node_modules/expo-router/entry.js ░░░░░░░░░░░░░░░░  0.0% (0/1)
[2026-06-14T19:39:56.004Z] [1] Web node_modules/expo-router/entry.js ░░░░░░░░░░░░░░░░  0.0% (0/1)
[2026-06-14T19:39:56.017Z] [1] EXPO_USE_METRO_WORKSPACE_ROOT is enabled by default, use EXPO_NO_METRO_WORKSPACE_ROOT instead to disable.
[2026-06-14T19:39:56.019Z] [1]
[2026-06-14T19:39:56.019Z] EXPO_USE_METRO_WORKSPACE_ROOT is enabled by default, use EXPO_NO_METRO_WORKSPACE_ROOT instead to disable.
[2026-06-14T19:39:56.442Z] [1] λ  WARN  props.pointerEvents is deprecated. Use style.pointerEvents
[2026-06-14T19:39:56.682Z] [1] λ  WARN  props.pointerEvents is deprecated. Use style.pointerEvents
[2026-06-14T19:39:56.902Z] [1] λ  WARN  props.pointerEvents is deprecated. Use style.pointerEvents
[2026-06-14T19:39:57.122Z] [1] λ  WARN  props.pointerEvents is deprecated. Use style.pointerEvents
[2026-06-14T19:39:57.192Z] [1] λ Bundled 48ms node_modules/expo-router/node/render.js (1 module)
[2026-06-14T19:39:57.192Z] [1] λ  LOG  { colorScheme: 'light', setColorScheme: [Function (anonymous)] } {
[2026-06-14T19:39:57.192Z] [1]   '--color-primary': '#001A3D',
[2026-06-14T19:39:57.192Z] [1]   '--color-background': '#F8F9FA',
[2026-06-14T19:39:57.192Z] [1]   '--color-surface': '#FFFFFF',
[2026-06-14T19:39:57.192Z] [1]   '--color-foreground': '#0A0F1A',
[2026-06-14T19:39:57.192Z] [1]   '--color-muted': '#6B7280',
[2026-06-14T19:39:57.192Z] [1]   '--color-border': '#E5E7EB',
[2026-06-14T19:39:57.192Z] [1]   '--color-success': '#22C55E',
[2026-06-14T19:39:57.192Z] [1]   '--color-warning': '#F59E0B',
[2026-06-14T19:39:57.192Z] [1]   '--color-error': '#EF4444'
[2026-06-14T19:39:57.192Z] [1] }
[2026-06-14T19:39:57.192Z] [1] λ  LOG  { colorScheme: 'light', setColorScheme: [Function (anonymous)] } {
[2026-06-14T19:39:57.192Z] [1]   '--color-primary': '#001A3D',
[2026-06-14T19:39:57.192Z] [1]   '--color-background': '#F8F9FA',
[2026-06-14T19:39:57.192Z] [1]   '--color-surface': '#FFFFFF',
[2026-06-14T19:39:57.192Z] [1]   '--color-foreground': '#0A0F1A',
[2026-06-14T19:39:57.192Z] [1]   '--color-muted': '#6B7280',
[2026-06-14T19:39:57.192Z] [1]   '--color-border': '#E5E7EB',
[2026-06-14T19:39:57.193Z] [1]   '--color-success': '#22C55E',
[2026-06-14T19:39:57.193Z] [1]   '--color-warning': '#F59E0B',
[2026-06-14T19:39:57.193Z] [1]   '--color-error': '#EF4444'
[2026-06-14T19:39:57.193Z] [1] }
[2026-06-14T19:39:57.193Z] [1] λ  LOG  { colorScheme: 'light', setColorScheme: [Function (anonymous)] } {
[2026-06-14T19:39:57.193Z] [1]   '--color-primary': '#001A3D',
[2026-06-14T19:39:57.193Z] [1]   '--color-background': '#F8F9FA',
[2026-06-14T19:39:57.193Z] [1]   '--color-surface': '#FFFFFF',
[2026-06-14T19:39:57.193Z] [1]   '--color-foreground': '#0A0F1A',
[2026-06-14T19:39:57.193Z] [1]   '--color-muted': '#6B7280',
[2026-06-14T19:39:57.193Z] [1]   '--color-border': '#E5E7EB',
[2026-06-14T19:39:57.193Z] [1]   '--color-success': '#22C55E',
[2026-06-14T19:39:57.193Z] [1]   '--color-warning': '#F59E0B',
[2026-06-14T19:39:57.193Z] [1]   '--color-error': '#EF4444'
[2026-06-14T19:39:57.193Z] [1] }
[2026-06-14T19:39:57.193Z] [1] λ  LOG  { colorScheme: 'light', setColorScheme: [Function (anonymous)] } {
[2026-06-14T19:39:57.193Z] [1]   '--color-primary': '#001A3D',
[2026-06-14T19:39:57.193Z] [1]   '--color-background': '#F8F9FA',
[2026-06-14T19:39:57.193Z] [1]   '--color-surface': '#FFFFFF',
[2026-06-14T19:39:57.193Z] [1]   '--color-foreground': '#0A0F1A',
[2026-06-14T19:39:57.193Z] [1]   '--color-muted': '#6B7280',
[2026-06-14T19:39:57.193Z] [1]   '--color-border': '#E5E7EB',
[2026-06-14T19:39:57.193Z] [1]   '--color-success': '#22C55E',
[2026-06-14T19:39:57.193Z] [1]   '--color-warning': '#F59E0B',
[2026-06-14T19:39:57.193Z] [1]   '--color-error': '#EF4444'
[2026-06-14T19:39:57.193Z] [1] }
[2026-06-14T19:39:57.193Z] [1] Web node_modules/expo-router/entry.js ▓▓▓▓▓▓▓▓▓▓▓▓▓▓▓░ 95.4% (1292/1323)
[2026-06-14T19:39:57.193Z] [1] Web node_modules/expo-router/entry.js ░░░░░░░░░░░░░░░░  0.0% (0/1)
[2026-06-14T19:39:57.193Z] [1] Web node_modules/expo-router/entry.js ░░░░░░░░░░░░░░░░  0.0% (0/1)
[2026-06-14T19:39:57.193Z] [1] Web node_modules/expo-router/entry.js ░░░░░░░░░░░░░░░░  0.0% (0/1)
[2026-06-14T19:39:57.193Z] [1] Web node_modules/expo-router/entry.js ░░░░░░░░░░░░░░░░  0.0% (0/1)
[2026-06-14T19:39:57.193Z] [1] Web node_modules/expo-router/entry.js ░░░░░░░░░░░░░░░░  0.0% (0/1)
[2026-06-14T19:39:57.193Z] [1] Web node_modules/expo-router/entry.js ░░░░░░░░░░░░░░░░  0.0% (0/1)
[2026-06-14T19:39:57.193Z] [1] Web node_modules/expo-router/entry.js ░░░░░░░░░░░░░░░░  0.0% (0/1)
[2026-06-14T19:39:57.193Z] [1] Web node_modules/expo-router/entry.js ░░░░░░░░░░░░░░░░  0.0% (0/1)
[2026-06-14T19:39:57.193Z] [1] Web node_modules/expo-router/entry.js ░░░░░░░░░░░░░░░░  0.0% (0/1)
[2026-06-14T19:39:57.193Z] [1] Web node_modules/expo-router/entry.js ░░░░░░░░░░░░░░░░  0.0% (0/1)
[2026-06-14T19:39:57.193Z] [1] Web node_modules/expo-router/entry.js ░░░░░░░░░░░░░░░░  0.0% (0/1)
[2026-06-14T19:39:57.193Z] [1] Web node_modules/expo-router/entry.js ░░░░░░░░░░░░░░░░  0.0% (0/1)
[2026-06-14T19:39:57.257Z] [1] EXPO_USE_METRO_WORKSPACE_ROOT is enabled by default, use EXPO_NO_METRO_WORKSPACE_ROOT instead to disable.
[2026-06-14T19:39:57.259Z] [1] EXPO_USE_METRO_WORKSPACE_ROOT is enabled by default, use EXPO_NO_METRO_WORKSPACE_ROOT instead to disable.
[2026-06-14T19:39:57.584Z] [1] λ  WARN  props.pointerEvents is deprecated. Use style.pointerEvents
[2026-06-14T19:39:57.786Z] [1] λ  WARN  props.pointerEvents is deprecated. Use style.pointerEvents
[2026-06-14T19:39:57.910Z] [1] λ Bundled 68ms node_modules/expo-router/node/render.js (1 module)
[2026-06-14T19:39:57.910Z] [1] λ  LOG  { colorScheme: 'light', setColorScheme: [Function (anonymous)] } {
[2026-06-14T19:39:57.910Z] [1]   '--color-primary': '#001A3D',
[2026-06-14T19:39:57.910Z] [1]   '--color-background': '#F8F9FA',
[2026-06-14T19:39:57.910Z] [1]   '--color-surface': '#FFFFFF',
[2026-06-14T19:39:57.910Z] [1]   '--color-foreground': '#0A0F1A',
[2026-06-14T19:39:57.910Z] [1]   '--color-muted': '#6B7280',
[2026-06-14T19:39:57.911Z] [1]   '--color-border': '#E5E7EB',
[2026-06-14T19:39:57.911Z] [1]   '--color-success': '#22C55E',
[2026-06-14T19:39:57.911Z] [1]   '--color-warning': '#F59E0B',
[2026-06-14T19:39:57.911Z] [1]   '--color-error': '#EF4444'
[2026-06-14T19:39:57.911Z] [1] }
[2026-06-14T19:39:57.911Z] [1] λ  LOG  { colorScheme: 'light', setColorScheme: [Function (anonymous)] } {
[2026-06-14T19:39:57.911Z] [1]   '--color-primary': '#001A3D',
[2026-06-14T19:39:57.911Z] [1]   '--color-background': '#F8F9FA',
[2026-06-14T19:39:57.911Z] [1]   '--color-surface': '#FFFFFF',
[2026-06-14T19:39:57.911Z] [1]   '--color-foreground': '#0A0F1A',
[2026-06-14T19:39:57.911Z] [1]   '--color-muted': '#6B7280',
[2026-06-14T19:39:57.911Z] [1]   '--color-border': '#E5E7EB',
[2026-06-14T19:39:57.911Z] [1]   '--color-success': '#22C55E',
[2026-06-14T19:39:57.911Z] [1]   '--color-warning': '#F59E0B',
[2026-06-14T19:39:57.911Z] [1]   '--color-error': '#EF4444'
[2026-06-14T19:39:57.911Z] [1] }
[2026-06-14T19:39:57.911Z] [1] Web node_modules/expo-router/entry.js ▓▓▓▓▓▓▓▓▓▓▓▓▓▓▓░ 95.4% (1292/1323)
[2026-06-14T19:39:57.911Z] [1] Web node_modules/expo-router/entry.js ░░░░░░░░░░░░░░░░  0.0% (0/1)
[2026-06-14T19:39:57.911Z] [1] Web node_modules/expo-router/entry.js ░░░░░░░░░░░░░░░░  0.0% (0/1)
[2026-06-14T19:39:57.911Z] [1] Web node_modules/expo-router/entry.js ░░░░░░░░░░░░░░░░  0.0% (0/1)
[2026-06-14T19:39:57.911Z] [1] Web node_modules/expo-router/entry.js ░░░░░░░░░░░░░░░░  0.0% (0/1)
[2026-06-14T19:39:57.911Z] [1] Web node_modules/expo-router/entry.js ░░░░░░░░░░░░░░░░  0.0% (0/1)
[2026-06-14T19:39:57.911Z] [1] Web node_modules/expo-router/entry.js ░░░░░░░░░░░░░░░░  0.0% (0/1)
[2026-06-14T19:39:57.911Z] [1] Web node_modules/expo-router/entry.js ░░░░░░░░░░░░░░░░  0.0% (0/1)
[2026-06-14T19:39:57.911Z] [1] Web node_modules/expo-router/entry.js ░░░░░░░░░░░░░░░░  0.0% (0/1)
[2026-06-14T19:39:57.911Z] [1] Web node_modules/expo-router/entry.js ░░░░░░░░░░░░░░░░  0.0% (0/1)
[2026-06-14T19:39:57.911Z] [1] Web node_modules/expo-router/entry.js ░░░░░░░░░░░░░░░░  0.0% (0/1)
[2026-06-14T19:39:57.911Z] [1] Web node_modules/expo-router/entry.js ░░░░░░░░░░░░░░░░  0.0% (0/1)
[2026-06-14T19:39:57.911Z] [1] Web node_modules/expo-router/entry.js ░░░░░░░░░░░░░░░░  0.0% (0/1)
[2026-06-14T19:39:57.911Z] [1] Web node_modules/expo-router/entry.js ░░░░░░░░░░░░░░░░  0.0% (0/1)
[2026-06-14T19:39:57.972Z] [1] EXPO_USE_METRO_WORKSPACE_ROOT is enabled by default, use EXPO_NO_METRO_WORKSPACE_ROOT instead to disable.
[2026-06-14T19:39:57.973Z] [1] EXPO_USE_METRO_WORKSPACE_ROOT is enabled by default, use EXPO_NO_METRO_WORKSPACE_ROOT instead to disable.
[2026-06-14T19:39:58.269Z] [1] λ  WARN  props.pointerEvents is deprecated. Use style.pointerEvents
[2026-06-14T19:39:58.385Z] [1] λ Bundled 36ms node_modules/expo-router/node/render.js (1 module)
[2026-06-14T19:39:58.385Z] [1] λ  LOG  { colorScheme: 'light', setColorScheme: [Function (anonymous)] } {
[2026-06-14T19:39:58.385Z] [1]   '--color-primary': '#001A3D',
[2026-06-14T19:39:58.385Z] [1]   '--color-background': '#F8F9FA',
[2026-06-14T19:39:58.385Z] [1]   '--color-surface': '#FFFFFF',
[2026-06-14T19:39:58.385Z] [1]   '--color-foreground': '#0A0F1A',
[2026-06-14T19:39:58.385Z] [1]   '--color-muted': '#6B7280',
[2026-06-14T19:39:58.385Z] [1]   '--color-border': '#E5E7EB',
[2026-06-14T19:39:58.385Z] [1]   '--color-success': '#22C55E',
[2026-06-14T19:39:58.385Z] [1]   '--color-warning': '#F59E0B',
[2026-06-14T19:39:58.385Z] [1]   '--color-error': '#EF4444'
[2026-06-14T19:39:58.385Z] [1] }
[2026-06-14T19:39:58.385Z] [1] Web node_modules/expo-router/entry.js ▓▓▓▓▓▓▓▓▓▓▓▓▓▓▓░ 95.4% (1292/1323)
[2026-06-14T19:39:58.385Z] [1] Web node_modules/expo-router/entry.js ░░░░░░░░░░░░░░░░  0.0% (0/1)
[2026-06-14T19:39:58.386Z] [1] Web node_modules/expo-router/entry.js ░░░░░░░░░░░░░░░░  0.0% (0/1)
[2026-06-14T19:39:58.386Z] [1] Web node_modules/expo-router/entry.js ░░░░░░░░░░░░░░░░  0.0% (0/1)
[2026-06-14T19:39:58.386Z] [1] Web node_modules/expo-router/entry.js ░░░░░░░░░░░░░░░░  0.0% (0/1)
[2026-06-14T19:39:58.386Z] [1] Web node_modules/expo-router/entry.js ░░░░░░░░░░░░░░░░  0.0% (0/1)
[2026-06-14T19:39:58.386Z] [1] Web node_modules/expo-router/entry.js ░░░░░░░░░░░░░░░░  0.0% (0/1)
[2026-06-14T19:39:58.386Z] [1] Web node_modules/expo-router/entry.js ░░░░░░░░░░░░░░░░  0.0% (0/1)
[2026-06-14T19:39:58.386Z] [1] Web node_modules/expo-router/entry.js ░░░░░░░░░░░░░░░░  0.0% (0/1)
[2026-06-14T19:39:58.386Z] [1] Web node_modules/expo-router/entry.js ░░░░░░░░░░░░░░░░  0.0% (0/1)
[2026-06-14T19:39:58.386Z] [1] Web node_modules/expo-router/entry.js ░░░░░░░░░░░░░░░░  0.0% (0/1)
[2026-06-14T19:39:58.386Z] [1] Web node_modules/expo-router/entry.js ░░░░░░░░░░░░░░░░  0.0% (0/1)
[2026-06-14T19:39:58.386Z] [1] Web node_modules/expo-router/entry.js ░░░░░░░░░░░░░░░░  0.0% (0/1)
[2026-06-14T19:39:58.386Z] [1] Web node_modules/expo-router/entry.js ░░░░░░░░░░░░░░░░  0.0% (0/1)
[2026-06-14T19:39:58.386Z] [1] Web node_modules/expo-router/entry.js ░░░░░░░░░░░░░░░░  0.0% (0/1)
[2026-06-14T19:39:58.402Z] [1]
[2026-06-14T19:39:58.402Z] EXPO_USE_METRO_WORKSPACE_ROOT is enabled by default, use EXPO_NO_METRO_WORKSPACE_ROOT instead to disable.
[2026-06-14T19:39:58.403Z] [1] EXPO_USE_METRO_WORKSPACE_ROOT is enabled by default, use EXPO_NO_METRO_WORKSPACE_ROOT instead to disable.
[2026-06-14T19:39:58.770Z] [1] λ  WARN  props.pointerEvents is deprecated. Use style.pointerEvents
[2026-06-14T19:39:58.969Z] [1] λ  WARN  props.pointerEvents is deprecated. Use style.pointerEvents
[2026-06-14T19:39:59.039Z] [1] λ Bundled 33ms node_modules/expo-router/node/render.js (1 module)
[2026-06-14T19:39:59.039Z] [1] λ  LOG  { colorScheme: 'light', setColorScheme: [Function (anonymous)] } {
[2026-06-14T19:39:59.039Z] [1]   '--color-primary': '#001A3D',
[2026-06-14T19:39:59.039Z] [1]   '--color-background': '#F8F9FA',
[2026-06-14T19:39:59.039Z] [1]   '--color-surface': '#FFFFFF',
[2026-06-14T19:39:59.039Z] [1]   '--color-foreground': '#0A0F1A',
[2026-06-14T19:39:59.039Z] [1]   '--color-muted': '#6B7280',
[2026-06-14T19:39:59.039Z] [1]   '--color-border': '#E5E7EB',
[2026-06-14T19:39:59.039Z] [1]   '--color-success': '#22C55E',
[2026-06-14T19:39:59.039Z] [1]   '--color-warning': '#F59E0B',
[2026-06-14T19:39:59.039Z] [1]   '--color-error': '#EF4444'
[2026-06-14T19:39:59.039Z] [1] }
[2026-06-14T19:39:59.039Z] [1] λ  LOG  { colorScheme: 'light', setColorScheme: [Function (anonymous)] } {
[2026-06-14T19:39:59.039Z] [1]   '--color-primary': '#001A3D',
[2026-06-14T19:39:59.039Z] [1]   '--color-background': '#F8F9FA',
[2026-06-14T19:39:59.039Z] [1]   '--color-surface': '#FFFFFF',
[2026-06-14T19:39:59.039Z] [1]   '--color-foreground': '#0A0F1A',
[2026-06-14T19:39:59.039Z] [1]   '--color-muted': '#6B7280',
[2026-06-14T19:39:59.039Z] [1]   '--color-border': '#E5E7EB',
[2026-06-14T19:39:59.039Z] [1]   '--color-success': '#22C55E',
[2026-06-14T19:39:59.039Z] [1]   '--color-warning': '#F59E0B',
[2026-06-14T19:39:59.040Z] [1]   '--color-error': '#EF4444'
[2026-06-14T19:39:59.040Z] [1] }
[2026-06-14T19:39:59.040Z] [1] Web node_modules/expo-router/entry.js ▓▓▓▓▓▓▓▓▓▓▓▓▓▓▓░ 95.4% (1292/1323)
[2026-06-14T19:39:59.040Z] [1] Web node_modules/expo-router/entry.js ░░░░░░░░░░░░░░░░  0.0% (0/1)
[2026-06-14T19:39:59.040Z] [1] Web node_modules/expo-router/entry.js ░░░░░░░░░░░░░░░░  0.0% (0/1)
[2026-06-14T19:39:59.040Z] [1] Web node_modules/expo-router/entry.js ░░░░░░░░░░░░░░░░  0.0% (0/1)
[2026-06-14T19:39:59.040Z] [1] Web node_modules/expo-router/entry.js ░░░░░░░░░░░░░░░░  0.0% (0/1)
[2026-06-14T19:39:59.040Z] [1] Web node_modules/expo-router/entry.js ░░░░░░░░░░░░░░░░  0.0% (0/1)
[2026-06-14T19:39:59.040Z] [1] Web node_modules/expo-router/entry.js ░░░░░░░░░░░░░░░░  0.0% (0/1)
[2026-06-14T19:39:59.040Z] [1] Web node_modules/expo-router/entry.js ░░░░░░░░░░░░░░░░  0.0% (0/1)
[2026-06-14T19:39:59.040Z] [1] Web node_modules/expo-router/entry.js ░░░░░░░░░░░░░░░░  0.0% (0/1)
[2026-06-14T19:39:59.040Z] [1] Web node_modules/expo-router/entry.js ░░░░░░░░░░░░░░░░  0.0% (0/1)
[2026-06-14T19:39:59.040Z] [1] Web node_modules/expo-router/entry.js ░░░░░░░░░░░░░░░░  0.0% (0/1)
[2026-06-14T19:39:59.040Z] [1] Web node_modules/expo-router/entry.js ░░░░░░░░░░░░░░░░  0.0% (0/1)
[2026-06-14T19:39:59.040Z] [1] Web node_modules/expo-router/entry.js ░░░░░░░░░░░░░░░░  0.0% (0/1)
[2026-06-14T19:39:59.040Z] [1] Web node_modules/expo-router/entry.js ░░░░░░░░░░░░░░░░  0.0% (0/1)
[2026-06-14T19:39:59.040Z] [1] Web node_modules/expo-router/entry.js ░░░░░░░░░░░░░░░░  0.0% (0/1)
[2026-06-14T19:39:59.040Z] [1] Web node_modules/expo-router/entry.js ░░░░░░░░░░░░░░░░  0.0% (0/1)
[2026-06-14T19:39:59.068Z] [1] EXPO_USE_METRO_WORKSPACE_ROOT is enabled by default, use EXPO_NO_METRO_WORKSPACE_ROOT instead to disable.
[2026-06-14T19:39:59.070Z] [1] EXPO_USE_METRO_WORKSPACE_ROOT is enabled by default, use EXPO_NO_METRO_WORKSPACE_ROOT instead to disable.
[2026-06-14T19:39:59.347Z] [1] λ Bundled 64ms node_modules/expo-router/node/render.js (1 module)
[2026-06-14T19:39:59.361Z] [1] EXPO_USE_METRO_WORKSPACE_ROOT is enabled by default, use EXPO_NO_METRO_WORKSPACE_ROOT instead to disable.
[2026-06-14T19:39:59.362Z] [1] EXPO_USE_METRO_WORKSPACE_ROOT is enabled by default, use EXPO_NO_METRO_WORKSPACE_ROOT instead to disable.
[2026-06-14T19:39:59.701Z] [1] λ  WARN  props.pointerEvents is deprecated. Use style.pointerEvents
[2026-06-14T19:39:59.824Z] [1]
[2026-06-14T19:39:59.824Z] λ Bundled 45ms node_modules/expo-router/node/render.js (1 module)
[2026-06-14T19:39:59.824Z] [1] λ  LOG  { colorScheme: 'light', setColorScheme: [Function (anonymous)] } {
[2026-06-14T19:39:59.824Z] [1]   '--color-primary': '#001A3D',
[2026-06-14T19:39:59.824Z] [1]   '--color-background': '#F8F9FA',
[2026-06-14T19:39:59.825Z] [1]   '--color-surface': '#FFFFFF',
[2026-06-14T19:39:59.825Z] [1]   '--color-foreground': '#0A0F1A',
[2026-06-14T19:39:59.825Z] [1]   '--color-muted': '#6B7280',
[2026-06-14T19:39:59.825Z] [1]   '--color-border': '#E5E7EB',
[2026-06-14T19:39:59.825Z] [1]   '--color-success': '#22C55E',
[2026-06-14T19:39:59.825Z] [1]   '--color-warning': '#F59E0B',
[2026-06-14T19:39:59.825Z] [1]   '--color-error': '#EF4444'
[2026-06-14T19:39:59.825Z] [1] }
[2026-06-14T19:39:59.825Z] [1] Web node_modules/expo-router/entry.js ▓▓▓▓▓▓▓▓▓▓▓▓▓▓▓░ 95.4% (1292/1323)
[2026-06-14T19:39:59.825Z] [1] Web node_modules/expo-router/entry.js ░░░░░░░░░░░░░░░░  0.0% (0/1)
[2026-06-14T19:39:59.825Z] [1] Web node_modules/expo-router/entry.js ░░░░░░░░░░░░░░░░  0.0% (0/1)
[2026-06-14T19:39:59.825Z] [1] Web node_modules/expo-router/entry.js ░░░░░░░░░░░░░░░░  0.0% (0/1)
[2026-06-14T19:39:59.825Z] [1] Web node_modules/expo-router/entry.js ░░░░░░░░░░░░░░░░  0.0% (0/1)
[2026-06-14T19:39:59.825Z] [1] Web node_modules/expo-router/entry.js ░░░░░░░░░░░░░░░░  0.0% (0/1)
[2026-06-14T19:39:59.825Z] [1] Web node_modules/expo-router/entry.js ░░░░░░░░░░░░░░░░  0.0% (0/1)
[2026-06-14T19:39:59.825Z] [1] Web node_modules/expo-router/entry.js ░░░░░░░░░░░░░░░░  0.0% (0/1)
[2026-06-14T19:39:59.825Z] [1] Web node_modules/expo-router/entry.js ░░░░░░░░░░░░░░░░  0.0% (0/1)
[2026-06-14T19:39:59.825Z] [1] Web node_modules/expo-router/entry.js ░░░░░░░░░░░░░░░░  0.0% (0/1)
[2026-06-14T19:39:59.825Z] [1] Web node_modules/expo-router/entry.js ░░░░░░░░░░░░░░░░  0.0% (0/1)
[2026-06-14T19:39:59.825Z] [1] Web node_modules/expo-router/entry.js ░░░░░░░░░░░░░░░░  0.0% (0/1)
[2026-06-14T19:39:59.825Z] [1] Web node_modules/expo-router/entry.js ░░░░░░░░░░░░░░░░  0.0% (0/1)
[2026-06-14T19:39:59.825Z] [1] Web node_modules/expo-router/entry.js ░░░░░░░░░░░░░░░░  0.0% (0/1)
[2026-06-14T19:39:59.825Z] [1] Web node_modules/expo-router/entry.js ░░░░░░░░░░░░░░░░  0.0% (0/1)
[2026-06-14T19:39:59.825Z] [1] Web node_modules/expo-router/entry.js ░░░░░░░░░░░░░░░░  0.0% (0/1)
[2026-06-14T19:39:59.825Z] [1] Web node_modules/expo-router/entry.js ░░░░░░░░░░░░░░░░  0.0% (0/1)
[2026-06-14T19:39:59.825Z] [1] Web node_modules/expo-router/entry.js ░░░░░░░░░░░░░░░░  0.0% (0/1)
[2026-06-14T19:39:59.841Z] [1] EXPO_USE_METRO_WORKSPACE_ROOT is enabled by default, use EXPO_NO_METRO_WORKSPACE_ROOT instead to disable.
[2026-06-14T19:39:59.843Z] [1] EXPO_USE_METRO_WORKSPACE_ROOT is enabled by default, use EXPO_NO_METRO_WORKSPACE_ROOT instead to disable.
[2026-06-14T19:40:00.200Z] [1] λ  WARN  props.pointerEvents is deprecated. Use style.pointerEvents
[2026-06-14T19:40:00.322Z] [1] λ Bundled 43ms node_modules/expo-router/node/render.js (1 module)
[2026-06-14T19:40:00.322Z] [1] λ  LOG  { colorScheme: 'light', setColorScheme: [Function (anonymous)] } {
[2026-06-14T19:40:00.322Z] [1]   '--color-primary': '#001A3D',
[2026-06-14T19:40:00.322Z] [1]   '--color-background': '#F8F9FA',
[2026-06-14T19:40:00.323Z] [1]   '--color-surface': '#FFFFFF',
[2026-06-14T19:40:00.323Z] [1]   '--color-foreground': '#0A0F1A',
[2026-06-14T19:40:00.323Z] [1]   '--color-muted': '#6B7280',
[2026-06-14T19:40:00.323Z] [1]   '--color-border': '#E5E7EB',
[2026-06-14T19:40:00.323Z] [1]   '--color-success': '#22C55E',
[2026-06-14T19:40:00.323Z] [1]   '--color-warning': '#F59E0B',
[2026-06-14T19:40:00.323Z] [1]   '--color-error': '#EF4444'
[2026-06-14T19:40:00.323Z] [1] }
[2026-06-14T19:40:00.323Z] [1] Web node_modules/expo-router/entry.js ▓▓▓▓▓▓▓▓▓▓▓▓▓▓▓░ 95.4% (1292/1323)
[2026-06-14T19:40:00.323Z] [1] Web node_modules/expo-router/entry.js ░░░░░░░░░░░░░░░░  0.0% (0/1)
[2026-06-14T19:40:00.323Z] [1] Web node_modules/expo-router/entry.js ░░░░░░░░░░░░░░░░  0.0% (0/1)
[2026-06-14T19:40:00.323Z] [1] Web node_modules/expo-router/entry.js ░░░░░░░░░░░░░░░░  0.0% (0/1)
[2026-06-14T19:40:00.323Z] [1] Web node_modules/expo-router/entry.js ░░░░░░░░░░░░░░░░  0.0% (0/1)
[2026-06-14T19:40:00.323Z] [1] Web node_modules/expo-router/entry.js ░░░░░░░░░░░░░░░░  0.0% (0/1)
[2026-06-14T19:40:00.323Z] [1] Web node_modules/expo-router/entry.js ░░░░░░░░░░░░░░░░  0.0% (0/1)
[2026-06-14T19:40:00.323Z] [1] Web node_modules/expo-router/entry.js ░░░░░░░░░░░░░░░░  0.0% (0/1)
[2026-06-14T19:40:00.323Z] [1] Web node_modules/expo-router/entry.js ░░░░░░░░░░░░░░░░  0.0% (0/1)
[2026-06-14T19:40:00.323Z] [1] Web node_modules/expo-router/entry.js ░░░░░░░░░░░░░░░░  0.0% (0/1)
[2026-06-14T19:40:00.323Z] [1] Web node_modules/expo-router/entry.js ░░░░░░░░░░░░░░░░  0.0% (0/1)
[2026-06-14T19:40:00.323Z] [1] Web node_modules/expo-router/entry.js ░░░░░░░░░░░░░░░░  0.0% (0/1)
[2026-06-14T19:40:00.323Z] [1] Web node_modules/expo-router/entry.js ░░░░░░░░░░░░░░░░  0.0% (0/1)
[2026-06-14T19:40:00.323Z] [1] Web node_modules/expo-router/entry.js ░░░░░░░░░░░░░░░░  0.0% (0/1)
[2026-06-14T19:40:00.323Z] [1] Web node_modules/expo-router/entry.js ░░░░░░░░░░░░░░░░  0.0% (0/1)
[2026-06-14T19:40:00.323Z] [1] Web node_modules/expo-router/entry.js ░░░░░░░░░░░░░░░░  0.0% (0/1)
[2026-06-14T19:40:00.323Z] [1] Web node_modules/expo-router/entry.js ░░░░░░░░░░░░░░░░  0.0% (0/1)
[2026-06-14T19:40:00.323Z] [1] Web node_modules/expo-router/entry.js ░░░░░░░░░░░░░░░░  0.0% (0/1)
[2026-06-14T19:40:00.323Z] [1] Web node_modules/expo-router/entry.js ░░░░░░░░░░░░░░░░  0.0% (0/1)
[2026-06-14T19:40:00.360Z] [1] EXPO_USE_METRO_WORKSPACE_ROOT is enabled by default, use EXPO_NO_METRO_WORKSPACE_ROOT instead to disable.
[2026-06-14T19:40:00.361Z] [1] EXPO_USE_METRO_WORKSPACE_ROOT is enabled by default, use EXPO_NO_METRO_WORKSPACE_ROOT instead to disable.
[2026-06-14T19:40:00.695Z] [1] λ  WARN  props.pointerEvents is deprecated. Use style.pointerEvents
[2026-06-14T19:40:00.818Z] [1] λ Bundled 59ms node_modules/expo-router/node/render.js (1 module)
[2026-06-14T19:40:00.818Z] [1] λ  LOG  { colorScheme: 'light', setColorScheme: [Function (anonymous)] } {
[2026-06-14T19:40:00.818Z] [1]   '--color-primary': '#001A3D',
[2026-06-14T19:40:00.818Z] [1]   '--color-background': '#F8F9FA',
[2026-06-14T19:40:00.818Z] [1]   '--color-surface': '#FFFFFF',
[2026-06-14T19:40:00.818Z] [1]   '--color-foreground': '#0A0F1A',
[2026-06-14T19:40:00.818Z] [1]   '--color-muted': '#6B7280',
[2026-06-14T19:40:00.818Z] [1]   '--color-border': '#E5E7EB',
[2026-06-14T19:40:00.818Z] [1]   '--color-success': '#22C55E',
[2026-06-14T19:40:00.818Z] [1]   '--color-warning': '#F59E0B',
[2026-06-14T19:40:00.818Z] [1]   '--color-error': '#EF4444'
[2026-06-14T19:40:00.819Z] [1] }
[2026-06-14T19:40:00.819Z] [1] Web node_modules/expo-router/entry.js ▓▓▓▓▓▓▓▓▓▓▓▓▓▓▓░ 95.4% (1292/1323)
[2026-06-14T19:40:00.819Z] [1] Web node_modules/expo-router/entry.js ░░░░░░░░░░░░░░░░  0.0% (0/1)
[2026-06-14T19:40:00.819Z] [1] Web node_modules/expo-router/entry.js ░░░░░░░░░░░░░░░░  0.0% (0/1)
[2026-06-14T19:40:00.819Z] [1] Web node_modules/expo-router/entry.js ░░░░░░░░░░░░░░░░  0.0% (0/1)
[2026-06-14T19:40:00.819Z] [1] Web node_modules/expo-router/entry.js ░░░░░░░░░░░░░░░░  0.0% (0/1)
[2026-06-14T19:40:00.819Z] [1] Web node_modules/expo-router/entry.js ░░░░░░░░░░░░░░░░  0.0% (0/1)
[2026-06-14T19:40:00.819Z] [1] Web node_modules/expo-router/entry.js ░░░░░░░░░░░░░░░░  0.0% (0/1)
[2026-06-14T19:40:00.819Z] [1] Web node_modules/expo-router/entry.js ░░░░░░░░░░░░░░░░  0.0% (0/1)
[2026-06-14T19:40:00.819Z] [1] Web node_modules/expo-router/entry.js ░░░░░░░░░░░░░░░░  0.0% (0/1)
[2026-06-14T19:40:00.819Z] [1] Web node_modules/expo-router/entry.js ░░░░░░░░░░░░░░░░  0.0% (0/1)
[2026-06-14T19:40:00.819Z] [1] Web node_modules/expo-router/entry.js ░░░░░░░░░░░░░░░░  0.0% (0/1)
[2026-06-14T19:40:00.819Z] [1] Web node_modules/expo-router/entry.js ░░░░░░░░░░░░░░░░  0.0% (0/1)
[2026-06-14T19:40:00.819Z] [1] Web node_modules/expo-router/entry.js ░░░░░░░░░░░░░░░░  0.0% (0/1)
[2026-06-14T19:40:00.819Z] [1] Web node_modules/expo-router/entry.js ░░░░░░░░░░░░░░░░  0.0% (0/1)
[2026-06-14T19:40:00.819Z] [1] Web node_modules/expo-router/entry.js ░░░░░░░░░░░░░░░░  0.0% (0/1)
[2026-06-14T19:40:00.819Z] [1] Web node_modules/expo-router/entry.js ░░░░░░░░░░░░░░░░  0.0% (0/1)
[2026-06-14T19:40:00.819Z] [1] Web node_modules/expo-router/entry.js ░░░░░░░░░░░░░░░░  0.0% (0/1)
[2026-06-14T19:40:00.819Z] [1] Web node_modules/expo-router/entry.js ░░░░░░░░░░░░░░░░  0.0% (0/1)
[2026-06-14T19:40:00.819Z] [1] Web node_modules/expo-router/entry.js ░░░░░░░░░░░░░░░░  0.0% (0/1)
[2026-06-14T19:40:00.819Z] [1] Web node_modules/expo-router/entry.js ░░░░░░░░░░░░░░░░  0.0% (0/1)
[2026-06-14T19:40:00.841Z] [1] EXPO_USE_METRO_WORKSPACE_ROOT is enabled by default, use EXPO_NO_METRO_WORKSPACE_ROOT instead to disable.
[2026-06-14T19:40:00.843Z] [1] EXPO_USE_METRO_WORKSPACE_ROOT is enabled by default, use EXPO_NO_METRO_WORKSPACE_ROOT instead to disable.
[2026-06-14T19:40:01.167Z] [1] λ  WARN  props.pointerEvents is deprecated. Use style.pointerEvents
[2026-06-14T19:40:01.283Z] [1] λ Bundled 47ms node_modules/expo-router/node/render.js (1 module)
[2026-06-14T19:40:01.283Z] [1] λ  LOG  { colorScheme: 'light', setColorScheme: [Function (anonymous)] } {
[2026-06-14T19:40:01.283Z] [1]   '--color-primary': '#001A3D',
[2026-06-14T19:40:01.283Z] [1]   '--color-background': '#F8F9FA',
[2026-06-14T19:40:01.283Z] [1]   '--color-surface': '#FFFFFF',
[2026-06-14T19:40:01.283Z] [1]   '--color-foreground': '#0A0F1A',
[2026-06-14T19:40:01.283Z] [1]   '--color-muted': '#6B7280',
[2026-06-14T19:40:01.283Z] [1]   '--color-border': '#E5E7EB',
[2026-06-14T19:40:01.283Z] [1]   '--color-success': '#22C55E',
[2026-06-14T19:40:01.283Z] [1]   '--color-warning': '#F59E0B',
[2026-06-14T19:40:01.283Z] [1]   '--color-error': '#EF4444'
[2026-06-14T19:40:01.283Z] [1] }
[2026-06-14T19:40:01.283Z] [1] Web node_modules/expo-router/entry.js ▓▓▓▓▓▓▓▓▓▓▓▓▓▓▓░ 95.4% (1292/1323)
[2026-06-14T19:40:01.283Z] [1] Web node_modules/expo-router/entry.js ░░░░░░░░░░░░░░░░  0.0% (0/1)
[2026-06-14T19:40:01.283Z] [1] Web node_modules/expo-router/entry.js ░░░░░░░░░░░░░░░░  0.0% (0/1)
[2026-06-14T19:40:01.283Z] [1] Web node_modules/expo-router/entry.js ░░░░░░░░░░░░░░░░  0.0% (0/1)
[2026-06-14T19:40:01.283Z] [1] Web node_modules/expo-router/entry.js ░░░░░░░░░░░░░░░░  0.0% (0/1)
[2026-06-14T19:40:01.283Z] [1] Web node_modules/expo-router/entry.js ░░░░░░░░░░░░░░░░  0.0% (0/1)
[2026-06-14T19:40:01.283Z] [1] Web node_modules/expo-router/entry.js ░░░░░░░░░░░░░░░░  0.0% (0/1)
[2026-06-14T19:40:01.283Z] [1] Web node_modules/expo-router/entry.js ░░░░░░░░░░░░░░░░  0.0% (0/1)
[2026-06-14T19:40:01.283Z] [1] Web node_modules/expo-router/entry.js ░░░░░░░░░░░░░░░░  0.0% (0/1)
[2026-06-14T19:40:01.283Z] [1] Web node_modules/expo-router/entry.js ░░░░░░░░░░░░░░░░  0.0% (0/1)
[2026-06-14T19:40:01.283Z] [1] Web node_modules/expo-router/entry.js ░░░░░░░░░░░░░░░░  0.0% (0/1)
[2026-06-14T19:40:01.283Z] [1] Web node_modules/expo-router/entry.js ░░░░░░░░░░░░░░░░  0.0% (0/1)
[2026-06-14T19:40:01.283Z] [1] Web node_modules/expo-router/entry.js ░░░░░░░░░░░░░░░░  0.0% (0/1)
[2026-06-14T19:40:01.283Z] [1] Web node_modules/expo-router/entry.js ░░░░░░░░░░░░░░░░  0.0% (0/1)
[2026-06-14T19:40:01.283Z] [1] Web node_modules/expo-router/entry.js ░░░░░░░░░░░░░░░░  0.0% (0/1)
[2026-06-14T19:40:01.283Z] [1] Web node_modules/expo-router/entry.js ░░░░░░░░░░░░░░░░  0.0% (0/1)
[2026-06-14T19:40:01.283Z] [1] Web node_modules/expo-router/entry.js ░░░░░░░░░░░░░░░░  0.0% (0/1)
[2026-06-14T19:40:01.283Z] [1] Web node_modules/expo-router/entry.js ░░░░░░░░░░░░░░░░  0.0% (0/1)
[2026-06-14T19:40:01.283Z] [1] Web node_modules/expo-router/entry.js ░░░░░░░░░░░░░░░░  0.0% (0/1)
[2026-06-14T19:40:01.283Z] [1] Web node_modules/expo-router/entry.js ░░░░░░░░░░░░░░░░  0.0% (0/1)
[2026-06-14T19:40:01.283Z] [1] Web node_modules/expo-router/entry.js ░░░░░░░░░░░░░░░░  0.0% (0/1)
[2026-06-14T19:40:01.518Z] [1] λ  LOG  { colorScheme: 'light', setColorScheme: [Function (anonymous)] } {
[2026-06-14T19:40:01.518Z] [1]   '--color-primary': '#001A3D',
[2026-06-14T19:40:01.518Z] [1]   '--color-background': '#F8F9FA',
[2026-06-14T19:40:01.518Z] [1]   '--color-surface': '#FFFFFF',
[2026-06-14T19:40:01.518Z] [1]   '--color-foreground': '#0A0F1A',
[2026-06-14T19:40:01.518Z] [1]   '--color-muted': '#6B7280',
[2026-06-14T19:40:01.518Z] [1]   '--color-border': '#E5E7EB',
[2026-06-14T19:40:01.518Z] [1]   '--color-success': '#22C55E',
[2026-06-14T19:40:01.518Z] [1]   '--color-warning': '#F59E0B',
[2026-06-14T19:40:01.518Z] [1]   '--color-error': '#EF4444'
[2026-06-14T19:40:01.518Z] [1] }
[2026-06-14T19:40:01.597Z] [1] λ  WARN  props.pointerEvents is deprecated. Use style.pointerEvents
[2026-06-14T19:40:01.615Z] [1] Web node_modules/expo-router/entry.js ▓▓▓▓▓▓▓▓▓▓▓▓▓▓▓░ 95.4% (1292/1323)
[2026-06-14T19:40:01.615Z] [1] Web node_modules/expo-router/entry.js ░░░░░░░░░░░░░░░░  0.0% (0/1)
[2026-06-14T19:40:01.615Z] [1] Web node_modules/expo-router/entry.js ░░░░░░░░░░░░░░░░  0.0% (0/1)
[2026-06-14T19:40:01.615Z] [1] Web node_modules/expo-router/entry.js ░░░░░░░░░░░░░░░░  0.0% (0/1)
[2026-06-14T19:40:01.615Z] [1] Web node_modules/expo-router/entry.js ░░░░░░░░░░░░░░░░  0.0% (0/1)
[2026-06-14T19:40:01.615Z] [1] Web node_modules/expo-router/entry.js ░░░░░░░░░░░░░░░░  0.0% (0/1)
[2026-06-14T19:40:01.615Z] [1] Web node_modules/expo-router/entry.js ░░░░░░░░░░░░░░░░  0.0% (0/1)
[2026-06-14T19:40:01.615Z] [1] Web node_modules/expo-router/entry.js ░░░░░░░░░░░░░░░░  0.0% (0/1)
[2026-06-14T19:40:01.615Z] [1] Web node_modules/expo-router/entry.js ░░░░░░░░░░░░░░░░  0.0% (0/1)
[2026-06-14T19:40:01.615Z] [1] Web node_modules/expo-router/entry.js ░░░░░░░░░░░░░░░░  0.0% (0/1)
[2026-06-14T19:40:01.615Z] [1] Web node_modules/expo-router/entry.js ░░░░░░░░░░░░░░░░  0.0% (0/1)
[2026-06-14T19:40:01.615Z] [1] Web node_modules/expo-router/entry.js ░░░░░░░░░░░░░░░░  0.0% (0/1)
[2026-06-14T19:40:01.615Z] [1] Web node_modules/expo-router/entry.js ░░░░░░░░░░░░░░░░  0.0% (0/1)
[2026-06-14T19:40:01.615Z] [1] Web node_modules/expo-router/entry.js ░░░░░░░░░░░░░░░░  0.0% (0/1)
[2026-06-14T19:40:01.615Z] [1] Web node_modules/expo-router/entry.js ░░░░░░░░░░░░░░░░  0.0% (0/1)
[2026-06-14T19:40:01.615Z] [1] Web node_modules/expo-router/entry.js ░░░░░░░░░░░░░░░░  0.0% (0/1)
[2026-06-14T19:40:01.615Z] [1] Web node_modules/expo-router/entry.js ░░░░░░░░░░░░░░░░  0.0% (0/1)
[2026-06-14T19:40:01.615Z] [1] Web node_modules/expo-router/entry.js ░░░░░░░░░░░░░░░░  0.0% (0/1)
[2026-06-14T19:40:01.615Z] [1] Web node_modules/expo-router/entry.js ░░░░░░░░░░░░░░░░  0.0% (0/1)
[2026-06-14T19:40:01.615Z] [1] Web node_modules/expo-router/entry.js ░░░░░░░░░░░░░░░░  0.0% (0/1)
[2026-06-14T19:40:01.615Z] [1] Web node_modules/expo-router/entry.js ░░░░░░░░░░░░░░░░  0.0% (0/1)
[2026-06-14T19:40:01.690Z] [1] EXPO_USE_METRO_WORKSPACE_ROOT is enabled by default, use EXPO_NO_METRO_WORKSPACE_ROOT instead to disable.
[2026-06-14T19:40:01.692Z] [1]
[2026-06-14T19:40:01.692Z] EXPO_USE_METRO_WORKSPACE_ROOT is enabled by default, use EXPO_NO_METRO_WORKSPACE_ROOT instead to disable.
[2026-06-14T19:40:02.033Z] [1]
[2026-06-14T19:40:02.033Z] λ  WARN  props.pointerEvents is deprecated. Use style.pointerEvents
[2026-06-14T19:40:02.109Z] [1] λ Bundled 43ms node_modules/expo-router/node/render.js (1 module)
[2026-06-14T19:40:02.109Z] [1] λ  LOG  { colorScheme: 'light', setColorScheme: [Function (anonymous)] } {
[2026-06-14T19:40:02.109Z] [1]   '--color-primary': '#001A3D',
[2026-06-14T19:40:02.109Z] [1]   '--color-background': '#F8F9FA',
[2026-06-14T19:40:02.109Z] [1]   '--color-surface': '#FFFFFF',
[2026-06-14T19:40:02.109Z] [1]   '--color-foreground': '#0A0F1A',
[2026-06-14T19:40:02.109Z] [1]   '--color-muted': '#6B7280',
[2026-06-14T19:40:02.109Z] [1]   '--color-border': '#E5E7EB',
[2026-06-14T19:40:02.109Z] [1]   '--color-success': '#22C55E',
[2026-06-14T19:40:02.109Z] [1]   '--color-warning': '#F59E0B',
[2026-06-14T19:40:02.109Z] [1]   '--color-error': '#EF4444'
[2026-06-14T19:40:02.109Z] [1] }
[2026-06-14T19:40:02.109Z] [1]
[2026-06-14T19:40:02.110Z] Web node_modules/expo-router/entry.js ▓▓▓▓▓▓▓▓▓▓▓▓▓▓▓░ 95.4% (1292/1323)
[2026-06-14T19:40:02.110Z] [1] Web node_modules/expo-router/entry.js ░░░░░░░░░░░░░░░░  0.0% (0/1)
[2026-06-14T19:40:02.110Z] [1] Web node_modules/expo-router/entry.js ░░░░░░░░░░░░░░░░  0.0% (0/1)
[2026-06-14T19:40:02.110Z] [1] Web node_modules/expo-router/entry.js ░░░░░░░░░░░░░░░░  0.0% (0/1)
[2026-06-14T19:40:02.110Z] [1] Web node_modules/expo-router/entry.js ░░░░░░░░░░░░░░░░  0.0% (0/1)
[2026-06-14T19:40:02.110Z] [1] Web node_modules/expo-router/entry.js ░░░░░░░░░░░░░░░░  0.0% (0/1)
[2026-06-14T19:40:02.110Z] [1] Web node_modules/expo-router/entry.js ░░░░░░░░░░░░░░░░  0.0% (0/1)
[2026-06-14T19:40:02.110Z] [1] Web node_modules/expo-router/entry.js ░░░░░░░░░░░░░░░░  0.0% (0/1)
[2026-06-14T19:40:02.110Z] [1] Web node_modules/expo-router/entry.js ░░░░░░░░░░░░░░░░  0.0% (0/1)
[2026-06-14T19:40:02.110Z] [1] Web node_modules/expo-router/entry.js ░░░░░░░░░░░░░░░░  0.0% (0/1)
[2026-06-14T19:40:02.110Z] [1] Web node_modules/expo-router/entry.js ░░░░░░░░░░░░░░░░  0.0% (0/1)
[2026-06-14T19:40:02.110Z] [1] Web node_modules/expo-router/entry.js ░░░░░░░░░░░░░░░░  0.0% (0/1)
[2026-06-14T19:40:02.110Z] [1] Web node_modules/expo-router/entry.js ░░░░░░░░░░░░░░░░  0.0% (0/1)
[2026-06-14T19:40:02.110Z] [1] Web node_modules/expo-router/entry.js ░░░░░░░░░░░░░░░░  0.0% (0/1)
[2026-06-14T19:40:02.110Z] [1] Web node_modules/expo-router/entry.js ░░░░░░░░░░░░░░░░  0.0% (0/1)
[2026-06-14T19:40:02.110Z] [1] Web node_modules/expo-router/entry.js ░░░░░░░░░░░░░░░░  0.0% (0/1)
[2026-06-14T19:40:02.110Z] [1] Web node_modules/expo-router/entry.js ░░░░░░░░░░░░░░░░  0.0% (0/1)
[2026-06-14T19:40:02.110Z] [1] Web node_modules/expo-router/entry.js ░░░░░░░░░░░░░░░░  0.0% (0/1)
[2026-06-14T19:40:02.110Z] [1] Web node_modules/expo-router/entry.js ░░░░░░░░░░░░░░░░  0.0% (0/1)
[2026-06-14T19:40:02.110Z] [1] Web node_modules/expo-router/entry.js ░░░░░░░░░░░░░░░░  0.0% (0/1)
[2026-06-14T19:40:02.110Z] [1] Web node_modules/expo-router/entry.js ░░░░░░░░░░░░░░░░  0.0% (0/1)
[2026-06-14T19:40:02.110Z] [1] Web node_modules/expo-router/entry.js ░░░░░░░░░░░░░░░░  0.0% (0/1)
[2026-06-14T19:40:02.350Z] [1] λ  LOG  { colorScheme: 'light', setColorScheme: [Function (anonymous)] } {
[2026-06-14T19:40:02.351Z] [1]   '--color-primary': '#001A3D',
[2026-06-14T19:40:02.351Z] [1]   '--color-background': '#F8F9FA',
[2026-06-14T19:40:02.351Z] [1]   '--color-surface': '#FFFFFF',
[2026-06-14T19:40:02.351Z] [1]   '--color-foreground': '#0A0F1A',
[2026-06-14T19:40:02.351Z] [1]   '--color-muted': '#6B7280',
[2026-06-14T19:40:02.351Z] [1]   '--color-border': '#E5E7EB',
[2026-06-14T19:40:02.351Z] [1]   '--color-success': '#22C55E',
[2026-06-14T19:40:02.351Z] [1]   '--color-warning': '#F59E0B',
[2026-06-14T19:40:02.351Z] [1]   '--color-error': '#EF4444'
[2026-06-14T19:40:02.351Z] [1] }
[2026-06-14T19:40:02.409Z] [1] λ  WARN  props.pointerEvents is deprecated. Use style.pointerEvents
[2026-06-14T19:40:02.433Z] [1] Web node_modules/expo-router/entry.js ▓▓▓▓▓▓▓▓▓▓▓▓▓▓▓░ 95.4% (1292/1323)
[2026-06-14T19:40:02.433Z] [1] Web node_modules/expo-router/entry.js ░░░░░░░░░░░░░░░░  0.0% (0/1)
[2026-06-14T19:40:02.433Z] [1] Web node_modules/expo-router/entry.js ░░░░░░░░░░░░░░░░  0.0% (0/1)
[2026-06-14T19:40:02.433Z] [1] Web node_modules/expo-router/entry.js ░░░░░░░░░░░░░░░░  0.0% (0/1)
[2026-06-14T19:40:02.433Z] [1] Web node_modules/expo-router/entry.js ░░░░░░░░░░░░░░░░  0.0% (0/1)
[2026-06-14T19:40:02.433Z] [1] Web node_modules/expo-router/entry.js ░░░░░░░░░░░░░░░░  0.0% (0/1)
[2026-06-14T19:40:02.433Z] [1] Web node_modules/expo-router/entry.js ░░░░░░░░░░░░░░░░  0.0% (0/1)
[2026-06-14T19:40:02.433Z] [1] Web node_modules/expo-router/entry.js ░░░░░░░░░░░░░░░░  0.0% (0/1)
[2026-06-14T19:40:02.433Z] [1] Web node_modules/expo-router/entry.js ░░░░░░░░░░░░░░░░  0.0% (0/1)
[2026-06-14T19:40:02.433Z] [1] Web node_modules/expo-router/entry.js ░░░░░░░░░░░░░░░░  0.0% (0/1)
[2026-06-14T19:40:02.433Z] [1] Web node_modules/expo-router/entry.js ░░░░░░░░░░░░░░░░  0.0% (0/1)
[2026-06-14T19:40:02.433Z] [1] Web node_modules/expo-router/entry.js ░░░░░░░░░░░░░░░░  0.0% (0/1)
[2026-06-14T19:40:02.433Z] [1] Web node_modules/expo-router/entry.js ░░░░░░░░░░░░░░░░  0.0% (0/1)
[2026-06-14T19:40:02.434Z] [1] Web node_modules/expo-router/entry.js ░░░░░░░░░░░░░░░░  0.0% (0/1)
[2026-06-14T19:40:02.434Z] [1] Web node_modules/expo-router/entry.js ░░░░░░░░░░░░░░░░  0.0% (0/1)
[2026-06-14T19:40:02.434Z] [1] Web node_modules/expo-router/entry.js ░░░░░░░░░░░░░░░░  0.0% (0/1)
[2026-06-14T19:40:02.434Z] [1] Web node_modules/expo-router/entry.js ░░░░░░░░░░░░░░░░  0.0% (0/1)
[2026-06-14T19:40:02.434Z] [1] Web node_modules/expo-router/entry.js ░░░░░░░░░░░░░░░░  0.0% (0/1)
[2026-06-14T19:40:02.434Z] [1] Web node_modules/expo-router/entry.js ░░░░░░░░░░░░░░░░  0.0% (0/1)
[2026-06-14T19:40:02.434Z] [1] Web node_modules/expo-router/entry.js ░░░░░░░░░░░░░░░░  0.0% (0/1)
[2026-06-14T19:40:02.434Z] [1] Web node_modules/expo-router/entry.js ░░░░░░░░░░░░░░░░  0.0% (0/1)
[2026-06-14T19:40:02.434Z] [1] Web node_modules/expo-router/entry.js ░░░░░░░░░░░░░░░░  0.0% (0/1)
[2026-06-14T19:40:02.434Z] [1] EXPO_USE_METRO_WORKSPACE_ROOT is enabled by default, use EXPO_NO_METRO_WORKSPACE_ROOT instead to disable.
[2026-06-14T19:40:02.437Z] [1] EXPO_USE_METRO_WORKSPACE_ROOT is enabled by default, use EXPO_NO_METRO_WORKSPACE_ROOT instead to disable.
[2026-06-14T19:40:02.632Z] [1] λ Bundled 55ms node_modules/expo-router/node/render.js (1 module)
[2026-06-14T19:40:02.646Z] [1] EXPO_USE_METRO_WORKSPACE_ROOT is enabled by default, use EXPO_NO_METRO_WORKSPACE_ROOT instead to disable.
[2026-06-14T19:40:02.647Z] [1]
[2026-06-14T19:40:02.647Z] EXPO_USE_METRO_WORKSPACE_ROOT is enabled by default, use EXPO_NO_METRO_WORKSPACE_ROOT instead to disable.
[2026-06-14T19:40:02.864Z] [1] λ Bundled 35ms node_modules/expo-router/node/render.js (1 module)
[2026-06-14T19:40:03.040Z] [1]
[2026-06-14T19:40:03.040Z] λ  LOG  { colorScheme: 'light', setColorScheme: [Function (anonymous)] } {
[2026-06-14T19:40:03.040Z] [1]   '--color-primary': '#001A3D',
[2026-06-14T19:40:03.040Z] [1]   '--color-background': '#F8F9FA',
[2026-06-14T19:40:03.040Z] [1]   '--color-surface': '#FFFFFF',
[2026-06-14T19:40:03.040Z] [1]   '--color-foreground': '#0A0F1A',
[2026-06-14T19:40:03.040Z] [1]   '--color-muted': '#6B7280',
[2026-06-14T19:40:03.040Z] [1]   '--color-border': '#E5E7EB',
[2026-06-14T19:40:03.040Z] [1]   '--color-success': '#22C55E',
[2026-06-14T19:40:03.040Z] [1]   '--color-warning': '#F59E0B',
[2026-06-14T19:40:03.040Z] [1]   '--color-error': '#EF4444'
[2026-06-14T19:40:03.040Z] [1] }
[2026-06-14T19:40:03.109Z] [1] λ  WARN  props.pointerEvents is deprecated. Use style.pointerEvents
[2026-06-14T19:40:03.136Z] [1] Web node_modules/expo-router/entry.js ▓▓▓▓▓▓▓▓▓▓▓▓▓▓▓░ 95.4% (1292/1323)
[2026-06-14T19:40:03.136Z] [1] Web node_modules/expo-router/entry.js ░░░░░░░░░░░░░░░░  0.0% (0/1)
[2026-06-14T19:40:03.137Z] [1] Web node_modules/expo-router/entry.js ░░░░░░░░░░░░░░░░  0.0% (0/1)
[2026-06-14T19:40:03.137Z] [1] Web node_modules/expo-router/entry.js ░░░░░░░░░░░░░░░░  0.0% (0/1)
[2026-06-14T19:40:03.137Z] [1] Web node_modules/expo-router/entry.js ░░░░░░░░░░░░░░░░  0.0% (0/1)
[2026-06-14T19:40:03.137Z] [1] Web node_modules/expo-router/entry.js ░░░░░░░░░░░░░░░░  0.0% (0/1)
[2026-06-14T19:40:03.137Z] [1] Web node_modules/expo-router/entry.js ░░░░░░░░░░░░░░░░  0.0% (0/1)
[2026-06-14T19:40:03.137Z] [1] Web node_modules/expo-router/entry.js ░░░░░░░░░░░░░░░░  0.0% (0/1)
[2026-06-14T19:40:03.137Z] [1] Web node_modules/expo-router/entry.js ░░░░░░░░░░░░░░░░  0.0% (0/1)
[2026-06-14T19:40:03.137Z] [1] Web node_modules/expo-router/entry.js ░░░░░░░░░░░░░░░░  0.0% (0/1)
[2026-06-14T19:40:03.137Z] [1] Web node_modules/expo-router/entry.js ░░░░░░░░░░░░░░░░  0.0% (0/1)
[2026-06-14T19:40:03.137Z] [1] Web node_modules/expo-router/entry.js ░░░░░░░░░░░░░░░░  0.0% (0/1)
[2026-06-14T19:40:03.137Z] [1] Web node_modules/expo-router/entry.js ░░░░░░░░░░░░░░░░  0.0% (0/1)
[2026-06-14T19:40:03.137Z] [1] Web node_modules/expo-router/entry.js ░░░░░░░░░░░░░░░░  0.0% (0/1)
[2026-06-14T19:40:03.137Z] [1] Web node_modules/expo-router/entry.js ░░░░░░░░░░░░░░░░  0.0% (0/1)
[2026-06-14T19:40:03.137Z] [1] Web node_modules/expo-router/entry.js ░░░░░░░░░░░░░░░░  0.0% (0/1)
[2026-06-14T19:40:03.137Z] [1] Web node_modules/expo-router/entry.js ░░░░░░░░░░░░░░░░  0.0% (0/1)
[2026-06-14T19:40:03.137Z] [1] Web node_modules/expo-router/entry.js ░░░░░░░░░░░░░░░░  0.0% (0/1)
[2026-06-14T19:40:03.137Z] [1] Web node_modules/expo-router/entry.js ░░░░░░░░░░░░░░░░  0.0% (0/1)
[2026-06-14T19:40:03.137Z] [1] Web node_modules/expo-router/entry.js ░░░░░░░░░░░░░░░░  0.0% (0/1)
[2026-06-14T19:40:03.137Z] [1] Web node_modules/expo-router/entry.js ░░░░░░░░░░░░░░░░  0.0% (0/1)
[2026-06-14T19:40:03.137Z] [1] Web node_modules/expo-router/entry.js ░░░░░░░░░░░░░░░░  0.0% (0/1)
[2026-06-14T19:40:03.137Z] [1] Web node_modules/expo-router/entry.js ░░░░░░░░░░░░░░░░  0.0% (0/1)
[2026-06-14T19:40:03.137Z] [1] Web node_modules/expo-router/entry.js ░░░░░░░░░░░░░░░░  0.0% (0/1)
[2026-06-14T19:40:03.408Z] [1] λ  LOG  { colorScheme: 'light', setColorScheme: [Function (anonymous)] } {
[2026-06-14T19:40:03.408Z] [1]   '--color-primary': '#001A3D',
[2026-06-14T19:40:03.408Z] [1]   '--color-background': '#F8F9FA',
[2026-06-14T19:40:03.408Z] [1]   '--color-surface': '#FFFFFF',
[2026-06-14T19:40:03.408Z] [1]   '--color-foreground': '#0A0F1A',
[2026-06-14T19:40:03.408Z] [1]   '--color-muted': '#6B7280',
[2026-06-14T19:40:03.408Z] [1]   '--color-border': '#E5E7EB',
[2026-06-14T19:40:03.408Z] [1]   '--color-success': '#22C55E',
[2026-06-14T19:40:03.408Z] [1]   '--color-warning': '#F59E0B',
[2026-06-14T19:40:03.408Z] [1]   '--color-error': '#EF4444'
[2026-06-14T19:40:03.408Z] [1] }
[2026-06-14T19:40:03.540Z] [1]
[2026-06-14T19:40:03.540Z] λ  WARN  props.pointerEvents is deprecated. Use style.pointerEvents
[2026-06-14T19:40:03.561Z] [1] Web node_modules/expo-router/entry.js ▓▓▓▓▓▓▓▓▓▓▓▓▓▓▓░ 95.4% (1292/1323)
[2026-06-14T19:40:03.561Z] [1] Web node_modules/expo-router/entry.js ░░░░░░░░░░░░░░░░  0.0% (0/1)
[2026-06-14T19:40:03.561Z] [1] Web node_modules/expo-router/entry.js ░░░░░░░░░░░░░░░░  0.0% (0/1)
[2026-06-14T19:40:03.561Z] [1] Web node_modules/expo-router/entry.js ░░░░░░░░░░░░░░░░  0.0% (0/1)
[2026-06-14T19:40:03.561Z] [1] Web node_modules/expo-router/entry.js ░░░░░░░░░░░░░░░░  0.0% (0/1)
[2026-06-14T19:40:03.561Z] [1] Web node_modules/expo-router/entry.js ░░░░░░░░░░░░░░░░  0.0% (0/1)
[2026-06-14T19:40:03.561Z] [1] Web node_modules/expo-router/entry.js ░░░░░░░░░░░░░░░░  0.0% (0/1)
[2026-06-14T19:40:03.561Z] [1] Web node_modules/expo-router/entry.js ░░░░░░░░░░░░░░░░  0.0% (0/1)
[2026-06-14T19:40:03.561Z] [1] Web node_modules/expo-router/entry.js ░░░░░░░░░░░░░░░░  0.0% (0/1)
[2026-06-14T19:40:03.561Z] [1] Web node_modules/expo-router/entry.js ░░░░░░░░░░░░░░░░  0.0% (0/1)
[2026-06-14T19:40:03.561Z] [1] Web node_modules/expo-router/entry.js ░░░░░░░░░░░░░░░░  0.0% (0/1)
[2026-06-14T19:40:03.561Z] [1] Web node_modules/expo-router/entry.js ░░░░░░░░░░░░░░░░  0.0% (0/1)
[2026-06-14T19:40:03.561Z] [1] Web node_modules/expo-router/entry.js ░░░░░░░░░░░░░░░░  0.0% (0/1)
[2026-06-14T19:40:03.562Z] [1] Web node_modules/expo-router/entry.js ░░░░░░░░░░░░░░░░  0.0% (0/1)
[2026-06-14T19:40:03.562Z] [1] Web node_modules/expo-router/entry.js ░░░░░░░░░░░░░░░░  0.0% (0/1)
[2026-06-14T19:40:03.562Z] [1] Web node_modules/expo-router/entry.js ░░░░░░░░░░░░░░░░  0.0% (0/1)
[2026-06-14T19:40:03.562Z] [1] Web node_modules/expo-router/entry.js ░░░░░░░░░░░░░░░░  0.0% (0/1)
[2026-06-14T19:40:03.562Z] [1] Web node_modules/expo-router/entry.js ░░░░░░░░░░░░░░░░  0.0% (0/1)
[2026-06-14T19:40:03.562Z] [1] Web node_modules/expo-router/entry.js ░░░░░░░░░░░░░░░░  0.0% (0/1)
[2026-06-14T19:40:03.562Z] [1] Web node_modules/expo-router/entry.js ░░░░░░░░░░░░░░░░  0.0% (0/1)
[2026-06-14T19:40:03.562Z] [1] Web node_modules/expo-router/entry.js ░░░░░░░░░░░░░░░░  0.0% (0/1)
[2026-06-14T19:40:03.562Z] [1] Web node_modules/expo-router/entry.js ░░░░░░░░░░░░░░░░  0.0% (0/1)
[2026-06-14T19:40:03.562Z] [1] Web node_modules/expo-router/entry.js ░░░░░░░░░░░░░░░░  0.0% (0/1)
[2026-06-14T19:40:03.562Z] [1] Web node_modules/expo-router/entry.js ░░░░░░░░░░░░░░░░  0.0% (0/1)
[2026-06-14T19:40:03.595Z] [1] EXPO_USE_METRO_WORKSPACE_ROOT is enabled by default, use EXPO_NO_METRO_WORKSPACE_ROOT instead to disable.
[2026-06-14T19:40:03.597Z] [1]
[2026-06-14T19:40:03.597Z] EXPO_USE_METRO_WORKSPACE_ROOT is enabled by default, use EXPO_NO_METRO_WORKSPACE_ROOT instead to disable.
[2026-06-14T19:40:03.687Z] [1] Web Bundled 17527ms node_modules/expo-router/entry.js (1 module)
[2026-06-14T19:40:04.110Z] [1] Web Bundled 17586ms node_modules/expo-router/entry.js (1 module)
[2026-06-14T19:40:04.110Z] [1] Web Bundled 17624ms node_modules/expo-router/entry.js (1 module)
[2026-06-14T19:40:04.110Z] [1] Web Bundled 17658ms node_modules/expo-router/entry.js (1 module)
[2026-06-14T19:40:04.110Z] [1] Web Bundled 17693ms node_modules/expo-router/entry.js (1 module)
[2026-06-14T19:40:04.110Z] [1] Web Bundled 17730ms node_modules/expo-router/entry.js (1 module)
[2026-06-14T19:40:04.110Z] [1] Web Bundled 17430ms node_modules/expo-router/entry.js (1 module)
[2026-06-14T19:40:04.110Z] [1] Web Bundled 17798ms node_modules/expo-router/entry.js (1 module)
[2026-06-14T19:40:04.110Z] [1] Web Bundled 17033ms node_modules/expo-router/entry.js (1 module)
[2026-06-14T19:40:04.110Z] [1] Web Bundled 15955ms node_modules/expo-router/entry.js (1 module)
[2026-06-14T19:40:04.110Z] [1] Web Bundled 14846ms node_modules/expo-router/entry.js (1 module)
[2026-06-14T19:40:04.204Z] [1] λ Bundled 604ms node_modules/expo-router/node/render.js (1 module)
[2026-06-14T19:40:04.411Z] [1] Web Bundled 11065ms node_modules/expo-router/entry.js (1 module)
[2026-06-14T19:40:04.459Z] [1] EXPO_USE_METRO_WORKSPACE_ROOT is enabled by default, use EXPO_NO_METRO_WORKSPACE_ROOT instead to disable.
[2026-06-14T19:40:04.461Z] [1]
[2026-06-14T19:40:04.461Z] EXPO_USE_METRO_WORKSPACE_ROOT is enabled by default, use EXPO_NO_METRO_WORKSPACE_ROOT instead to disable.
[2026-06-14T19:40:05.141Z] [1] λ  WARN  props.pointerEvents is deprecated. Use style.pointerEvents
[2026-06-14T19:40:05.211Z] [1] λ Bundled 56ms node_modules/expo-router/node/render.js (1 module)
[2026-06-14T19:40:05.211Z] [1] λ  LOG  { colorScheme: 'light', setColorScheme: [Function (anonymous)] } {
[2026-06-14T19:40:05.211Z] [1]   '--color-primary': '#001A3D',
[2026-06-14T19:40:05.211Z] [1]   '--color-background': '#F8F9FA',
[2026-06-14T19:40:05.211Z] [1]   '--color-surface': '#FFFFFF',
[2026-06-14T19:40:05.211Z] [1]   '--color-foreground': '#0A0F1A',
[2026-06-14T19:40:05.211Z] [1]   '--color-muted': '#6B7280',
[2026-06-14T19:40:05.211Z] [1]   '--color-border': '#E5E7EB',
[2026-06-14T19:40:05.211Z] [1]   '--color-success': '#22C55E',
[2026-06-14T19:40:05.211Z] [1]   '--color-warning': '#F59E0B',
[2026-06-14T19:40:05.211Z] [1]   '--color-error': '#EF4444'
[2026-06-14T19:40:05.211Z] [1] }
[2026-06-14T19:40:05.211Z] [1] Web node_modules/expo-router/entry.js ░░░░░░░░░░░░░░░░  0.0% (0/1)
[2026-06-14T19:40:05.211Z] [1] Web node_modules/expo-router/entry.js ░░░░░░░░░░░░░░░░  0.0% (0/1)
[2026-06-14T19:40:05.211Z] [1] Web node_modules/expo-router/entry.js ░░░░░░░░░░░░░░░░  0.0% (0/1)
[2026-06-14T19:40:05.211Z] [1] Web node_modules/expo-router/entry.js ░░░░░░░░░░░░░░░░  0.0% (0/1)
[2026-06-14T19:40:05.211Z] [1] Web node_modules/expo-router/entry.js ░░░░░░░░░░░░░░░░  0.0% (0/1)
[2026-06-14T19:40:05.211Z] [1] Web node_modules/expo-router/entry.js ░░░░░░░░░░░░░░░░  0.0% (0/1)
[2026-06-14T19:40:05.211Z] [1] Web node_modules/expo-router/entry.js ░░░░░░░░░░░░░░░░  0.0% (0/1)
[2026-06-14T19:40:05.211Z] [1] Web node_modules/expo-router/entry.js ░░░░░░░░░░░░░░░░  0.0% (0/1)
[2026-06-14T19:40:05.211Z] [1] Web node_modules/expo-router/entry.js ░░░░░░░░░░░░░░░░  0.0% (0/1)
[2026-06-14T19:40:05.211Z] [1] Web node_modules/expo-router/entry.js ░░░░░░░░░░░░░░░░  0.0% (0/1)
[2026-06-14T19:40:05.212Z] [1] Web node_modules/expo-router/entry.js ░░░░░░░░░░░░░░░░  0.0% (0/1)
[2026-06-14T19:40:05.212Z] [1] Web node_modules/expo-router/entry.js ░░░░░░░░░░░░░░░░  0.0% (0/1)
[2026-06-14T19:40:05.212Z] [1] Web node_modules/expo-router/entry.js ░░░░░░░░░░░░░░░░  0.0% (0/1)
[2026-06-14T19:40:05.212Z] [1] Web node_modules/expo-router/entry.js ░░░░░░░░░░░░░░░░  0.0% (0/1)
[2026-06-14T19:40:05.212Z] [1] Web node_modules/expo-router/entry.js ░░░░░░░░░░░░░░░░  0.0% (0/1)
[2026-06-14T19:40:05.218Z] [1] EXPO_USE_METRO_WORKSPACE_ROOT is enabled by default, use EXPO_NO_METRO_WORKSPACE_ROOT instead to disable.
[2026-06-14T19:40:05.219Z] [1]
[2026-06-14T19:40:05.219Z] EXPO_USE_METRO_WORKSPACE_ROOT is enabled by default, use EXPO_NO_METRO_WORKSPACE_ROOT instead to disable.
[2026-06-14T19:40:05.333Z] [1] Error: Premature close
[2026-06-14T19:40:05.333Z] [1]     at onclose (node:internal/streams/end-of-stream:158:30)
[2026-06-14T19:40:05.333Z] [1]     at processTicksAndRejections (node:internal/process/task_queues:85:11)
[2026-06-14T19:40:05.434Z] [1] λ Bundled 40ms node_modules/expo-router/node/render.js (1 module)
[2026-06-14T19:40:05.435Z] [1] Web Bundled 9415ms node_modules/expo-router/entry.js (1 module)
[2026-06-14T19:40:05.475Z] [1] EXPO_USE_METRO_WORKSPACE_ROOT is enabled by default, use EXPO_NO_METRO_WORKSPACE_ROOT instead to disable.
[2026-06-14T19:40:05.476Z] [1] EXPO_USE_METRO_WORKSPACE_ROOT is enabled by default, use EXPO_NO_METRO_WORKSPACE_ROOT instead to disable.
[2026-06-14T19:40:05.831Z] [1] λ  WARN  props.pointerEvents is deprecated. Use style.pointerEvents
[2026-06-14T19:40:05.945Z] [1] λ Bundled 40ms node_modules/expo-router/node/render.js (1 module)
[2026-06-14T19:40:05.945Z] [1] λ  LOG  { colorScheme: 'light', setColorScheme: [Function (anonymous)] } {
[2026-06-14T19:40:05.945Z] [1]   '--color-primary': '#001A3D',
[2026-06-14T19:40:05.945Z] [1]   '--color-background': '#F8F9FA',
[2026-06-14T19:40:05.945Z] [1]   '--color-surface': '#FFFFFF',
[2026-06-14T19:40:05.945Z] [1]   '--color-foreground': '#0A0F1A',
[2026-06-14T19:40:05.945Z] [1]   '--color-muted': '#6B7280',
[2026-06-14T19:40:05.945Z] [1]   '--color-border': '#E5E7EB',
[2026-06-14T19:40:05.945Z] [1]   '--color-success': '#22C55E',
[2026-06-14T19:40:05.945Z] [1]   '--color-warning': '#F59E0B',
[2026-06-14T19:40:05.945Z] [1]   '--color-error': '#EF4444'
[2026-06-14T19:40:05.945Z] [1] }
[2026-06-14T19:40:05.945Z] [1]
[2026-06-14T19:40:05.946Z] Web node_modules/expo-router/entry.js ░░░░░░░░░░░░░░░░  0.0% (0/1)
[2026-06-14T19:40:05.946Z] [1] Web node_modules/expo-router/entry.js ░░░░░░░░░░░░░░░░  0.0% (0/1)
[2026-06-14T19:40:05.946Z] [1] Web node_modules/expo-router/entry.js ░░░░░░░░░░░░░░░░  0.0% (0/1)
[2026-06-14T19:40:05.946Z] [1] Web node_modules/expo-router/entry.js ░░░░░░░░░░░░░░░░  0.0% (0/1)
[2026-06-14T19:40:05.946Z] [1] Web node_modules/expo-router/entry.js ░░░░░░░░░░░░░░░░  0.0% (0/1)
[2026-06-14T19:40:05.946Z] [1] Web node_modules/expo-router/entry.js ░░░░░░░░░░░░░░░░  0.0% (0/1)
[2026-06-14T19:40:05.946Z] [1] Web node_modules/expo-router/entry.js ░░░░░░░░░░░░░░░░  0.0% (0/1)
[2026-06-14T19:40:05.946Z] [1] Web node_modules/expo-router/entry.js ░░░░░░░░░░░░░░░░  0.0% (0/1)
[2026-06-14T19:40:05.946Z] [1] Web node_modules/expo-router/entry.js ░░░░░░░░░░░░░░░░  0.0% (0/1)
[2026-06-14T19:40:05.946Z] [1] Web node_modules/expo-router/entry.js ░░░░░░░░░░░░░░░░  0.0% (0/1)
[2026-06-14T19:40:05.946Z] [1] Web node_modules/expo-router/entry.js ░░░░░░░░░░░░░░░░  0.0% (0/1)
[2026-06-14T19:40:05.946Z] [1] Web node_modules/expo-router/entry.js ░░░░░░░░░░░░░░░░  0.0% (0/1)
[2026-06-14T19:40:05.946Z] [1] Web node_modules/expo-router/entry.js ░░░░░░░░░░░░░░░░  0.0% (0/1)
[2026-06-14T19:40:05.946Z] [1] Web node_modules/expo-router/entry.js ░░░░░░░░░░░░░░░░  0.0% (0/1)
[2026-06-14T19:40:05.946Z] [1] Web node_modules/expo-router/entry.js ░░░░░░░░░░░░░░░░  0.0% (0/1)
[2026-06-14T19:40:05.946Z] [1] Web node_modules/expo-router/entry.js ░░░░░░░░░░░░░░░░  0.0% (0/1)
[2026-06-14T19:40:05.946Z] [1] Web Bundled 8686ms node_modules/expo-router/entry.js (1 module)
[2026-06-14T19:40:06.230Z] [1] λ  WARN  props.pointerEvents is deprecated. Use style.pointerEvents
[2026-06-14T19:40:06.344Z] [1] Error: Premature close
[2026-06-14T19:40:06.344Z] [1]     at onclose (node:internal/streams/end-of-stream:158:30)
[2026-06-14T19:40:06.344Z] [1]     at processTicksAndRejections (node:internal/process/task_queues:85:11)
[2026-06-14T19:40:06.572Z] [1] λ  WARN  props.pointerEvents is deprecated. Use style.pointerEvents
[2026-06-14T19:40:06.585Z] [1] λ  LOG  { colorScheme: 'light', setColorScheme: [Function (anonymous)] } {
[2026-06-14T19:40:06.585Z] [1]   '--color-primary': '#001A3D',
[2026-06-14T19:40:06.585Z] [1]   '--color-background': '#F8F9FA',
[2026-06-14T19:40:06.585Z] [1]   '--color-surface': '#FFFFFF',
[2026-06-14T19:40:06.585Z] [1]   '--color-foreground': '#0A0F1A',
[2026-06-14T19:40:06.585Z] [1]   '--color-muted': '#6B7280',
[2026-06-14T19:40:06.585Z] [1]   '--color-border': '#E5E7EB',
[2026-06-14T19:40:06.585Z] [1]   '--color-success': '#22C55E',
[2026-06-14T19:40:06.585Z] [1]   '--color-warning': '#F59E0B',
[2026-06-14T19:40:06.585Z] [1]   '--color-error': '#EF4444'
[2026-06-14T19:40:06.585Z] [1] }
[2026-06-14T19:40:06.585Z] [1] λ  LOG  { colorScheme: 'light', setColorScheme: [Function (anonymous)] } {
[2026-06-14T19:40:06.585Z] [1]   '--color-primary': '#001A3D',
[2026-06-14T19:40:06.585Z] [1]   '--color-background': '#F8F9FA',
[2026-06-14T19:40:06.585Z] [1]   '--color-surface': '#FFFFFF',
[2026-06-14T19:40:06.585Z] [1]   '--color-foreground': '#0A0F1A',
[2026-06-14T19:40:06.585Z] [1]   '--color-muted': '#6B7280',
[2026-06-14T19:40:06.585Z] [1]   '--color-border': '#E5E7EB',
[2026-06-14T19:40:06.585Z] [1]   '--color-success': '#22C55E',
[2026-06-14T19:40:06.585Z] [1]   '--color-warning': '#F59E0B',
[2026-06-14T19:40:06.585Z] [1]   '--color-error': '#EF4444'
[2026-06-14T19:40:06.585Z] [1] }
[2026-06-14T19:40:06.585Z] [1] Web node_modules/expo-router/entry.js ░░░░░░░░░░░░░░░░  0.0% (0/1)
[2026-06-14T19:40:06.585Z] [1] Web node_modules/expo-router/entry.js ░░░░░░░░░░░░░░░░  0.0% (0/1)
[2026-06-14T19:40:06.586Z] [1] Web node_modules/expo-router/entry.js ░░░░░░░░░░░░░░░░  0.0% (0/1)
[2026-06-14T19:40:06.586Z] [1] Web node_modules/expo-router/entry.js ░░░░░░░░░░░░░░░░  0.0% (0/1)
[2026-06-14T19:40:06.586Z] [1] Web node_modules/expo-router/entry.js ░░░░░░░░░░░░░░░░  0.0% (0/1)
[2026-06-14T19:40:06.586Z] [1] Web node_modules/expo-router/entry.js ░░░░░░░░░░░░░░░░  0.0% (0/1)
[2026-06-14T19:40:06.586Z] [1] Web node_modules/expo-router/entry.js ░░░░░░░░░░░░░░░░  0.0% (0/1)
[2026-06-14T19:40:06.586Z] [1] Web node_modules/expo-router/entry.js ░░░░░░░░░░░░░░░░  0.0% (0/1)
[2026-06-14T19:40:06.586Z] [1] Web node_modules/expo-router/entry.js ░░░░░░░░░░░░░░░░  0.0% (0/1)
[2026-06-14T19:40:06.586Z] [1] Web node_modules/expo-router/entry.js ░░░░░░░░░░░░░░░░  0.0% (0/1)
[2026-06-14T19:40:06.586Z] [1] Web node_modules/expo-router/entry.js ░░░░░░░░░░░░░░░░  0.0% (0/1)
[2026-06-14T19:40:06.586Z] [1] Web node_modules/expo-router/entry.js ░░░░░░░░░░░░░░░░  0.0% (0/1)
[2026-06-14T19:40:06.586Z] [1] Web node_modules/expo-router/entry.js ░░░░░░░░░░░░░░░░  0.0% (0/1)
[2026-06-14T19:40:06.586Z] [1] Web node_modules/expo-router/entry.js ░░░░░░░░░░░░░░░░  0.0% (0/1)
[2026-06-14T19:40:06.586Z] [1] Web node_modules/expo-router/entry.js ░░░░░░░░░░░░░░░░  0.0% (0/1)
[2026-06-14T19:40:06.586Z] [1] Web Bundled 8612ms node_modules/expo-router/entry.js (1 module)
[2026-06-14T19:40:06.627Z] [1] Error: Premature close
[2026-06-14T19:40:06.627Z] [1]     at onclose (node:internal/streams/end-of-stream:158:30)
[2026-06-14T19:40:06.627Z] [1]     at processTicksAndRejections (node:internal/process/task_queues:85:11)
[2026-06-14T19:40:06.689Z] [1] Error: Premature close
[2026-06-14T19:40:06.689Z] [1]     at onclose (node:internal/streams/end-of-stream:158:30)
[2026-06-14T19:40:06.689Z] [1]     at processTicksAndRejections (node:internal/process/task_queues:85:11)
[2026-06-14T19:40:06.689Z] [1] Web Bundled 8223ms node_modules/expo-router/entry.js (1 module)
[2026-06-14T19:40:06.690Z] [1] Web Bundled 7619ms node_modules/expo-router/entry.js (1 module)
[2026-06-14T19:40:06.731Z] [1] Error: Premature close
[2026-06-14T19:40:06.731Z] [1]     at onclose (node:internal/streams/end-of-stream:158:30)
[2026-06-14T19:40:06.731Z] [1]     at processTicksAndRejections (node:internal/process/task_queues:85:11)
[2026-06-14T19:40:06.772Z] [1] Error: Premature close
[2026-06-14T19:40:06.772Z] [1]     at onclose (node:internal/streams/end-of-stream:158:30)
[2026-06-14T19:40:06.772Z] [1]     at processTicksAndRejections (node:internal/process/task_queues:85:11)
[2026-06-14T19:40:06.772Z] [1] Web Bundled 7369ms node_modules/expo-router/entry.js (1 module)
[2026-06-14T19:40:06.781Z] [1] Error: Premature close
[2026-06-14T19:40:06.781Z] [1]     at onclose (node:internal/streams/end-of-stream:158:30)
[2026-06-14T19:40:06.781Z] [1]     at processTicksAndRejections (node:internal/process/task_queues:85:11)
[2026-06-14T19:40:06.782Z] [1] Web Bundled 6937ms node_modules/expo-router/entry.js (1 module)
[2026-06-14T19:40:06.858Z] [1] Web Bundled 6455ms node_modules/expo-router/entry.js (1 module)
[2026-06-14T19:40:06.866Z] [1] Error: Premature close
[2026-06-14T19:40:06.866Z] [1]     at onclose (node:internal/streams/end-of-stream:158:30)
[2026-06-14T19:40:06.866Z] [1]     at processTicksAndRejections (node:internal/process/task_queues:85:11)
[2026-06-14T19:40:06.866Z] [1] Error: Premature close
[2026-06-14T19:40:06.866Z] [1]     at onclose (node:internal/streams/end-of-stream:158:30)
[2026-06-14T19:40:06.866Z] [1]     at processTicksAndRejections (node:internal/process/task_queues:85:11)
[2026-06-14T19:40:06.866Z] [1] Web Bundled 6023ms node_modules/expo-router/entry.js (1 module)
[2026-06-14T19:40:06.903Z] [1] Error: Premature close
[2026-06-14T19:40:06.903Z] [1]     at onclose (node:internal/streams/end-of-stream:158:30)
[2026-06-14T19:40:06.903Z] [1]     at processTicksAndRejections (node:internal/process/task_queues:85:11)
[2026-06-14T19:40:06.937Z] [1] Web Bundled 5210ms node_modules/expo-router/entry.js (1 module)
[2026-06-14T19:40:06.938Z] [1] Error: Premature close
[2026-06-14T19:40:06.938Z] [1]     at onclose (node:internal/streams/end-of-stream:158:30)
[2026-06-14T19:40:06.938Z] [1]     at processTicksAndRejections (node:internal/process/task_queues:85:11)
[2026-06-14T19:40:06.939Z] [1] Web Bundled 4500ms node_modules/expo-router/entry.js (1 module)
[2026-06-14T19:40:06.973Z] [1] Error: Premature close
[2026-06-14T19:40:06.973Z] [1]     at onclose (node:internal/streams/end-of-stream:158:30)
[2026-06-14T19:40:06.973Z] [1]     at processTicksAndRejections (node:internal/process/task_queues:85:11)
[2026-06-14T19:40:07.003Z] [1] Error: Premature close
[2026-06-14T19:40:07.003Z] [1]     at onclose (node:internal/streams/end-of-stream:158:30)
[2026-06-14T19:40:07.003Z] [1]     at processTicksAndRejections (node:internal/process/task_queues:85:11)
[2026-06-14T19:40:07.003Z] [1] Web Bundled 4324ms node_modules/expo-router/entry.js (1 module)
[2026-06-14T19:40:07.014Z] [1] Web Bundled 3414ms node_modules/expo-router/entry.js (1 module)
[2026-06-14T19:40:07.042Z] [1] Error: Premature close
[2026-06-14T19:40:07.042Z] [1]     at onclose (node:internal/streams/end-of-stream:158:30)
[2026-06-14T19:40:07.042Z] [1]     at processTicksAndRejections (node:internal/process/task_queues:85:11)
[2026-06-14T19:40:07.072Z] [1] Error: Premature close
[2026-06-14T19:40:07.072Z] [1]     at onclose (node:internal/streams/end-of-stream:158:30)
[2026-06-14T19:40:07.072Z] [1]     at processTicksAndRejections (node:internal/process/task_queues:85:11)
[2026-06-14T19:40:07.103Z] [1] Web Bundled 2580ms node_modules/expo-router/entry.js (1 module)
[2026-06-14T19:40:07.103Z] [1] Web Bundled 1852ms node_modules/expo-router/entry.js (1 module)
[2026-06-14T19:40:07.103Z] [1] Web Bundled 1626ms node_modules/expo-router/entry.js (1 module)
[2026-06-14T19:40:07.135Z] [1] Error: Premature close
[2026-06-14T19:40:07.135Z] [1]     at onclose (node:internal/streams/end-of-stream:158:30)
[2026-06-14T19:40:07.135Z] [1]     at processTicksAndRejections (node:internal/process/task_queues:85:11)
[2026-06-14T19:40:08.615Z] ELIFECYCLE  Command failed.
[2026-06-14T19:40:08.632Z] [0]  ELIFECYCLE  Command failed.
[2026-06-14T19:40:08.632Z] [1]  ELIFECYCLE  Command failed.
[2026-06-14T19:40:08.639Z] [0] 7:40:08 PM [tsx] Previous process hasn't exited yet. Force killing...
[2026-06-14T19:40:08.650Z] [0] pnpm dev:server exited with code SIGTERM
[2026-06-14T19:40:08.650Z] -->
[2026-06-14T19:40:08.650Z] Sending SIGTERM to other processes..
[2026-06-14T19:40:08.775Z] [1] pnpm dev:metro exited with code SIGTERM
[2026-06-14T19:40:08.780Z] Dev server exited with code -1
[2026-06-14T19:40:09.857Z] Starting dev server with command: pnpm run dev
[2026-06-14T19:40:11.100Z] > app-template@1.0.0 dev /home/ubuntu/aldwych-mobile-app
[2026-06-14T19:40:11.100Z] > concurrently -k "pnpm dev:server" "pnpm dev:metro"
[2026-06-14T19:40:11.890Z] [0]
[2026-06-14T19:40:11.890Z] [0] > app-template@1.0.0 dev:server /home/ubuntu/aldwych-mobile-app
[2026-06-14T19:40:11.890Z] [0] > cross-env NODE_ENV=development tsx watch server/_core/index.ts
[2026-06-14T19:40:11.890Z] [0]
[2026-06-14T19:40:11.908Z] [1]
[2026-06-14T19:40:11.908Z] [1] > app-template@1.0.0 dev:metro /home/ubuntu/aldwych-mobile-app
[2026-06-14T19:40:11.908Z] [1] > cross-env EXPO_USE_METRO_WORKSPACE_ROOT=1 npx expo start --web --port ${EXPO_PORT:-8081}
[2026-06-14T19:40:11.909Z] [1]
[2026-06-14T19:40:12.902Z] [1]
[2026-06-14T19:40:12.902Z] Starting project at /home/ubuntu/aldwych-mobile-app
[2026-06-14T19:40:13.438Z] [1]
[2026-06-14T19:40:13.438Z] EXPO_USE_METRO_WORKSPACE_ROOT is enabled by default, use EXPO_NO_METRO_WORKSPACE_ROOT instead to disable.
[2026-06-14T19:40:13.906Z] [1]
[2026-06-14T19:40:13.906Z] EXPO_USE_METRO_WORKSPACE_ROOT is enabled by default, use EXPO_NO_METRO_WORKSPACE_ROOT instead to disable.
[2026-06-14T19:40:13.906Z] [1] EXPO_USE_METRO_WORKSPACE_ROOT is enabled by default, use EXPO_NO_METRO_WORKSPACE_ROOT instead to disable.
[2026-06-14T19:40:13.908Z] [1] EXPO_USE_METRO_WORKSPACE_ROOT is enabled by default, use EXPO_NO_METRO_WORKSPACE_ROOT instead to disable.
[2026-06-14T19:40:14.187Z] [1] React Compiler enabled
[2026-06-14T19:40:14.385Z] [1] Starting Metro Bundler
[2026-06-14T19:40:14.423Z] [1] EXPO_USE_METRO_WORKSPACE_ROOT is enabled by default, use EXPO_NO_METRO_WORKSPACE_ROOT instead to disable.
[2026-06-14T19:40:14.701Z] [1] The following packages should be updated for best compatibility with the installed expo version:
[2026-06-14T19:40:14.702Z] [1]   expo@54.0.29 - expected version: ~54.0.35
[2026-06-14T19:40:14.702Z] [1]   expo-audio@1.1.0 - expected version: ~1.1.1
[2026-06-14T19:40:14.702Z] [1]   expo-constants@18.0.12 - expected version: ~18.0.13
[2026-06-14T19:40:14.702Z] [1]   expo-font@14.0.10 - expected version: ~14.0.12
[2026-06-14T19:40:14.702Z] [1]   expo-linking@8.0.10 - expected version: ~8.0.12
[2026-06-14T19:40:14.702Z] [1]   expo-notifications@0.32.15 - expected version: ~0.32.17
[2026-06-14T19:40:14.702Z] [1]   expo-router@6.0.19 - expected version: ~6.0.24
[2026-06-14T19:40:14.702Z] [1]   expo-splash-screen@31.0.12 - expected version: ~31.0.13
[2026-06-14T19:40:14.702Z] [1]   expo-video@3.0.15 - expected version: ~3.0.16
[2026-06-14T19:40:14.702Z] [1]   expo-web-browser@15.0.10 - expected version: ~15.0.11
[2026-06-14T19:40:14.702Z] [1] Your project may not work correctly until you install the expected versions of the packages.
[2026-06-14T19:40:14.710Z] [1] Waiting on http://localhost:8081
[2026-06-14T19:40:14.710Z] [1] Logs for your project will appear below.
[2026-06-14T19:40:14.995Z] [1]
[2026-06-14T19:40:14.995Z] EXPO_USE_METRO_WORKSPACE_ROOT is enabled by default, use EXPO_NO_METRO_WORKSPACE_ROOT instead to disable.
[2026-06-14T19:40:14.998Z] [1] EXPO_USE_METRO_WORKSPACE_ROOT is enabled by default, use EXPO_NO_METRO_WORKSPACE_ROOT instead to disable.
[2026-06-14T19:40:15.951Z] [0] [OAuth] Initialized with baseURL: https://api.manus.im
[2026-06-14T19:40:16.109Z] [0] [api] server listening on port 3000
[2026-06-14T19:40:19.392Z] ELIFECYCLE  Command failed.
[2026-06-14T19:40:19.392Z] [1]  ELIFECYCLE  Command failed.
[2026-06-14T19:40:19.392Z] [0]  ELIFECYCLE  Command failed.
[2026-06-14T19:40:19.438Z] [0]
[2026-06-14T19:40:19.438Z] pnpm dev:server exited with code SIGTERM
[2026-06-14T19:40:19.438Z] -->
[2026-06-14T19:40:19.439Z] Sending SIGTERM to other processes..
[2026-06-14T19:40:20.295Z] [1] pnpm dev:metro exited with code SIGTERM
[2026-06-14T19:40:20.833Z] Lockfile is up to date, resolution step is skipped
[2026-06-14T19:40:21.170Z] Progress: resolved 0, reused 1, downloaded 0, added 0
[2026-06-14T19:40:21.415Z] Dev server exited with code -1
[2026-06-14T19:40:22.439Z] Starting dev server with command: pnpm run dev
[2026-06-14T19:40:23.595Z] > app-template@1.0.0 dev /home/ubuntu/aldwych-mobile-app
[2026-06-14T19:40:23.596Z] > concurrently -k "pnpm dev:server" "pnpm dev:metro"
[2026-06-14T19:40:24.294Z] [0]
[2026-06-14T19:40:24.294Z] [0] > app-template@1.0.0 dev:server /home/ubuntu/aldwych-mobile-app
[2026-06-14T19:40:24.294Z] [0] > cross-env NODE_ENV=development tsx watch server/_core/index.ts
[2026-06-14T19:40:24.294Z] [0]
[2026-06-14T19:40:24.299Z] [1]
[2026-06-14T19:40:24.299Z] [1] > app-template@1.0.0 dev:metro /home/ubuntu/aldwych-mobile-app
[2026-06-14T19:40:24.299Z] [1] > cross-env EXPO_USE_METRO_WORKSPACE_ROOT=1 npx expo start --web --port ${EXPO_PORT:-8081}
[2026-06-14T19:40:24.299Z] [1]
[2026-06-14T19:40:25.040Z] [1]
[2026-06-14T19:40:25.040Z] Starting project at /home/ubuntu/aldwych-mobile-app
[2026-06-14T19:40:25.484Z] [1]
[2026-06-14T19:40:25.484Z] EXPO_USE_METRO_WORKSPACE_ROOT is enabled by default, use EXPO_NO_METRO_WORKSPACE_ROOT instead to disable.
[2026-06-14T19:40:25.857Z] [1]
[2026-06-14T19:40:25.857Z] EXPO_USE_METRO_WORKSPACE_ROOT is enabled by default, use EXPO_NO_METRO_WORKSPACE_ROOT instead to disable.
[2026-06-14T19:40:25.857Z] [1] EXPO_USE_METRO_WORKSPACE_ROOT is enabled by default, use EXPO_NO_METRO_WORKSPACE_ROOT instead to disable.
[2026-06-14T19:40:25.858Z] [1]
[2026-06-14T19:40:25.858Z] EXPO_USE_METRO_WORKSPACE_ROOT is enabled by default, use EXPO_NO_METRO_WORKSPACE_ROOT instead to disable.
[2026-06-14T19:40:26.128Z] [1] React Compiler enabled
[2026-06-14T19:40:26.265Z] [1]
[2026-06-14T19:40:26.265Z] Starting Metro Bundler
[2026-06-14T19:40:26.300Z] [1] EXPO_USE_METRO_WORKSPACE_ROOT is enabled by default, use EXPO_NO_METRO_WORKSPACE_ROOT instead to disable.
[2026-06-14T19:40:26.572Z] [1] The following packages should be updated for best compatibility with the installed expo version:
[2026-06-14T19:40:26.572Z] [1]
[2026-06-14T19:40:26.572Z] expo@54.0.29 - expected version: ~54.0.35
[2026-06-14T19:40:26.573Z] [1]   expo-audio@1.1.0 - expected version: ~1.1.1
[2026-06-14T19:40:26.573Z] [1]   expo-constants@18.0.12 - expected version: ~18.0.13
[2026-06-14T19:40:26.574Z] [1]   expo-font@14.0.10 - expected version: ~14.0.12
[2026-06-14T19:40:26.574Z] [1]   expo-linking@8.0.10 - expected version: ~8.0.12
[2026-06-14T19:40:26.574Z] [1]   expo-notifications@0.32.15 - expected version: ~0.32.17
[2026-06-14T19:40:26.574Z] [1]   expo-router@6.0.19 - expected version: ~6.0.24
[2026-06-14T19:40:26.574Z] [1]   expo-splash-screen@31.0.12 - expected version: ~31.0.13
[2026-06-14T19:40:26.574Z] [1]   expo-video@3.0.15 - expected version: ~3.0.16
[2026-06-14T19:40:26.574Z] [1]   expo-web-browser@15.0.10 - expected version: ~15.0.11
[2026-06-14T19:40:26.574Z] [1] Your project may not work correctly until you install the expected versions of the packages.
[2026-06-14T19:40:26.580Z] [1] Waiting on http://localhost:8081
[2026-06-14T19:40:26.581Z] [1] Logs for your project will appear below.
[2026-06-14T19:40:26.605Z] [1] EXPO_USE_METRO_WORKSPACE_ROOT is enabled by default, use EXPO_NO_METRO_WORKSPACE_ROOT instead to disable.
[2026-06-14T19:40:26.608Z] [1] EXPO_USE_METRO_WORKSPACE_ROOT is enabled by default, use EXPO_NO_METRO_WORKSPACE_ROOT instead to disable.
[2026-06-14T19:40:26.814Z] [1] EXPO_USE_METRO_WORKSPACE_ROOT is enabled by default, use EXPO_NO_METRO_WORKSPACE_ROOT instead to disable.
[2026-06-14T19:40:26.815Z] [1]
[2026-06-14T19:40:26.815Z] EXPO_USE_METRO_WORKSPACE_ROOT is enabled by default, use EXPO_NO_METRO_WORKSPACE_ROOT instead to disable.
[2026-06-14T19:40:27.874Z] [0] [OAuth] Initialized with baseURL: https://api.manus.im
[2026-06-14T19:40:27.944Z] [1] EXPO_USE_METRO_WORKSPACE_ROOT is enabled by default, use EXPO_NO_METRO_WORKSPACE_ROOT instead to disable.
[2026-06-14T19:40:27.945Z] [1] EXPO_USE_METRO_WORKSPACE_ROOT is enabled by default, use EXPO_NO_METRO_WORKSPACE_ROOT instead to disable.
[2026-06-14T19:40:27.998Z] [0] [api] server listening on port 3000
[2026-06-14T19:40:30.429Z] [1] EXPO_USE_METRO_WORKSPACE_ROOT is enabled by default, use EXPO_NO_METRO_WORKSPACE_ROOT instead to disable.
[2026-06-14T19:40:30.431Z] [1] EXPO_USE_METRO_WORKSPACE_ROOT is enabled by default, use EXPO_NO_METRO_WORKSPACE_ROOT instead to disable.
[2026-06-14T19:40:30.590Z] [1] EXPO_USE_METRO_WORKSPACE_ROOT is enabled by default, use EXPO_NO_METRO_WORKSPACE_ROOT instead to disable.
[2026-06-14T19:40:30.591Z] [1]
[2026-06-14T19:40:30.591Z] EXPO_USE_METRO_WORKSPACE_ROOT is enabled by default, use EXPO_NO_METRO_WORKSPACE_ROOT instead to disable.
[2026-06-14T19:40:32.051Z] [1] EXPO_USE_METRO_WORKSPACE_ROOT is enabled by default, use EXPO_NO_METRO_WORKSPACE_ROOT instead to disable.
[2026-06-14T19:40:32.052Z] [1] EXPO_USE_METRO_WORKSPACE_ROOT is enabled by default, use EXPO_NO_METRO_WORKSPACE_ROOT instead to disable.
[2026-06-14T19:40:32.445Z] [1] EXPO_USE_METRO_WORKSPACE_ROOT is enabled by default, use EXPO_NO_METRO_WORKSPACE_ROOT instead to disable.
[2026-06-14T19:40:32.447Z] [1] EXPO_USE_METRO_WORKSPACE_ROOT is enabled by default, use EXPO_NO_METRO_WORKSPACE_ROOT instead to disable.
[2026-06-14T19:40:32.693Z] [1] EXPO_USE_METRO_WORKSPACE_ROOT is enabled by default, use EXPO_NO_METRO_WORKSPACE_ROOT instead to disable.
[2026-06-14T19:40:32.694Z] [1]
[2026-06-14T19:40:32.694Z] EXPO_USE_METRO_WORKSPACE_ROOT is enabled by default, use EXPO_NO_METRO_WORKSPACE_ROOT instead to disable.
[2026-06-14T19:40:33.063Z] [1] EXPO_USE_METRO_WORKSPACE_ROOT is enabled by default, use EXPO_NO_METRO_WORKSPACE_ROOT instead to disable.
[2026-06-14T19:40:33.064Z] [1] EXPO_USE_METRO_WORKSPACE_ROOT is enabled by default, use EXPO_NO_METRO_WORKSPACE_ROOT instead to disable.
[2026-06-14T19:40:33.290Z] [1] Web node_modules/expo-router/entry.js ░░░░░░░░░░░░░░░░  0.0% (0/1)
[2026-06-14T19:40:33.290Z] [1] λ node_modules/expo-router/node/render.js ░░░░░░░░░░░░░░░░  0.0% (0/1)
[2026-06-14T19:40:33.290Z] [1] Web node_modules/expo-router/entry.js ░░░░░░░░░░░░░░░░  0.0% (0/1)
[2026-06-14T19:40:33.290Z] [1] λ node_modules/expo-router/node/render.js ░░░░░░░░░░░░░░░░  0.0% (0/1)
[2026-06-14T19:40:33.290Z] [1] Web node_modules/expo-router/entry.js ░░░░░░░░░░░░░░░░  0.0% (0/1)
[2026-06-14T19:40:33.290Z] [1] λ node_modules/expo-router/node/render.js ░░░░░░░░░░░░░░░░  0.0% (0/1)
[2026-06-14T19:40:33.290Z] [1] Web node_modules/expo-router/entry.js ░░░░░░░░░░░░░░░░  0.0% (0/1)
[2026-06-14T19:40:33.290Z] [1] λ node_modules/expo-router/node/render.js ░░░░░░░░░░░░░░░░  0.0% (0/1)
[2026-06-14T19:40:33.290Z] [1] Web node_modules/expo-router/entry.js ░░░░░░░░░░░░░░░░  0.0% (0/1)
[2026-06-14T19:40:33.290Z] [1] λ node_modules/expo-router/node/render.js ░░░░░░░░░░░░░░░░  0.0% (0/1)
[2026-06-14T19:40:33.290Z] [1] Web node_modules/expo-router/entry.js ░░░░░░░░░░░░░░░░  0.0% (0/1)
[2026-06-14T19:40:33.290Z] [1] λ node_modules/expo-router/node/render.js ░░░░░░░░░░░░░░░░  0.0% (0/1)
[2026-06-14T19:40:33.290Z] [1] Web node_modules/expo-router/entry.js ░░░░░░░░░░░░░░░░  0.0% (0/1)
[2026-06-14T19:40:33.290Z] [1] λ node_modules/expo-router/node/render.js ░░░░░░░░░░░░░░░░  0.0% (0/1)
[2026-06-14T19:40:33.291Z] [1] Web node_modules/expo-router/entry.js ░░░░░░░░░░░░░░░░  0.0% (0/1)
[2026-06-14T19:40:33.291Z] [1] λ node_modules/expo-router/node/render.js ░░░░░░░░░░░░░░░░  0.0% (0/1)
[2026-06-14T19:40:33.291Z] [1] Web node_modules/expo-router/entry.js ░░░░░░░░░░░░░░░░  0.0% (0/1)
[2026-06-14T19:40:33.291Z] [1] λ node_modules/expo-router/node/render.js ░░░░░░░░░░░░░░░░  0.0% (0/1)
[2026-06-14T19:40:33.647Z] [1] EXPO_USE_METRO_WORKSPACE_ROOT is enabled by default, use EXPO_NO_METRO_WORKSPACE_ROOT instead to disable.
[2026-06-14T19:40:33.649Z] [1] EXPO_USE_METRO_WORKSPACE_ROOT is enabled by default, use EXPO_NO_METRO_WORKSPACE_ROOT instead to disable.
[2026-06-14T19:40:34.861Z] [1] EXPO_USE_METRO_WORKSPACE_ROOT is enabled by default, use EXPO_NO_METRO_WORKSPACE_ROOT instead to disable.
[2026-06-14T19:40:34.862Z] [1] EXPO_USE_METRO_WORKSPACE_ROOT is enabled by default, use EXPO_NO_METRO_WORKSPACE_ROOT instead to disable.
[2026-06-14T19:40:35.919Z] [1] EXPO_USE_METRO_WORKSPACE_ROOT is enabled by default, use EXPO_NO_METRO_WORKSPACE_ROOT instead to disable.
[2026-06-14T19:40:35.920Z] [1]
[2026-06-14T19:40:35.920Z] EXPO_USE_METRO_WORKSPACE_ROOT is enabled by default, use EXPO_NO_METRO_WORKSPACE_ROOT instead to disable.
[2026-06-14T19:40:36.136Z] [1] λ Bundled 2867ms node_modules/expo-router/node/render.js (1301 modules)
[2026-06-14T19:40:38.341Z] [1] λ  LOG  { colorScheme: 'light', setColorScheme: [Function (anonymous)] } {
[2026-06-14T19:40:38.341Z] [1]   '--color-primary': '#001A3D',
[2026-06-14T19:40:38.341Z] [1]   '--color-background': '#F8F9FA',
[2026-06-14T19:40:38.341Z] [1]   '--color-surface': '#FFFFFF',
[2026-06-14T19:40:38.341Z] [1]   '--color-foreground': '#0A0F1A',
[2026-06-14T19:40:38.341Z] [1]   '--color-muted': '#6B7280',
[2026-06-14T19:40:38.341Z] [1]   '--color-border': '#E5E7EB',
[2026-06-14T19:40:38.341Z] [1]   '--color-success': '#22C55E',
[2026-06-14T19:40:38.341Z] [1]   '--color-warning': '#F59E0B',
[2026-06-14T19:40:38.341Z] [1]   '--color-error': '#EF4444'
[2026-06-14T19:40:38.341Z] [1] }
[2026-06-14T19:40:38.445Z] [1] λ  WARN  props.pointerEvents is deprecated. Use style.pointerEvents
[2026-06-14T19:40:38.467Z] [1] Web node_modules/expo-router/entry.js ▓▓▓▓▓▓▓▓▓▓▓▓▓▓▓░ 94.9% (1325/1360)
[2026-06-14T19:40:38.467Z] [1] Web node_modules/expo-router/entry.js ░░░░░░░░░░░░░░░░  0.0% (0/1)
[2026-06-14T19:40:38.467Z] [1] λ node_modules/expo-router/node/render.js ░░░░░░░░░░░░░░░░  0.0% (0/1)
[2026-06-14T19:40:38.467Z] [1] Web node_modules/expo-router/entry.js ░░░░░░░░░░░░░░░░  0.0% (0/1)
[2026-06-14T19:40:38.467Z] [1] λ node_modules/expo-router/node/render.js ░░░░░░░░░░░░░░░░  0.0% (0/1)
[2026-06-14T19:40:38.467Z] [1] Web node_modules/expo-router/entry.js ░░░░░░░░░░░░░░░░  0.0% (0/1)
[2026-06-14T19:40:38.467Z] [1] λ node_modules/expo-router/node/render.js ░░░░░░░░░░░░░░░░  0.0% (0/1)
[2026-06-14T19:40:38.467Z] [1] Web node_modules/expo-router/entry.js ░░░░░░░░░░░░░░░░  0.0% (0/1)
[2026-06-14T19:40:38.467Z] [1] λ node_modules/expo-router/node/render.js ░░░░░░░░░░░░░░░░  0.0% (0/1)
[2026-06-14T19:40:38.467Z] [1] Web node_modules/expo-router/entry.js ░░░░░░░░░░░░░░░░  0.0% (0/1)
[2026-06-14T19:40:38.467Z] [1] λ node_modules/expo-router/node/render.js ░░░░░░░░░░░░░░░░  0.0% (0/1)
[2026-06-14T19:40:38.467Z] [1] Web node_modules/expo-router/entry.js ░░░░░░░░░░░░░░░░  0.0% (0/1)
[2026-06-14T19:40:38.467Z] [1] λ node_modules/expo-router/node/render.js ░░░░░░░░░░░░░░░░  0.0% (0/1)
[2026-06-14T19:40:38.467Z] [1] Web node_modules/expo-router/entry.js ░░░░░░░░░░░░░░░░  0.0% (0/1)
[2026-06-14T19:40:38.467Z] [1] λ node_modules/expo-router/node/render.js ░░░░░░░░░░░░░░░░  0.0% (0/1)
[2026-06-14T19:40:38.467Z] [1] Web node_modules/expo-router/entry.js ░░░░░░░░░░░░░░░░  0.0% (0/1)
[2026-06-14T19:40:38.467Z] [1] λ node_modules/expo-router/node/render.js ░░░░░░░░░░░░░░░░  0.0% (0/1)
[2026-06-14T19:40:38.467Z] [1] Web node_modules/expo-router/entry.js ░░░░░░░░░░░░░░░░  0.0% (0/1)
[2026-06-14T19:40:38.467Z] [1] λ node_modules/expo-router/node/render.js ░░░░░░░░░░░░░░░░  0.0% (0/1)
[2026-06-14T19:40:38.467Z] [1] Web node_modules/expo-router/entry.js ░░░░░░░░░░░░░░░░  0.0% (0/1)
[2026-06-14T19:40:38.467Z] [1] λ node_modules/expo-router/node/render.js ░░░░░░░░░░░░░░░░  0.0% (0/1)
[2026-06-14T19:40:38.467Z] [1] Web node_modules/expo-router/entry.js ░░░░░░░░░░░░░░░░  0.0% (0/1)
[2026-06-14T19:40:38.467Z] [1] λ node_modules/expo-router/node/render.js ░░░░░░░░░░░░░░░░  0.0% (0/1)
[2026-06-14T19:40:38.664Z] [1]
[2026-06-14T19:40:38.664Z] λ Bundled 5394ms node_modules/expo-router/node/render.js (1 module)
[2026-06-14T19:40:40.123Z] [1]
[2026-06-14T19:40:40.123Z] λ Bundled 5470ms node_modules/expo-router/node/render.js (1 module)
[2026-06-14T19:40:40.123Z] [1] λ Bundled 5497ms node_modules/expo-router/node/render.js (1 module)
[2026-06-14T19:40:40.123Z] [1] λ Bundled 5527ms node_modules/expo-router/node/render.js (1 module)
[2026-06-14T19:40:40.123Z] [1] λ Bundled 5552ms node_modules/expo-router/node/render.js (1 module)
[2026-06-14T19:40:40.123Z] [1] λ Bundled 5581ms node_modules/expo-router/node/render.js (1 module)
[2026-06-14T19:40:40.123Z] [1] λ Bundled 5602ms node_modules/expo-router/node/render.js (1 module)
[2026-06-14T19:40:40.123Z] [1] λ Bundled 5630ms node_modules/expo-router/node/render.js (1 module)
[2026-06-14T19:40:40.123Z] [1] λ Bundled 5280ms node_modules/expo-router/node/render.js (1 module)
[2026-06-14T19:40:40.123Z] [1] λ Bundled 4093ms node_modules/expo-router/node/render.js (1 module)
[2026-06-14T19:40:40.123Z] [1] λ Bundled 3059ms node_modules/expo-router/node/render.js (1 module)
[2026-06-14T19:40:40.318Z] [1] λ  LOG  { colorScheme: 'light', setColorScheme: [Function (anonymous)] } {
[2026-06-14T19:40:40.318Z] [1]   '--color-primary': '#001A3D',
[2026-06-14T19:40:40.318Z] [1]   '--color-background': '#F8F9FA',
[2026-06-14T19:40:40.318Z] [1]   '--color-surface': '#FFFFFF',
[2026-06-14T19:40:40.318Z] [1]   '--color-foreground': '#0A0F1A',
[2026-06-14T19:40:40.318Z] [1]   '--color-muted': '#6B7280',
[2026-06-14T19:40:40.318Z] [1]   '--color-border': '#E5E7EB',
[2026-06-14T19:40:40.318Z] [1]   '--color-success': '#22C55E',
[2026-06-14T19:40:40.318Z] [1]   '--color-warning': '#F59E0B',
[2026-06-14T19:40:40.318Z] [1]   '--color-error': '#EF4444'
[2026-06-14T19:40:40.318Z] [1] }
[2026-06-14T19:40:40.389Z] [1] λ  WARN  props.pointerEvents is deprecated. Use style.pointerEvents
[2026-06-14T19:40:40.412Z] [1] Web node_modules/expo-router/entry.js ▓▓▓▓▓▓▓▓▓▓▓▓▓▓▓░ 96.6% (1356/1380)
[2026-06-14T19:40:40.412Z] [1] Web node_modules/expo-router/entry.js ░░░░░░░░░░░░░░░░  0.0% (0/1)
[2026-06-14T19:40:40.412Z] [1] Web node_modules/expo-router/entry.js ░░░░░░░░░░░░░░░░  0.0% (0/1)
[2026-06-14T19:40:40.412Z] [1] Web node_modules/expo-router/entry.js ░░░░░░░░░░░░░░░░  0.0% (0/1)
[2026-06-14T19:40:40.412Z] [1] Web node_modules/expo-router/entry.js ░░░░░░░░░░░░░░░░  0.0% (0/1)
[2026-06-14T19:40:40.412Z] [1] Web node_modules/expo-router/entry.js ░░░░░░░░░░░░░░░░  0.0% (0/1)
[2026-06-14T19:40:40.412Z] [1] Web node_modules/expo-router/entry.js ░░░░░░░░░░░░░░░░  0.0% (0/1)
[2026-06-14T19:40:40.412Z] [1] Web node_modules/expo-router/entry.js ░░░░░░░░░░░░░░░░  0.0% (0/1)
[2026-06-14T19:40:40.412Z] [1] Web node_modules/expo-router/entry.js ░░░░░░░░░░░░░░░░  0.0% (0/1)
[2026-06-14T19:40:40.412Z] [1] Web node_modules/expo-router/entry.js ░░░░░░░░░░░░░░░░  0.0% (0/1)
[2026-06-14T19:40:40.412Z] [1] Web node_modules/expo-router/entry.js ░░░░░░░░░░░░░░░░  0.0% (0/1)
[2026-06-14T19:40:40.412Z] [1] Web node_modules/expo-router/entry.js ░░░░░░░░░░░░░░░░  0.0% (0/1)
[2026-06-14T19:40:40.564Z] [1] λ  LOG  { colorScheme: 'light', setColorScheme: [Function (anonymous)] } {
[2026-06-14T19:40:40.565Z] [1]   '--color-primary': '#001A3D',
[2026-06-14T19:40:40.565Z] [1]   '--color-background': '#F8F9FA',
[2026-06-14T19:40:40.565Z] [1]   '--color-surface': '#FFFFFF',
[2026-06-14T19:40:40.565Z] [1]   '--color-foreground': '#0A0F1A',
[2026-06-14T19:40:40.565Z] [1]   '--color-muted': '#6B7280',
[2026-06-14T19:40:40.565Z] [1]   '--color-border': '#E5E7EB',
[2026-06-14T19:40:40.565Z] [1]   '--color-success': '#22C55E',
[2026-06-14T19:40:40.565Z] [1]   '--color-warning': '#F59E0B',
[2026-06-14T19:40:40.565Z] [1]   '--color-error': '#EF4444'
[2026-06-14T19:40:40.565Z] [1] }
[2026-06-14T19:40:40.648Z] [1] λ  WARN  props.pointerEvents is deprecated. Use style.pointerEvents
[2026-06-14T19:40:40.674Z] [1] Web node_modules/expo-router/entry.js ▓▓▓▓▓▓▓▓▓▓▓▓▓▓▓░ 96.6% (1356/1380)
[2026-06-14T19:40:40.674Z] [1] Web node_modules/expo-router/entry.js ░░░░░░░░░░░░░░░░  0.0% (0/1)
[2026-06-14T19:40:40.674Z] [1] Web node_modules/expo-router/entry.js ░░░░░░░░░░░░░░░░  0.0% (0/1)
[2026-06-14T19:40:40.674Z] [1] Web node_modules/expo-router/entry.js ░░░░░░░░░░░░░░░░  0.0% (0/1)
[2026-06-14T19:40:40.674Z] [1] Web node_modules/expo-router/entry.js ░░░░░░░░░░░░░░░░  0.0% (0/1)
[2026-06-14T19:40:40.674Z] [1] Web node_modules/expo-router/entry.js ░░░░░░░░░░░░░░░░  0.0% (0/1)
[2026-06-14T19:40:40.674Z] [1] Web node_modules/expo-router/entry.js ░░░░░░░░░░░░░░░░  0.0% (0/1)
[2026-06-14T19:40:40.674Z] [1] Web node_modules/expo-router/entry.js ░░░░░░░░░░░░░░░░  0.0% (0/1)
[2026-06-14T19:40:40.674Z] [1] Web node_modules/expo-router/entry.js ░░░░░░░░░░░░░░░░  0.0% (0/1)
[2026-06-14T19:40:40.674Z] [1] Web node_modules/expo-router/entry.js ░░░░░░░░░░░░░░░░  0.0% (0/1)
[2026-06-14T19:40:40.674Z] [1] Web node_modules/expo-router/entry.js ░░░░░░░░░░░░░░░░  0.0% (0/1)
[2026-06-14T19:40:40.674Z] [1] Web node_modules/expo-router/entry.js ░░░░░░░░░░░░░░░░  0.0% (0/1)
[2026-06-14T19:40:40.866Z] [1] λ  LOG  { colorScheme: 'light', setColorScheme: [Function (anonymous)] } {
[2026-06-14T19:40:40.866Z] [1]   '--color-primary': '#001A3D',
[2026-06-14T19:40:40.867Z] [1]   '--color-background': '#F8F9FA',
[2026-06-14T19:40:40.867Z] [1]   '--color-surface': '#FFFFFF',
[2026-06-14T19:40:40.867Z] [1]   '--color-foreground': '#0A0F1A',
[2026-06-14T19:40:40.867Z] [1]   '--color-muted': '#6B7280',
[2026-06-14T19:40:40.867Z] [1]   '--color-border': '#E5E7EB',
[2026-06-14T19:40:40.867Z] [1]   '--color-success': '#22C55E',
[2026-06-14T19:40:40.867Z] [1]   '--color-warning': '#F59E0B',
[2026-06-14T19:40:40.867Z] [1]   '--color-error': '#EF4444'
[2026-06-14T19:40:40.867Z] [1] }
[2026-06-14T19:40:40.953Z] [1] λ  WARN  props.pointerEvents is deprecated. Use style.pointerEvents
[2026-06-14T19:40:41.017Z] [1] Web node_modules/expo-router/entry.js ▓▓▓▓▓▓▓▓▓▓▓▓▓▓▓░ 96.6% (1356/1380)
[2026-06-14T19:40:41.017Z] [1] Web node_modules/expo-router/entry.js ░░░░░░░░░░░░░░░░  0.0% (0/1)
[2026-06-14T19:40:41.017Z] [1] Web node_modules/expo-router/entry.js ░░░░░░░░░░░░░░░░  0.0% (0/1)
[2026-06-14T19:40:41.017Z] [1] Web node_modules/expo-router/entry.js ░░░░░░░░░░░░░░░░  0.0% (0/1)
[2026-06-14T19:40:41.017Z] [1] Web node_modules/expo-router/entry.js ░░░░░░░░░░░░░░░░  0.0% (0/1)
[2026-06-14T19:40:41.017Z] [1] Web node_modules/expo-router/entry.js ░░░░░░░░░░░░░░░░  0.0% (0/1)
[2026-06-14T19:40:41.017Z] [1] Web node_modules/expo-router/entry.js ░░░░░░░░░░░░░░░░  0.0% (0/1)
[2026-06-14T19:40:41.017Z] [1] Web node_modules/expo-router/entry.js ░░░░░░░░░░░░░░░░  0.0% (0/1)
[2026-06-14T19:40:41.017Z] [1] Web node_modules/expo-router/entry.js ░░░░░░░░░░░░░░░░  0.0% (0/1)
[2026-06-14T19:40:41.017Z] [1] Web node_modules/expo-router/entry.js ░░░░░░░░░░░░░░░░  0.0% (0/1)
[2026-06-14T19:40:41.017Z] [1] Web node_modules/expo-router/entry.js ░░░░░░░░░░░░░░░░  0.0% (0/1)
[2026-06-14T19:40:41.017Z] [1] Web node_modules/expo-router/entry.js ░░░░░░░░░░░░░░░░  0.0% (0/1)
[2026-06-14T19:40:41.182Z] [1] λ  LOG  { colorScheme: 'light', setColorScheme: [Function (anonymous)] } {
[2026-06-14T19:40:41.182Z] [1]   '--color-primary': '#001A3D',
[2026-06-14T19:40:41.182Z] [1]   '--color-background': '#F8F9FA',
[2026-06-14T19:40:41.182Z] [1]   '--color-surface': '#FFFFFF',
[2026-06-14T19:40:41.182Z] [1]   '--color-foreground': '#0A0F1A',
[2026-06-14T19:40:41.182Z] [1]   '--color-muted': '#6B7280',
[2026-06-14T19:40:41.182Z] [1]   '--color-border': '#E5E7EB',
[2026-06-14T19:40:41.182Z] [1]   '--color-success': '#22C55E',
[2026-06-14T19:40:41.182Z] [1]   '--color-warning': '#F59E0B',
[2026-06-14T19:40:41.182Z] [1]   '--color-error': '#EF4444'
[2026-06-14T19:40:41.183Z] [1] }
[2026-06-14T19:40:41.237Z] [1] λ  WARN  props.pointerEvents is deprecated. Use style.pointerEvents
[2026-06-14T19:40:41.251Z] [1] Web node_modules/expo-router/entry.js ▓▓▓▓▓▓▓▓▓▓▓▓▓▓▓░ 96.6% (1356/1380)
[2026-06-14T19:40:41.251Z] [1] Web node_modules/expo-router/entry.js ░░░░░░░░░░░░░░░░  0.0% (0/1)
[2026-06-14T19:40:41.251Z] [1] Web node_modules/expo-router/entry.js ░░░░░░░░░░░░░░░░  0.0% (0/1)
[2026-06-14T19:40:41.251Z] [1] Web node_modules/expo-router/entry.js ░░░░░░░░░░░░░░░░  0.0% (0/1)
[2026-06-14T19:40:41.251Z] [1] Web node_modules/expo-router/entry.js ░░░░░░░░░░░░░░░░  0.0% (0/1)
[2026-06-14T19:40:41.251Z] [1] Web node_modules/expo-router/entry.js ░░░░░░░░░░░░░░░░  0.0% (0/1)
[2026-06-14T19:40:41.251Z] [1] Web node_modules/expo-router/entry.js ░░░░░░░░░░░░░░░░  0.0% (0/1)
[2026-06-14T19:40:41.251Z] [1] Web node_modules/expo-router/entry.js ░░░░░░░░░░░░░░░░  0.0% (0/1)
[2026-06-14T19:40:41.251Z] [1] Web node_modules/expo-router/entry.js ░░░░░░░░░░░░░░░░  0.0% (0/1)
[2026-06-14T19:40:41.251Z] [1] Web node_modules/expo-router/entry.js ░░░░░░░░░░░░░░░░  0.0% (0/1)
[2026-06-14T19:40:41.251Z] [1] Web node_modules/expo-router/entry.js ░░░░░░░░░░░░░░░░  0.0% (0/1)
[2026-06-14T19:40:41.251Z] [1] Web node_modules/expo-router/entry.js ░░░░░░░░░░░░░░░░  0.0% (0/1)
[2026-06-14T19:40:41.409Z] [1] λ  LOG  { colorScheme: 'light', setColorScheme: [Function (anonymous)] } {
[2026-06-14T19:40:41.409Z] [1]   '--color-primary': '#001A3D',
[2026-06-14T19:40:41.409Z] [1]   '--color-background': '#F8F9FA',
[2026-06-14T19:40:41.409Z] [1]   '--color-surface': '#FFFFFF',
[2026-06-14T19:40:41.409Z] [1]   '--color-foreground': '#0A0F1A',
[2026-06-14T19:40:41.409Z] [1]   '--color-muted': '#6B7280',
[2026-06-14T19:40:41.409Z] [1]   '--color-border': '#E5E7EB',
[2026-06-14T19:40:41.409Z] [1]   '--color-success': '#22C55E',
[2026-06-14T19:40:41.409Z] [1]   '--color-warning': '#F59E0B',
[2026-06-14T19:40:41.410Z] [1]   '--color-error': '#EF4444'
[2026-06-14T19:40:41.410Z] [1] }
[2026-06-14T19:40:41.463Z] [1] λ  WARN  props.pointerEvents is deprecated. Use style.pointerEvents
[2026-06-14T19:40:41.479Z] [1] Web node_modules/expo-router/entry.js ▓▓▓▓▓▓▓▓▓▓▓▓▓▓▓░ 96.6% (1356/1380)
[2026-06-14T19:40:41.479Z] [1] Web node_modules/expo-router/entry.js ░░░░░░░░░░░░░░░░  0.0% (0/1)
[2026-06-14T19:40:41.479Z] [1] Web node_modules/expo-router/entry.js ░░░░░░░░░░░░░░░░  0.0% (0/1)
[2026-06-14T19:40:41.479Z] [1] Web node_modules/expo-router/entry.js ░░░░░░░░░░░░░░░░  0.0% (0/1)
[2026-06-14T19:40:41.479Z] [1] Web node_modules/expo-router/entry.js ░░░░░░░░░░░░░░░░  0.0% (0/1)
[2026-06-14T19:40:41.479Z] [1] Web node_modules/expo-router/entry.js ░░░░░░░░░░░░░░░░  0.0% (0/1)
[2026-06-14T19:40:41.479Z] [1] Web node_modules/expo-router/entry.js ░░░░░░░░░░░░░░░░  0.0% (0/1)
[2026-06-14T19:40:41.479Z] [1] Web node_modules/expo-router/entry.js ░░░░░░░░░░░░░░░░  0.0% (0/1)
[2026-06-14T19:40:41.479Z] [1] Web node_modules/expo-router/entry.js ░░░░░░░░░░░░░░░░  0.0% (0/1)
[2026-06-14T19:40:41.479Z] [1] Web node_modules/expo-router/entry.js ░░░░░░░░░░░░░░░░  0.0% (0/1)
[2026-06-14T19:40:41.479Z] [1] Web node_modules/expo-router/entry.js ░░░░░░░░░░░░░░░░  0.0% (0/1)
[2026-06-14T19:40:41.479Z] [1] Web node_modules/expo-router/entry.js ░░░░░░░░░░░░░░░░  0.0% (0/1)
[2026-06-14T19:40:41.630Z] [1] λ  LOG  { colorScheme: 'light', setColorScheme: [Function (anonymous)] } {
[2026-06-14T19:40:41.630Z] [1]   '--color-primary': '#001A3D',
[2026-06-14T19:40:41.630Z] [1]   '--color-background': '#F8F9FA',
[2026-06-14T19:40:41.630Z] [1]   '--color-surface': '#FFFFFF',
[2026-06-14T19:40:41.630Z] [1]   '--color-foreground': '#0A0F1A',
[2026-06-14T19:40:41.630Z] [1]   '--color-muted': '#6B7280',
[2026-06-14T19:40:41.630Z] [1]   '--color-border': '#E5E7EB',
[2026-06-14T19:40:41.630Z] [1]   '--color-success': '#22C55E',
[2026-06-14T19:40:41.630Z] [1]   '--color-warning': '#F59E0B',
[2026-06-14T19:40:41.630Z] [1]   '--color-error': '#EF4444'
[2026-06-14T19:40:41.630Z] [1] }
[2026-06-14T19:40:41.682Z] [1] λ  WARN  props.pointerEvents is deprecated. Use style.pointerEvents
[2026-06-14T19:40:41.695Z] [1] Web node_modules/expo-router/entry.js ▓▓▓▓▓▓▓▓▓▓▓▓▓▓▓░ 96.6% (1356/1380)
[2026-06-14T19:40:41.696Z] [1] Web node_modules/expo-router/entry.js ░░░░░░░░░░░░░░░░  0.0% (0/1)
[2026-06-14T19:40:41.696Z] [1] Web node_modules/expo-router/entry.js ░░░░░░░░░░░░░░░░  0.0% (0/1)
[2026-06-14T19:40:41.696Z] [1] Web node_modules/expo-router/entry.js ░░░░░░░░░░░░░░░░  0.0% (0/1)
[2026-06-14T19:40:41.696Z] [1] Web node_modules/expo-router/entry.js ░░░░░░░░░░░░░░░░  0.0% (0/1)
[2026-06-14T19:40:41.696Z] [1] Web node_modules/expo-router/entry.js ░░░░░░░░░░░░░░░░  0.0% (0/1)
[2026-06-14T19:40:41.696Z] [1] Web node_modules/expo-router/entry.js ░░░░░░░░░░░░░░░░  0.0% (0/1)
[2026-06-14T19:40:41.696Z] [1] Web node_modules/expo-router/entry.js ░░░░░░░░░░░░░░░░  0.0% (0/1)
[2026-06-14T19:40:41.696Z] [1] Web node_modules/expo-router/entry.js ░░░░░░░░░░░░░░░░  0.0% (0/1)
[2026-06-14T19:40:41.696Z] [1] Web node_modules/expo-router/entry.js ░░░░░░░░░░░░░░░░  0.0% (0/1)
[2026-06-14T19:40:41.696Z] [1] Web node_modules/expo-router/entry.js ░░░░░░░░░░░░░░░░  0.0% (0/1)
[2026-06-14T19:40:41.696Z] [1] Web node_modules/expo-router/entry.js ░░░░░░░░░░░░░░░░  0.0% (0/1)
[2026-06-14T19:40:41.846Z] [1] λ  LOG  { colorScheme: 'light', setColorScheme: [Function (anonymous)] } {
[2026-06-14T19:40:41.846Z] [1]   '--color-primary': '#001A3D',
[2026-06-14T19:40:41.846Z] [1]   '--color-background': '#F8F9FA',
[2026-06-14T19:40:41.846Z] [1]   '--color-surface': '#FFFFFF',
[2026-06-14T19:40:41.846Z] [1]   '--color-foreground': '#0A0F1A',
[2026-06-14T19:40:41.847Z] [1]   '--color-muted': '#6B7280',
[2026-06-14T19:40:41.847Z] [1]   '--color-border': '#E5E7EB',
[2026-06-14T19:40:41.847Z] [1]   '--color-success': '#22C55E',
[2026-06-14T19:40:41.847Z] [1]   '--color-warning': '#F59E0B',
[2026-06-14T19:40:41.847Z] [1]   '--color-error': '#EF4444'
[2026-06-14T19:40:41.847Z] [1] }
[2026-06-14T19:40:41.901Z] [1] λ  WARN  props.pointerEvents is deprecated. Use style.pointerEvents
[2026-06-14T19:40:41.915Z] [1] Web node_modules/expo-router/entry.js ▓▓▓▓▓▓▓▓▓▓▓▓▓▓▓░ 96.6% (1356/1380)
[2026-06-14T19:40:41.915Z] [1] Web node_modules/expo-router/entry.js ░░░░░░░░░░░░░░░░  0.0% (0/1)
[2026-06-14T19:40:41.915Z] [1] Web node_modules/expo-router/entry.js ░░░░░░░░░░░░░░░░  0.0% (0/1)
[2026-06-14T19:40:41.915Z] [1] Web node_modules/expo-router/entry.js ░░░░░░░░░░░░░░░░  0.0% (0/1)
[2026-06-14T19:40:41.915Z] [1] Web node_modules/expo-router/entry.js ░░░░░░░░░░░░░░░░  0.0% (0/1)
[2026-06-14T19:40:41.915Z] [1] Web node_modules/expo-router/entry.js ░░░░░░░░░░░░░░░░  0.0% (0/1)
[2026-06-14T19:40:41.915Z] [1] Web node_modules/expo-router/entry.js ░░░░░░░░░░░░░░░░  0.0% (0/1)
[2026-06-14T19:40:41.915Z] [1] Web node_modules/expo-router/entry.js ░░░░░░░░░░░░░░░░  0.0% (0/1)
[2026-06-14T19:40:41.915Z] [1] Web node_modules/expo-router/entry.js ░░░░░░░░░░░░░░░░  0.0% (0/1)
[2026-06-14T19:40:41.915Z] [1] Web node_modules/expo-router/entry.js ░░░░░░░░░░░░░░░░  0.0% (0/1)
[2026-06-14T19:40:41.915Z] [1] Web node_modules/expo-router/entry.js ░░░░░░░░░░░░░░░░  0.0% (0/1)
[2026-06-14T19:40:41.915Z] [1] Web node_modules/expo-router/entry.js ░░░░░░░░░░░░░░░░  0.0% (0/1)
[2026-06-14T19:40:42.060Z] [1] λ  LOG  { colorScheme: 'light', setColorScheme: [Function (anonymous)] } {
[2026-06-14T19:40:42.060Z] [1]   '--color-primary': '#001A3D',
[2026-06-14T19:40:42.060Z] [1]   '--color-background': '#F8F9FA',
[2026-06-14T19:40:42.060Z] [1]   '--color-surface': '#FFFFFF',
[2026-06-14T19:40:42.060Z] [1]   '--color-foreground': '#0A0F1A',
[2026-06-14T19:40:42.060Z] [1]   '--color-muted': '#6B7280',
[2026-06-14T19:40:42.060Z] [1]   '--color-border': '#E5E7EB',
[2026-06-14T19:40:42.060Z] [1]   '--color-success': '#22C55E',
[2026-06-14T19:40:42.060Z] [1]   '--color-warning': '#F59E0B',
[2026-06-14T19:40:42.060Z] [1]   '--color-error': '#EF4444'
[2026-06-14T19:40:42.060Z] [1] }
[2026-06-14T19:40:42.111Z] [1] λ  WARN  props.pointerEvents is deprecated. Use style.pointerEvents
[2026-06-14T19:40:42.124Z] [1] Web node_modules/expo-router/entry.js ▓▓▓▓▓▓▓▓▓▓▓▓▓▓▓░ 96.6% (1356/1380)
[2026-06-14T19:40:42.125Z] [1] Web node_modules/expo-router/entry.js ░░░░░░░░░░░░░░░░  0.0% (0/1)
[2026-06-14T19:40:42.125Z] [1] Web node_modules/expo-router/entry.js ░░░░░░░░░░░░░░░░  0.0% (0/1)
[2026-06-14T19:40:42.125Z] [1] Web node_modules/expo-router/entry.js ░░░░░░░░░░░░░░░░  0.0% (0/1)
[2026-06-14T19:40:42.125Z] [1] Web node_modules/expo-router/entry.js ░░░░░░░░░░░░░░░░  0.0% (0/1)
[2026-06-14T19:40:42.125Z] [1] Web node_modules/expo-router/entry.js ░░░░░░░░░░░░░░░░  0.0% (0/1)
[2026-06-14T19:40:42.125Z] [1] Web node_modules/expo-router/entry.js ░░░░░░░░░░░░░░░░  0.0% (0/1)
[2026-06-14T19:40:42.125Z] [1] Web node_modules/expo-router/entry.js ░░░░░░░░░░░░░░░░  0.0% (0/1)
[2026-06-14T19:40:42.125Z] [1] Web node_modules/expo-router/entry.js ░░░░░░░░░░░░░░░░  0.0% (0/1)
[2026-06-14T19:40:42.125Z] [1] Web node_modules/expo-router/entry.js ░░░░░░░░░░░░░░░░  0.0% (0/1)
[2026-06-14T19:40:42.125Z] [1] Web node_modules/expo-router/entry.js ░░░░░░░░░░░░░░░░  0.0% (0/1)
[2026-06-14T19:40:42.125Z] [1] Web node_modules/expo-router/entry.js ░░░░░░░░░░░░░░░░  0.0% (0/1)
[2026-06-14T19:40:42.304Z] [1] λ  LOG  { colorScheme: 'light', setColorScheme: [Function (anonymous)] } {
[2026-06-14T19:40:42.304Z] [1]   '--color-primary': '#001A3D',
[2026-06-14T19:40:42.304Z] [1]   '--color-background': '#F8F9FA',
[2026-06-14T19:40:42.304Z] [1]   '--color-surface': '#FFFFFF',
[2026-06-14T19:40:42.304Z] [1]   '--color-foreground': '#0A0F1A',
[2026-06-14T19:40:42.304Z] [1]   '--color-muted': '#6B7280',
[2026-06-14T19:40:42.305Z] [1]   '--color-border': '#E5E7EB',
[2026-06-14T19:40:42.305Z] [1]   '--color-success': '#22C55E',
[2026-06-14T19:40:42.305Z] [1]   '--color-warning': '#F59E0B',
[2026-06-14T19:40:42.305Z] [1]   '--color-error': '#EF4444'
[2026-06-14T19:40:42.305Z] [1] }
[2026-06-14T19:40:42.415Z] [1] λ  WARN  props.pointerEvents is deprecated. Use style.pointerEvents
[2026-06-14T19:40:42.429Z] [1] Web node_modules/expo-router/entry.js ▓▓▓▓▓▓▓▓▓▓▓▓▓▓▓░ 96.6% (1356/1380)
[2026-06-14T19:40:42.429Z] [1] Web node_modules/expo-router/entry.js ░░░░░░░░░░░░░░░░  0.0% (0/1)
[2026-06-14T19:40:42.429Z] [1] Web node_modules/expo-router/entry.js ░░░░░░░░░░░░░░░░  0.0% (0/1)
[2026-06-14T19:40:42.429Z] [1] Web node_modules/expo-router/entry.js ░░░░░░░░░░░░░░░░  0.0% (0/1)
[2026-06-14T19:40:42.429Z] [1] Web node_modules/expo-router/entry.js ░░░░░░░░░░░░░░░░  0.0% (0/1)
[2026-06-14T19:40:42.429Z] [1] Web node_modules/expo-router/entry.js ░░░░░░░░░░░░░░░░  0.0% (0/1)
[2026-06-14T19:40:42.429Z] [1] Web node_modules/expo-router/entry.js ░░░░░░░░░░░░░░░░  0.0% (0/1)
[2026-06-14T19:40:42.429Z] [1] Web node_modules/expo-router/entry.js ░░░░░░░░░░░░░░░░  0.0% (0/1)
[2026-06-14T19:40:42.429Z] [1] Web node_modules/expo-router/entry.js ░░░░░░░░░░░░░░░░  0.0% (0/1)
[2026-06-14T19:40:42.429Z] [1] Web node_modules/expo-router/entry.js ░░░░░░░░░░░░░░░░  0.0% (0/1)
[2026-06-14T19:40:42.429Z] [1] Web node_modules/expo-router/entry.js ░░░░░░░░░░░░░░░░  0.0% (0/1)
[2026-06-14T19:40:42.429Z] [1] Web node_modules/expo-router/entry.js ░░░░░░░░░░░░░░░░  0.0% (0/1)
[2026-06-14T19:40:42.580Z] [1] λ  LOG  { colorScheme: 'light', setColorScheme: [Function (anonymous)] } {
[2026-06-14T19:40:42.580Z] [1]   '--color-primary': '#001A3D',
[2026-06-14T19:40:42.580Z] [1]   '--color-background': '#F8F9FA',
[2026-06-14T19:40:42.580Z] [1]   '--color-surface': '#FFFFFF',
[2026-06-14T19:40:42.580Z] [1]   '--color-foreground': '#0A0F1A',
[2026-06-14T19:40:42.580Z] [1]   '--color-muted': '#6B7280',
[2026-06-14T19:40:42.580Z] [1]   '--color-border': '#E5E7EB',
[2026-06-14T19:40:42.580Z] [1]   '--color-success': '#22C55E',
[2026-06-14T19:40:42.580Z] [1]   '--color-warning': '#F59E0B',
[2026-06-14T19:40:42.580Z] [1]   '--color-error': '#EF4444'
[2026-06-14T19:40:42.580Z] [1] }
[2026-06-14T19:40:42.636Z] [1] λ  WARN  props.pointerEvents is deprecated. Use style.pointerEvents
[2026-06-14T19:40:42.651Z] [1] Web node_modules/expo-router/entry.js ▓▓▓▓▓▓▓▓▓▓▓▓▓▓▓░ 96.6% (1356/1380)
[2026-06-14T19:40:42.651Z] [1] Web node_modules/expo-router/entry.js ░░░░░░░░░░░░░░░░  0.0% (0/1)
[2026-06-14T19:40:42.651Z] [1] Web node_modules/expo-router/entry.js ░░░░░░░░░░░░░░░░  0.0% (0/1)
[2026-06-14T19:40:42.651Z] [1] Web node_modules/expo-router/entry.js ░░░░░░░░░░░░░░░░  0.0% (0/1)
[2026-06-14T19:40:42.651Z] [1] Web node_modules/expo-router/entry.js ░░░░░░░░░░░░░░░░  0.0% (0/1)
[2026-06-14T19:40:42.651Z] [1] Web node_modules/expo-router/entry.js ░░░░░░░░░░░░░░░░  0.0% (0/1)
[2026-06-14T19:40:42.651Z] [1] Web node_modules/expo-router/entry.js ░░░░░░░░░░░░░░░░  0.0% (0/1)
[2026-06-14T19:40:42.651Z] [1] Web node_modules/expo-router/entry.js ░░░░░░░░░░░░░░░░  0.0% (0/1)
[2026-06-14T19:40:42.651Z] [1] Web node_modules/expo-router/entry.js ░░░░░░░░░░░░░░░░  0.0% (0/1)
[2026-06-14T19:40:42.651Z] [1] Web node_modules/expo-router/entry.js ░░░░░░░░░░░░░░░░  0.0% (0/1)
[2026-06-14T19:40:42.651Z] [1] Web node_modules/expo-router/entry.js ░░░░░░░░░░░░░░░░  0.0% (0/1)
[2026-06-14T19:40:42.651Z] [1] Web node_modules/expo-router/entry.js ░░░░░░░░░░░░░░░░  0.0% (0/1)
[2026-06-14T19:40:42.809Z] [1] λ  LOG  { colorScheme: 'light', setColorScheme: [Function (anonymous)] } {
[2026-06-14T19:40:42.809Z] [1]   '--color-primary': '#001A3D',
[2026-06-14T19:40:42.809Z] [1]   '--color-background': '#F8F9FA',
[2026-06-14T19:40:42.809Z] [1]   '--color-surface': '#FFFFFF',
[2026-06-14T19:40:42.809Z] [1]   '--color-foreground': '#0A0F1A',
[2026-06-14T19:40:42.809Z] [1]   '--color-muted': '#6B7280',
[2026-06-14T19:40:42.809Z] [1]   '--color-border': '#E5E7EB',
[2026-06-14T19:40:42.809Z] [1]   '--color-success': '#22C55E',
[2026-06-14T19:40:42.809Z] [1]   '--color-warning': '#F59E0B',
[2026-06-14T19:40:42.809Z] [1]   '--color-error': '#EF4444'
[2026-06-14T19:40:42.809Z] [1] }
[2026-06-14T19:40:42.871Z] [1]
[2026-06-14T19:40:42.871Z] λ  WARN  props.pointerEvents is deprecated. Use style.pointerEvents
[2026-06-14T19:40:42.886Z] [1] Web node_modules/expo-router/entry.js ▓▓▓▓▓▓▓▓▓▓▓▓▓▓▓░ 96.6% (1356/1380)
[2026-06-14T19:40:42.886Z] [1] Web node_modules/expo-router/entry.js ░░░░░░░░░░░░░░░░  0.0% (0/1)
[2026-06-14T19:40:42.886Z] [1] Web node_modules/expo-router/entry.js ░░░░░░░░░░░░░░░░  0.0% (0/1)
[2026-06-14T19:40:42.886Z] [1] Web node_modules/expo-router/entry.js ░░░░░░░░░░░░░░░░  0.0% (0/1)
[2026-06-14T19:40:42.886Z] [1] Web node_modules/expo-router/entry.js ░░░░░░░░░░░░░░░░  0.0% (0/1)
[2026-06-14T19:40:42.886Z] [1] Web node_modules/expo-router/entry.js ░░░░░░░░░░░░░░░░  0.0% (0/1)
[2026-06-14T19:40:42.886Z] [1] Web node_modules/expo-router/entry.js ░░░░░░░░░░░░░░░░  0.0% (0/1)
[2026-06-14T19:40:42.886Z] [1] Web node_modules/expo-router/entry.js ░░░░░░░░░░░░░░░░  0.0% (0/1)
[2026-06-14T19:40:42.886Z] [1] Web node_modules/expo-router/entry.js ░░░░░░░░░░░░░░░░  0.0% (0/1)
[2026-06-14T19:40:42.886Z] [1] Web node_modules/expo-router/entry.js ░░░░░░░░░░░░░░░░  0.0% (0/1)
[2026-06-14T19:40:42.886Z] [1] Web node_modules/expo-router/entry.js ░░░░░░░░░░░░░░░░  0.0% (0/1)
[2026-06-14T19:40:42.886Z] [1] Web node_modules/expo-router/entry.js ░░░░░░░░░░░░░░░░  0.0% (0/1)
[2026-06-14T19:40:42.931Z] [1] EXPO_USE_METRO_WORKSPACE_ROOT is enabled by default, use EXPO_NO_METRO_WORKSPACE_ROOT instead to disable.
[2026-06-14T19:40:42.934Z] [1] EXPO_USE_METRO_WORKSPACE_ROOT is enabled by default, use EXPO_NO_METRO_WORKSPACE_ROOT instead to disable.
[2026-06-14T19:40:43.108Z] [1] λ Bundled 28ms node_modules/expo-router/node/render.js (1 module)
[2026-06-14T19:40:43.112Z] [1] EXPO_USE_METRO_WORKSPACE_ROOT is enabled by default, use EXPO_NO_METRO_WORKSPACE_ROOT instead to disable.
[2026-06-14T19:40:43.113Z] [1] EXPO_USE_METRO_WORKSPACE_ROOT is enabled by default, use EXPO_NO_METRO_WORKSPACE_ROOT instead to disable.
[2026-06-14T19:40:43.312Z] [1] λ Bundled 17ms node_modules/expo-router/node/render.js (1 module)
[2026-06-14T19:40:43.313Z] [1] EXPO_USE_METRO_WORKSPACE_ROOT is enabled by default, use EXPO_NO_METRO_WORKSPACE_ROOT instead to disable.
[2026-06-14T19:40:43.314Z] [1] EXPO_USE_METRO_WORKSPACE_ROOT is enabled by default, use EXPO_NO_METRO_WORKSPACE_ROOT instead to disable.
[2026-06-14T19:40:43.585Z] [1] λ  WARN  props.pointerEvents is deprecated. Use style.pointerEvents
[2026-06-14T19:40:43.775Z] [1] λ  WARN  props.pointerEvents is deprecated. Use style.pointerEvents
[2026-06-14T19:40:43.845Z] [1] λ Bundled 15ms node_modules/expo-router/node/render.js (1 module)
[2026-06-14T19:40:43.845Z] [1] λ  LOG  { colorScheme: 'light', setColorScheme: [Function (anonymous)] } {
[2026-06-14T19:40:43.845Z] [1]   '--color-primary': '#001A3D',
[2026-06-14T19:40:43.845Z] [1]   '--color-background': '#F8F9FA',
[2026-06-14T19:40:43.845Z] [1]   '--color-surface': '#FFFFFF',
[2026-06-14T19:40:43.845Z] [1]   '--color-foreground': '#0A0F1A',
[2026-06-14T19:40:43.845Z] [1]   '--color-muted': '#6B7280',
[2026-06-14T19:40:43.845Z] [1]   '--color-border': '#E5E7EB',
[2026-06-14T19:40:43.845Z] [1]   '--color-success': '#22C55E',
[2026-06-14T19:40:43.845Z] [1]   '--color-warning': '#F59E0B',
[2026-06-14T19:40:43.845Z] [1]   '--color-error': '#EF4444'
[2026-06-14T19:40:43.845Z] [1] }
[2026-06-14T19:40:43.845Z] [1] λ  LOG  { colorScheme: 'light', setColorScheme: [Function (anonymous)] } {
[2026-06-14T19:40:43.845Z] [1]   '--color-primary': '#001A3D',
[2026-06-14T19:40:43.845Z] [1]   '--color-background': '#F8F9FA',
[2026-06-14T19:40:43.845Z] [1]   '--color-surface': '#FFFFFF',
[2026-06-14T19:40:43.845Z] [1]   '--color-foreground': '#0A0F1A',
[2026-06-14T19:40:43.845Z] [1]   '--color-muted': '#6B7280',
[2026-06-14T19:40:43.845Z] [1]   '--color-border': '#E5E7EB',
[2026-06-14T19:40:43.845Z] [1]   '--color-success': '#22C55E',
[2026-06-14T19:40:43.845Z] [1]   '--color-warning': '#F59E0B',
[2026-06-14T19:40:43.845Z] [1]   '--color-error': '#EF4444'
[2026-06-14T19:40:43.846Z] [1] }
[2026-06-14T19:40:43.846Z] [1] Web node_modules/expo-router/entry.js ▓▓▓▓▓▓▓▓▓▓▓▓▓▓▓░ 98.9% (1380/1388)
[2026-06-14T19:40:43.846Z] [1] Web node_modules/expo-router/entry.js ░░░░░░░░░░░░░░░░  0.0% (0/1)
[2026-06-14T19:40:43.846Z] [1] Web node_modules/expo-router/entry.js ░░░░░░░░░░░░░░░░  0.0% (0/1)
[2026-06-14T19:40:43.846Z] [1] Web node_modules/expo-router/entry.js ░░░░░░░░░░░░░░░░  0.0% (0/1)
[2026-06-14T19:40:43.846Z] [1] Web node_modules/expo-router/entry.js ░░░░░░░░░░░░░░░░  0.0% (0/1)
[2026-06-14T19:40:43.846Z] [1] Web node_modules/expo-router/entry.js ░░░░░░░░░░░░░░░░  0.0% (0/1)
[2026-06-14T19:40:43.846Z] [1] Web node_modules/expo-router/entry.js ░░░░░░░░░░░░░░░░  0.0% (0/1)
[2026-06-14T19:40:43.846Z] [1] Web node_modules/expo-router/entry.js ░░░░░░░░░░░░░░░░  0.0% (0/1)
[2026-06-14T19:40:43.846Z] [1] Web node_modules/expo-router/entry.js ░░░░░░░░░░░░░░░░  0.0% (0/1)
[2026-06-14T19:40:43.846Z] [1] Web node_modules/expo-router/entry.js ░░░░░░░░░░░░░░░░  0.0% (0/1)
[2026-06-14T19:40:43.846Z] [1] Web node_modules/expo-router/entry.js ░░░░░░░░░░░░░░░░  0.0% (0/1)
[2026-06-14T19:40:43.846Z] [1] Web node_modules/expo-router/entry.js ░░░░░░░░░░░░░░░░  0.0% (0/1)
[2026-06-14T19:40:43.846Z] [1] Web node_modules/expo-router/entry.js ░░░░░░░░░░░░░░░░  0.0% (0/1)
[2026-06-14T19:40:43.846Z] [1] Web node_modules/expo-router/entry.js ░░░░░░░░░░░░░░░░  0.0% (0/1)
[2026-06-14T19:40:43.846Z] [1] Web node_modules/expo-router/entry.js ░░░░░░░░░░░░░░░░  0.0% (0/1)
[2026-06-14T19:40:43.847Z] [1] EXPO_USE_METRO_WORKSPACE_ROOT is enabled by default, use EXPO_NO_METRO_WORKSPACE_ROOT instead to disable.
[2026-06-14T19:40:43.848Z] [1] EXPO_USE_METRO_WORKSPACE_ROOT is enabled by default, use EXPO_NO_METRO_WORKSPACE_ROOT instead to disable.
[2026-06-14T19:40:44.149Z] [1] λ  WARN  props.pointerEvents is deprecated. Use style.pointerEvents
[2026-06-14T19:40:44.221Z] [1] λ Bundled 14ms node_modules/expo-router/node/render.js (1 module)
[2026-06-14T19:40:44.222Z] [1] λ  LOG  { colorScheme: 'light', setColorScheme: [Function (anonymous)] } {
[2026-06-14T19:40:44.222Z] [1]   '--color-primary': '#001A3D',
[2026-06-14T19:40:44.222Z] [1]   '--color-background': '#F8F9FA',
[2026-06-14T19:40:44.222Z] [1]   '--color-surface': '#FFFFFF',
[2026-06-14T19:40:44.222Z] [1]   '--color-foreground': '#0A0F1A',
[2026-06-14T19:40:44.222Z] [1]   '--color-muted': '#6B7280',
[2026-06-14T19:40:44.222Z] [1]   '--color-border': '#E5E7EB',
[2026-06-14T19:40:44.222Z] [1]   '--color-success': '#22C55E',
[2026-06-14T19:40:44.222Z] [1]   '--color-warning': '#F59E0B',
[2026-06-14T19:40:44.222Z] [1]   '--color-error': '#EF4444'
[2026-06-14T19:40:44.222Z] [1] }
[2026-06-14T19:40:44.222Z] [1] Web node_modules/expo-router/entry.js ▓▓▓▓▓▓▓▓▓▓▓▓▓▓▓░ 98.9% (1380/1388)
[2026-06-14T19:40:44.222Z] [1] Web node_modules/expo-router/entry.js ░░░░░░░░░░░░░░░░  0.0% (0/1)
[2026-06-14T19:40:44.222Z] [1] Web node_modules/expo-router/entry.js ░░░░░░░░░░░░░░░░  0.0% (0/1)
[2026-06-14T19:40:44.222Z] [1] Web node_modules/expo-router/entry.js ░░░░░░░░░░░░░░░░  0.0% (0/1)
[2026-06-14T19:40:44.222Z] [1] Web node_modules/expo-router/entry.js ░░░░░░░░░░░░░░░░  0.0% (0/1)
[2026-06-14T19:40:44.222Z] [1] Web node_modules/expo-router/entry.js ░░░░░░░░░░░░░░░░  0.0% (0/1)
[2026-06-14T19:40:44.222Z] [1] Web node_modules/expo-router/entry.js ░░░░░░░░░░░░░░░░  0.0% (0/1)
[2026-06-14T19:40:44.222Z] [1] Web node_modules/expo-router/entry.js ░░░░░░░░░░░░░░░░  0.0% (0/1)
[2026-06-14T19:40:44.222Z] [1] Web node_modules/expo-router/entry.js ░░░░░░░░░░░░░░░░  0.0% (0/1)
[2026-06-14T19:40:44.222Z] [1] Web node_modules/expo-router/entry.js ░░░░░░░░░░░░░░░░  0.0% (0/1)
[2026-06-14T19:40:44.222Z] [1] Web node_modules/expo-router/entry.js ░░░░░░░░░░░░░░░░  0.0% (0/1)
[2026-06-14T19:40:44.222Z] [1] Web node_modules/expo-router/entry.js ░░░░░░░░░░░░░░░░  0.0% (0/1)
[2026-06-14T19:40:44.222Z] [1] Web node_modules/expo-router/entry.js ░░░░░░░░░░░░░░░░  0.0% (0/1)
[2026-06-14T19:40:44.222Z] [1] Web node_modules/expo-router/entry.js ░░░░░░░░░░░░░░░░  0.0% (0/1)
[2026-06-14T19:40:44.222Z] [1] Web node_modules/expo-router/entry.js ░░░░░░░░░░░░░░░░  0.0% (0/1)
[2026-06-14T19:40:44.222Z] [1] Web node_modules/expo-router/entry.js ░░░░░░░░░░░░░░░░  0.0% (0/1)
[2026-06-14T19:40:44.224Z] [1] EXPO_USE_METRO_WORKSPACE_ROOT is enabled by default, use EXPO_NO_METRO_WORKSPACE_ROOT instead to disable.
[2026-06-14T19:40:44.226Z] [1] EXPO_USE_METRO_WORKSPACE_ROOT is enabled by default, use EXPO_NO_METRO_WORKSPACE_ROOT instead to disable.
[2026-06-14T19:40:44.414Z] [1] λ Bundled 10ms node_modules/expo-router/node/render.js (1 module)
[2026-06-14T19:40:44.419Z] [1] EXPO_USE_METRO_WORKSPACE_ROOT is enabled by default, use EXPO_NO_METRO_WORKSPACE_ROOT instead to disable.
[2026-06-14T19:40:44.420Z] [1] EXPO_USE_METRO_WORKSPACE_ROOT is enabled by default, use EXPO_NO_METRO_WORKSPACE_ROOT instead to disable.
[2026-06-14T19:40:44.671Z] [1] λ  WARN  props.pointerEvents is deprecated. Use style.pointerEvents
[2026-06-14T19:40:44.863Z] [1] λ  WARN  props.pointerEvents is deprecated. Use style.pointerEvents
[2026-06-14T19:40:44.927Z] [1] λ Bundled 11ms node_modules/expo-router/node/render.js (1 module)
[2026-06-14T19:40:44.927Z] [1] λ  LOG  { colorScheme: 'light', setColorScheme: [Function (anonymous)] } {
[2026-06-14T19:40:44.927Z] [1]   '--color-primary': '#001A3D',
[2026-06-14T19:40:44.927Z] [1]   '--color-background': '#F8F9FA',
[2026-06-14T19:40:44.927Z] [1]   '--color-surface': '#FFFFFF',
[2026-06-14T19:40:44.927Z] [1]   '--color-foreground': '#0A0F1A',
[2026-06-14T19:40:44.927Z] [1]   '--color-muted': '#6B7280',
[2026-06-14T19:40:44.927Z] [1]   '--color-border': '#E5E7EB',
[2026-06-14T19:40:44.927Z] [1]   '--color-success': '#22C55E',
[2026-06-14T19:40:44.927Z] [1]   '--color-warning': '#F59E0B',
[2026-06-14T19:40:44.927Z] [1]   '--color-error': '#EF4444'
[2026-06-14T19:40:44.927Z] [1] }
[2026-06-14T19:40:44.927Z] [1] λ  LOG  { colorScheme: 'light', setColorScheme: [Function (anonymous)] } {
[2026-06-14T19:40:44.927Z] [1]   '--color-primary': '#001A3D',
[2026-06-14T19:40:44.927Z] [1]   '--color-background': '#F8F9FA',
[2026-06-14T19:40:44.927Z] [1]   '--color-surface': '#FFFFFF',
[2026-06-14T19:40:44.927Z] [1]   '--color-foreground': '#0A0F1A',
[2026-06-14T19:40:44.927Z] [1]   '--color-muted': '#6B7280',
[2026-06-14T19:40:44.927Z] [1]   '--color-border': '#E5E7EB',
[2026-06-14T19:40:44.927Z] [1]   '--color-success': '#22C55E',
[2026-06-14T19:40:44.927Z] [1]   '--color-warning': '#F59E0B',
[2026-06-14T19:40:44.927Z] [1]   '--color-error': '#EF4444'
[2026-06-14T19:40:44.927Z] [1] }
[2026-06-14T19:40:44.927Z] [1] Web node_modules/expo-router/entry.js ▓▓▓▓▓▓▓▓▓▓▓▓▓▓▓░ 99.9% (1388/1389)
[2026-06-14T19:40:44.927Z] [1] Web node_modules/expo-router/entry.js ░░░░░░░░░░░░░░░░  0.0% (0/1)
[2026-06-14T19:40:44.927Z] [1] Web node_modules/expo-router/entry.js ░░░░░░░░░░░░░░░░  0.0% (0/1)
[2026-06-14T19:40:44.927Z] [1] Web node_modules/expo-router/entry.js ░░░░░░░░░░░░░░░░  0.0% (0/1)
[2026-06-14T19:40:44.927Z] [1] Web node_modules/expo-router/entry.js ░░░░░░░░░░░░░░░░  0.0% (0/1)
[2026-06-14T19:40:44.927Z] [1] Web node_modules/expo-router/entry.js ░░░░░░░░░░░░░░░░  0.0% (0/1)
[2026-06-14T19:40:44.927Z] [1] Web node_modules/expo-router/entry.js ░░░░░░░░░░░░░░░░  0.0% (0/1)
[2026-06-14T19:40:44.927Z] [1] Web node_modules/expo-router/entry.js ░░░░░░░░░░░░░░░░  0.0% (0/1)
[2026-06-14T19:40:44.927Z] [1] Web node_modules/expo-router/entry.js ░░░░░░░░░░░░░░░░  0.0% (0/1)
[2026-06-14T19:40:44.927Z] [1] Web node_modules/expo-router/entry.js ░░░░░░░░░░░░░░░░  0.0% (0/1)
[2026-06-14T19:40:44.927Z] [1] Web node_modules/expo-router/entry.js ░░░░░░░░░░░░░░░░  0.0% (0/1)
[2026-06-14T19:40:44.927Z] [1] Web node_modules/expo-router/entry.js ░░░░░░░░░░░░░░░░  0.0% (0/1)
[2026-06-14T19:40:44.927Z] [1] Web node_modules/expo-router/entry.js ░░░░░░░░░░░░░░░░  0.0% (0/1)
[2026-06-14T19:40:44.927Z] [1] Web node_modules/expo-router/entry.js ░░░░░░░░░░░░░░░░  0.0% (0/1)
[2026-06-14T19:40:44.927Z] [1] Web node_modules/expo-router/entry.js ░░░░░░░░░░░░░░░░  0.0% (0/1)
[2026-06-14T19:40:44.927Z] [1] Web node_modules/expo-router/entry.js ░░░░░░░░░░░░░░░░  0.0% (0/1)
[2026-06-14T19:40:44.927Z] [1] Web node_modules/expo-router/entry.js ░░░░░░░░░░░░░░░░  0.0% (0/1)
[2026-06-14T19:40:44.927Z] [1] Web node_modules/expo-router/entry.js ░░░░░░░░░░░░░░░░  0.0% (0/1)
[2026-06-14T19:40:44.928Z] [1] EXPO_USE_METRO_WORKSPACE_ROOT is enabled by default, use EXPO_NO_METRO_WORKSPACE_ROOT instead to disable.
[2026-06-14T19:40:44.929Z] [1] EXPO_USE_METRO_WORKSPACE_ROOT is enabled by default, use EXPO_NO_METRO_WORKSPACE_ROOT instead to disable.
[2026-06-14T19:40:45.185Z] [1] λ  WARN  props.pointerEvents is deprecated. Use style.pointerEvents
[2026-06-14T19:40:45.248Z] [1] λ Bundled 10ms node_modules/expo-router/node/render.js (1 module)
[2026-06-14T19:40:45.249Z] [1] λ  LOG  { colorScheme: 'light', setColorScheme: [Function (anonymous)] } {
[2026-06-14T19:40:45.249Z] [1]   '--color-primary': '#001A3D',
[2026-06-14T19:40:45.249Z] [1]   '--color-background': '#F8F9FA',
[2026-06-14T19:40:45.249Z] [1]   '--color-surface': '#FFFFFF',
[2026-06-14T19:40:45.249Z] [1]   '--color-foreground': '#0A0F1A',
[2026-06-14T19:40:45.249Z] [1]   '--color-muted': '#6B7280',
[2026-06-14T19:40:45.249Z] [1]   '--color-border': '#E5E7EB',
[2026-06-14T19:40:45.249Z] [1]   '--color-success': '#22C55E',
[2026-06-14T19:40:45.249Z] [1]   '--color-warning': '#F59E0B',
[2026-06-14T19:40:45.249Z] [1]   '--color-error': '#EF4444'
[2026-06-14T19:40:45.249Z] [1] }
[2026-06-14T19:40:45.249Z] [1] Web node_modules/expo-router/entry.js ▓▓▓▓▓▓▓▓▓▓▓▓▓▓▓░ 99.9% (1388/1389)
[2026-06-14T19:40:45.249Z] [1] Web node_modules/expo-router/entry.js ░░░░░░░░░░░░░░░░  0.0% (0/1)
[2026-06-14T19:40:45.249Z] [1] Web node_modules/expo-router/entry.js ░░░░░░░░░░░░░░░░  0.0% (0/1)
[2026-06-14T19:40:45.249Z] [1] Web node_modules/expo-router/entry.js ░░░░░░░░░░░░░░░░  0.0% (0/1)
[2026-06-14T19:40:45.249Z] [1] Web node_modules/expo-router/entry.js ░░░░░░░░░░░░░░░░  0.0% (0/1)
[2026-06-14T19:40:45.249Z] [1] Web node_modules/expo-router/entry.js ░░░░░░░░░░░░░░░░  0.0% (0/1)
[2026-06-14T19:40:45.249Z] [1] Web node_modules/expo-router/entry.js ░░░░░░░░░░░░░░░░  0.0% (0/1)
[2026-06-14T19:40:45.249Z] [1] Web node_modules/expo-router/entry.js ░░░░░░░░░░░░░░░░  0.0% (0/1)
[2026-06-14T19:40:45.249Z] [1] Web node_modules/expo-router/entry.js ░░░░░░░░░░░░░░░░  0.0% (0/1)
[2026-06-14T19:40:45.249Z] [1] Web node_modules/expo-router/entry.js ░░░░░░░░░░░░░░░░  0.0% (0/1)
[2026-06-14T19:40:45.249Z] [1] Web node_modules/expo-router/entry.js ░░░░░░░░░░░░░░░░  0.0% (0/1)
[2026-06-14T19:40:45.249Z] [1] Web node_modules/expo-router/entry.js ░░░░░░░░░░░░░░░░  0.0% (0/1)
[2026-06-14T19:40:45.249Z] [1] Web node_modules/expo-router/entry.js ░░░░░░░░░░░░░░░░  0.0% (0/1)
[2026-06-14T19:40:45.249Z] [1] Web node_modules/expo-router/entry.js ░░░░░░░░░░░░░░░░  0.0% (0/1)
[2026-06-14T19:40:45.249Z] [1] Web node_modules/expo-router/entry.js ░░░░░░░░░░░░░░░░  0.0% (0/1)
[2026-06-14T19:40:45.249Z] [1] Web node_modules/expo-router/entry.js ░░░░░░░░░░░░░░░░  0.0% (0/1)
[2026-06-14T19:40:45.249Z] [1] Web node_modules/expo-router/entry.js ░░░░░░░░░░░░░░░░  0.0% (0/1)
[2026-06-14T19:40:45.249Z] [1] Web node_modules/expo-router/entry.js ░░░░░░░░░░░░░░░░  0.0% (0/1)
[2026-06-14T19:40:45.249Z] [1] Web node_modules/expo-router/entry.js ░░░░░░░░░░░░░░░░  0.0% (0/1)
[2026-06-14T19:40:45.250Z] [1] EXPO_USE_METRO_WORKSPACE_ROOT is enabled by default, use EXPO_NO_METRO_WORKSPACE_ROOT instead to disable.
[2026-06-14T19:40:45.251Z] [1]
[2026-06-14T19:40:45.251Z] EXPO_USE_METRO_WORKSPACE_ROOT is enabled by default, use EXPO_NO_METRO_WORKSPACE_ROOT instead to disable.
[2026-06-14T19:40:45.569Z] [1] λ  WARN  props.pointerEvents is deprecated. Use style.pointerEvents
[2026-06-14T19:40:45.634Z] [1] λ Bundled 15ms node_modules/expo-router/node/render.js (1 module)
[2026-06-14T19:40:45.634Z] [1] λ  LOG  { colorScheme: 'light', setColorScheme: [Function (anonymous)] } {
[2026-06-14T19:40:45.634Z] [1]   '--color-primary': '#001A3D',
[2026-06-14T19:40:45.634Z] [1]   '--color-background': '#F8F9FA',
[2026-06-14T19:40:45.634Z] [1]   '--color-surface': '#FFFFFF',
[2026-06-14T19:40:45.634Z] [1]   '--color-foreground': '#0A0F1A',
[2026-06-14T19:40:45.634Z] [1]   '--color-muted': '#6B7280',
[2026-06-14T19:40:45.634Z] [1]   '--color-border': '#E5E7EB',
[2026-06-14T19:40:45.634Z] [1]   '--color-success': '#22C55E',
[2026-06-14T19:40:45.634Z] [1]   '--color-warning': '#F59E0B',
[2026-06-14T19:40:45.634Z] [1]   '--color-error': '#EF4444'
[2026-06-14T19:40:45.634Z] [1] }
[2026-06-14T19:40:45.634Z] [1] Web node_modules/expo-router/entry.js ▓▓▓▓▓▓▓▓▓▓▓▓▓▓▓░ 99.9% (1388/1389)
[2026-06-14T19:40:45.634Z] [1] Web node_modules/expo-router/entry.js ░░░░░░░░░░░░░░░░  0.0% (0/1)
[2026-06-14T19:40:45.634Z] [1] Web node_modules/expo-router/entry.js ░░░░░░░░░░░░░░░░  0.0% (0/1)
[2026-06-14T19:40:45.634Z] [1] Web node_modules/expo-router/entry.js ░░░░░░░░░░░░░░░░  0.0% (0/1)
[2026-06-14T19:40:45.634Z] [1] Web node_modules/expo-router/entry.js ░░░░░░░░░░░░░░░░  0.0% (0/1)
[2026-06-14T19:40:45.634Z] [1] Web node_modules/expo-router/entry.js ░░░░░░░░░░░░░░░░  0.0% (0/1)
[2026-06-14T19:40:45.634Z] [1] Web node_modules/expo-router/entry.js ░░░░░░░░░░░░░░░░  0.0% (0/1)
[2026-06-14T19:40:45.634Z] [1] Web node_modules/expo-router/entry.js ░░░░░░░░░░░░░░░░  0.0% (0/1)
[2026-06-14T19:40:45.634Z] [1] Web node_modules/expo-router/entry.js ░░░░░░░░░░░░░░░░  0.0% (0/1)
[2026-06-14T19:40:45.634Z] [1] Web node_modules/expo-router/entry.js ░░░░░░░░░░░░░░░░  0.0% (0/1)
[2026-06-14T19:40:45.634Z] [1] Web node_modules/expo-router/entry.js ░░░░░░░░░░░░░░░░  0.0% (0/1)
[2026-06-14T19:40:45.634Z] [1] Web node_modules/expo-router/entry.js ░░░░░░░░░░░░░░░░  0.0% (0/1)
[2026-06-14T19:40:45.634Z] [1] Web node_modules/expo-router/entry.js ░░░░░░░░░░░░░░░░  0.0% (0/1)
[2026-06-14T19:40:45.634Z] [1] Web node_modules/expo-router/entry.js ░░░░░░░░░░░░░░░░  0.0% (0/1)
[2026-06-14T19:40:45.634Z] [1] Web node_modules/expo-router/entry.js ░░░░░░░░░░░░░░░░  0.0% (0/1)
[2026-06-14T19:40:45.635Z] [1] Web node_modules/expo-router/entry.js ░░░░░░░░░░░░░░░░  0.0% (0/1)
[2026-06-14T19:40:45.635Z] [1] Web node_modules/expo-router/entry.js ░░░░░░░░░░░░░░░░  0.0% (0/1)
[2026-06-14T19:40:45.635Z] [1] Web node_modules/expo-router/entry.js ░░░░░░░░░░░░░░░░  0.0% (0/1)
[2026-06-14T19:40:45.635Z] [1] Web node_modules/expo-router/entry.js ░░░░░░░░░░░░░░░░  0.0% (0/1)
[2026-06-14T19:40:45.635Z] [1] Web node_modules/expo-router/entry.js ░░░░░░░░░░░░░░░░  0.0% (0/1)
[2026-06-14T19:40:45.649Z] [1] EXPO_USE_METRO_WORKSPACE_ROOT is enabled by default, use EXPO_NO_METRO_WORKSPACE_ROOT instead to disable.
[2026-06-14T19:40:45.650Z] [1] EXPO_USE_METRO_WORKSPACE_ROOT is enabled by default, use EXPO_NO_METRO_WORKSPACE_ROOT instead to disable.
[2026-06-14T19:40:45.914Z] [1] λ  WARN  props.pointerEvents is deprecated. Use style.pointerEvents
[2026-06-14T19:40:45.977Z] [1] λ Bundled 16ms node_modules/expo-router/node/render.js (1 module)
[2026-06-14T19:40:45.977Z] [1] λ  LOG  { colorScheme: 'light', setColorScheme: [Function (anonymous)] } {
[2026-06-14T19:40:45.977Z] [1]   '--color-primary': '#001A3D',
[2026-06-14T19:40:45.977Z] [1]   '--color-background': '#F8F9FA',
[2026-06-14T19:40:45.977Z] [1]   '--color-surface': '#FFFFFF',
[2026-06-14T19:40:45.977Z] [1]   '--color-foreground': '#0A0F1A',
[2026-06-14T19:40:45.977Z] [1]   '--color-muted': '#6B7280',
[2026-06-14T19:40:45.977Z] [1]   '--color-border': '#E5E7EB',
[2026-06-14T19:40:45.977Z] [1]   '--color-success': '#22C55E',
[2026-06-14T19:40:45.977Z] [1]   '--color-warning': '#F59E0B',
[2026-06-14T19:40:45.977Z] [1]   '--color-error': '#EF4444'
[2026-06-14T19:40:45.977Z] [1] }
[2026-06-14T19:40:45.977Z] [1] Web node_modules/expo-router/entry.js ▓▓▓▓▓▓▓▓▓▓▓▓▓▓▓░ 99.9% (1389/1389)
[2026-06-14T19:40:45.977Z] [1] Web node_modules/expo-router/entry.js ░░░░░░░░░░░░░░░░  0.0% (0/1)
[2026-06-14T19:40:45.977Z] [1] Web node_modules/expo-router/entry.js ░░░░░░░░░░░░░░░░  0.0% (0/1)
[2026-06-14T19:40:45.977Z] [1] Web node_modules/expo-router/entry.js ░░░░░░░░░░░░░░░░  0.0% (0/1)
[2026-06-14T19:40:45.977Z] [1] Web node_modules/expo-router/entry.js ░░░░░░░░░░░░░░░░  0.0% (0/1)
[2026-06-14T19:40:45.977Z] [1] Web node_modules/expo-router/entry.js ░░░░░░░░░░░░░░░░  0.0% (0/1)
[2026-06-14T19:40:45.977Z] [1] Web node_modules/expo-router/entry.js ░░░░░░░░░░░░░░░░  0.0% (0/1)
[2026-06-14T19:40:45.977Z] [1] Web node_modules/expo-router/entry.js ░░░░░░░░░░░░░░░░  0.0% (0/1)
[2026-06-14T19:40:45.977Z] [1] Web node_modules/expo-router/entry.js ░░░░░░░░░░░░░░░░  0.0% (0/1)
[2026-06-14T19:40:45.977Z] [1] Web node_modules/expo-router/entry.js ░░░░░░░░░░░░░░░░  0.0% (0/1)
[2026-06-14T19:40:45.977Z] [1] Web node_modules/expo-router/entry.js ░░░░░░░░░░░░░░░░  0.0% (0/1)
[2026-06-14T19:40:45.977Z] [1] Web node_modules/expo-router/entry.js ░░░░░░░░░░░░░░░░  0.0% (0/1)
[2026-06-14T19:40:45.977Z] [1] Web node_modules/expo-router/entry.js ░░░░░░░░░░░░░░░░  0.0% (0/1)
[2026-06-14T19:40:45.977Z] [1] Web node_modules/expo-router/entry.js ░░░░░░░░░░░░░░░░  0.0% (0/1)
[2026-06-14T19:40:45.977Z] [1] Web node_modules/expo-router/entry.js ░░░░░░░░░░░░░░░░  0.0% (0/1)
[2026-06-14T19:40:45.977Z] [1] Web node_modules/expo-router/entry.js ░░░░░░░░░░░░░░░░  0.0% (0/1)
[2026-06-14T19:40:45.977Z] [1] Web node_modules/expo-router/entry.js ░░░░░░░░░░░░░░░░  0.0% (0/1)
[2026-06-14T19:40:45.977Z] [1] Web node_modules/expo-router/entry.js ░░░░░░░░░░░░░░░░  0.0% (0/1)
[2026-06-14T19:40:45.977Z] [1] Web node_modules/expo-router/entry.js ░░░░░░░░░░░░░░░░  0.0% (0/1)
[2026-06-14T19:40:45.977Z] [1] Web node_modules/expo-router/entry.js ░░░░░░░░░░░░░░░░  0.0% (0/1)
[2026-06-14T19:40:45.977Z] [1] Web node_modules/expo-router/entry.js ░░░░░░░░░░░░░░░░  0.0% (0/1)
[2026-06-14T19:40:45.978Z] [1] EXPO_USE_METRO_WORKSPACE_ROOT is enabled by default, use EXPO_NO_METRO_WORKSPACE_ROOT instead to disable.
[2026-06-14T19:40:45.980Z] [1] EXPO_USE_METRO_WORKSPACE_ROOT is enabled by default, use EXPO_NO_METRO_WORKSPACE_ROOT instead to disable.
[2026-06-14T19:40:46.242Z] [1] λ  WARN  props.pointerEvents is deprecated. Use style.pointerEvents
[2026-06-14T19:40:46.304Z] [1] λ Bundled 10ms node_modules/expo-router/node/render.js (1 module)
[2026-06-14T19:40:46.304Z] [1] λ  LOG  { colorScheme: 'light', setColorScheme: [Function (anonymous)] } {
[2026-06-14T19:40:46.304Z] [1]   '--color-primary': '#001A3D',
[2026-06-14T19:40:46.304Z] [1]   '--color-background': '#F8F9FA',
[2026-06-14T19:40:46.304Z] [1]   '--color-surface': '#FFFFFF',
[2026-06-14T19:40:46.304Z] [1]   '--color-foreground': '#0A0F1A',
[2026-06-14T19:40:46.304Z] [1]   '--color-muted': '#6B7280',
[2026-06-14T19:40:46.304Z] [1]   '--color-border': '#E5E7EB',
[2026-06-14T19:40:46.304Z] [1]   '--color-success': '#22C55E',
[2026-06-14T19:40:46.304Z] [1]   '--color-warning': '#F59E0B',
[2026-06-14T19:40:46.304Z] [1]   '--color-error': '#EF4444'
[2026-06-14T19:40:46.304Z] [1] }
[2026-06-14T19:40:46.304Z] [1] Web node_modules/expo-router/entry.js ▓▓▓▓▓▓▓▓▓▓▓▓▓▓▓░ 99.9% (1389/1389)
[2026-06-14T19:40:46.304Z] [1] Web node_modules/expo-router/entry.js ░░░░░░░░░░░░░░░░  0.0% (0/1)
[2026-06-14T19:40:46.304Z] [1] Web node_modules/expo-router/entry.js ░░░░░░░░░░░░░░░░  0.0% (0/1)
[2026-06-14T19:40:46.304Z] [1] Web node_modules/expo-router/entry.js ░░░░░░░░░░░░░░░░  0.0% (0/1)
[2026-06-14T19:40:46.304Z] [1] Web node_modules/expo-router/entry.js ░░░░░░░░░░░░░░░░  0.0% (0/1)
[2026-06-14T19:40:46.304Z] [1] Web node_modules/expo-router/entry.js ░░░░░░░░░░░░░░░░  0.0% (0/1)
[2026-06-14T19:40:46.304Z] [1] Web node_modules/expo-router/entry.js ░░░░░░░░░░░░░░░░  0.0% (0/1)
[2026-06-14T19:40:46.304Z] [1] Web node_modules/expo-router/entry.js ░░░░░░░░░░░░░░░░  0.0% (0/1)
[2026-06-14T19:40:46.304Z] [1] Web node_modules/expo-router/entry.js ░░░░░░░░░░░░░░░░  0.0% (0/1)
[2026-06-14T19:40:46.304Z] [1] Web node_modules/expo-router/entry.js ░░░░░░░░░░░░░░░░  0.0% (0/1)
[2026-06-14T19:40:46.304Z] [1] Web node_modules/expo-router/entry.js ░░░░░░░░░░░░░░░░  0.0% (0/1)
[2026-06-14T19:40:46.304Z] [1] Web node_modules/expo-router/entry.js ░░░░░░░░░░░░░░░░  0.0% (0/1)
[2026-06-14T19:40:46.304Z] [1] Web node_modules/expo-router/entry.js ░░░░░░░░░░░░░░░░  0.0% (0/1)
[2026-06-14T19:40:46.304Z] [1] Web node_modules/expo-router/entry.js ░░░░░░░░░░░░░░░░  0.0% (0/1)
[2026-06-14T19:40:46.304Z] [1] Web node_modules/expo-router/entry.js ░░░░░░░░░░░░░░░░  0.0% (0/1)
[2026-06-14T19:40:46.304Z] [1] Web node_modules/expo-router/entry.js ░░░░░░░░░░░░░░░░  0.0% (0/1)
[2026-06-14T19:40:46.304Z] [1] Web node_modules/expo-router/entry.js ░░░░░░░░░░░░░░░░  0.0% (0/1)
[2026-06-14T19:40:46.304Z] [1] Web node_modules/expo-router/entry.js ░░░░░░░░░░░░░░░░  0.0% (0/1)
[2026-06-14T19:40:46.304Z] [1] Web node_modules/expo-router/entry.js ░░░░░░░░░░░░░░░░  0.0% (0/1)
[2026-06-14T19:40:46.304Z] [1] Web node_modules/expo-router/entry.js ░░░░░░░░░░░░░░░░  0.0% (0/1)
[2026-06-14T19:40:46.304Z] [1] Web node_modules/expo-router/entry.js ░░░░░░░░░░░░░░░░  0.0% (0/1)
[2026-06-14T19:40:46.304Z] [1] Web node_modules/expo-router/entry.js ░░░░░░░░░░░░░░░░  0.0% (0/1)
[2026-06-14T19:40:46.422Z] [1] λ  LOG  { colorScheme: 'light', setColorScheme: [Function (anonymous)] } {
[2026-06-14T19:40:46.422Z] [1]   '--color-primary': '#001A3D',
[2026-06-14T19:40:46.422Z] [1]   '--color-background': '#F8F9FA',
[2026-06-14T19:40:46.422Z] [1]   '--color-surface': '#FFFFFF',
[2026-06-14T19:40:46.422Z] [1]   '--color-foreground': '#0A0F1A',
[2026-06-14T19:40:46.422Z] [1]   '--color-muted': '#6B7280',
[2026-06-14T19:40:46.422Z] [1]   '--color-border': '#E5E7EB',
[2026-06-14T19:40:46.422Z] [1]   '--color-success': '#22C55E',
[2026-06-14T19:40:46.422Z] [1]   '--color-warning': '#F59E0B',
[2026-06-14T19:40:46.422Z] [1]   '--color-error': '#EF4444'
[2026-06-14T19:40:46.422Z] [1] }
[2026-06-14T19:40:46.472Z] [1] λ  WARN  props.pointerEvents is deprecated. Use style.pointerEvents
[2026-06-14T19:40:46.485Z] [1] Web node_modules/expo-router/entry.js ▓▓▓▓▓▓▓▓▓▓▓▓▓▓▓░ 99.9% (1389/1389)
[2026-06-14T19:40:46.485Z] [1] Web node_modules/expo-router/entry.js ░░░░░░░░░░░░░░░░  0.0% (0/1)
[2026-06-14T19:40:46.485Z] [1] Web node_modules/expo-router/entry.js ░░░░░░░░░░░░░░░░  0.0% (0/1)
[2026-06-14T19:40:46.485Z] [1] Web node_modules/expo-router/entry.js ░░░░░░░░░░░░░░░░  0.0% (0/1)
[2026-06-14T19:40:46.485Z] [1] Web node_modules/expo-router/entry.js ░░░░░░░░░░░░░░░░  0.0% (0/1)
[2026-06-14T19:40:46.485Z] [1] Web node_modules/expo-router/entry.js ░░░░░░░░░░░░░░░░  0.0% (0/1)
[2026-06-14T19:40:46.485Z] [1] Web node_modules/expo-router/entry.js ░░░░░░░░░░░░░░░░  0.0% (0/1)
[2026-06-14T19:40:46.485Z] [1] Web node_modules/expo-router/entry.js ░░░░░░░░░░░░░░░░  0.0% (0/1)
[2026-06-14T19:40:46.485Z] [1] Web node_modules/expo-router/entry.js ░░░░░░░░░░░░░░░░  0.0% (0/1)
[2026-06-14T19:40:46.485Z] [1] Web node_modules/expo-router/entry.js ░░░░░░░░░░░░░░░░  0.0% (0/1)
[2026-06-14T19:40:46.485Z] [1] Web node_modules/expo-router/entry.js ░░░░░░░░░░░░░░░░  0.0% (0/1)
[2026-06-14T19:40:46.485Z] [1] Web node_modules/expo-router/entry.js ░░░░░░░░░░░░░░░░  0.0% (0/1)
[2026-06-14T19:40:46.485Z] [1] Web node_modules/expo-router/entry.js ░░░░░░░░░░░░░░░░  0.0% (0/1)
[2026-06-14T19:40:46.485Z] [1] Web node_modules/expo-router/entry.js ░░░░░░░░░░░░░░░░  0.0% (0/1)
[2026-06-14T19:40:46.485Z] [1] Web node_modules/expo-router/entry.js ░░░░░░░░░░░░░░░░  0.0% (0/1)
[2026-06-14T19:40:46.485Z] [1] Web node_modules/expo-router/entry.js ░░░░░░░░░░░░░░░░  0.0% (0/1)
[2026-06-14T19:40:46.485Z] [1] Web node_modules/expo-router/entry.js ░░░░░░░░░░░░░░░░  0.0% (0/1)
[2026-06-14T19:40:46.485Z] [1] Web node_modules/expo-router/entry.js ░░░░░░░░░░░░░░░░  0.0% (0/1)
[2026-06-14T19:40:46.485Z] [1] Web node_modules/expo-router/entry.js ░░░░░░░░░░░░░░░░  0.0% (0/1)
[2026-06-14T19:40:46.485Z] [1] Web node_modules/expo-router/entry.js ░░░░░░░░░░░░░░░░  0.0% (0/1)
[2026-06-14T19:40:46.485Z] [1] Web node_modules/expo-router/entry.js ░░░░░░░░░░░░░░░░  0.0% (0/1)
[2026-06-14T19:40:46.485Z] [1] Web node_modules/expo-router/entry.js ░░░░░░░░░░░░░░░░  0.0% (0/1)
[2026-06-14T19:40:46.531Z] [1] EXPO_USE_METRO_WORKSPACE_ROOT is enabled by default, use EXPO_NO_METRO_WORKSPACE_ROOT instead to disable.
[2026-06-14T19:40:46.532Z] [1] EXPO_USE_METRO_WORKSPACE_ROOT is enabled by default, use EXPO_NO_METRO_WORKSPACE_ROOT instead to disable.
[2026-06-14T19:40:46.668Z] [1] λ Bundled 12ms node_modules/expo-router/node/render.js (1 module)
[2026-06-14T19:40:46.808Z] [1] λ  LOG  { colorScheme: 'light', setColorScheme: [Function (anonymous)] } {
[2026-06-14T19:40:46.808Z] [1]   '--color-primary': '#001A3D',
[2026-06-14T19:40:46.808Z] [1]   '--color-background': '#F8F9FA',
[2026-06-14T19:40:46.808Z] [1]   '--color-surface': '#FFFFFF',
[2026-06-14T19:40:46.808Z] [1]   '--color-foreground': '#0A0F1A',
[2026-06-14T19:40:46.808Z] [1]   '--color-muted': '#6B7280',
[2026-06-14T19:40:46.809Z] [1]   '--color-border': '#E5E7EB',
[2026-06-14T19:40:46.809Z] [1]   '--color-success': '#22C55E',
[2026-06-14T19:40:46.809Z] [1]   '--color-warning': '#F59E0B',
[2026-06-14T19:40:46.809Z] [1]   '--color-error': '#EF4444'
[2026-06-14T19:40:46.809Z] [1] }
[2026-06-14T19:40:46.868Z] [1] λ  WARN  props.pointerEvents is deprecated. Use style.pointerEvents
[2026-06-14T19:40:46.913Z] [1] Web node_modules/expo-router/entry.js ▓▓▓▓▓▓▓▓▓▓▓▓▓▓▓░ 99.9% (0/1)
[2026-06-14T19:40:46.913Z] [1] Web node_modules/expo-router/entry.js ░░░░░░░░░░░░░░░░  0.0% (0/1)
[2026-06-14T19:40:46.913Z] [1] Web node_modules/expo-router/entry.js ░░░░░░░░░░░░░░░░  0.0% (0/1)
[2026-06-14T19:40:46.913Z] [1] Web node_modules/expo-router/entry.js ░░░░░░░░░░░░░░░░  0.0% (0/1)
[2026-06-14T19:40:46.913Z] [1] Web node_modules/expo-router/entry.js ░░░░░░░░░░░░░░░░  0.0% (0/1)
[2026-06-14T19:40:46.913Z] [1] Web node_modules/expo-router/entry.js ░░░░░░░░░░░░░░░░  0.0% (0/1)
[2026-06-14T19:40:46.913Z] [1] Web node_modules/expo-router/entry.js ░░░░░░░░░░░░░░░░  0.0% (0/1)
[2026-06-14T19:40:46.913Z] [1] Web node_modules/expo-router/entry.js ░░░░░░░░░░░░░░░░  0.0% (0/1)
[2026-06-14T19:40:46.913Z] [1] Web node_modules/expo-router/entry.js ░░░░░░░░░░░░░░░░  0.0% (0/1)
[2026-06-14T19:40:46.913Z] [1] Web node_modules/expo-router/entry.js ░░░░░░░░░░░░░░░░  0.0% (0/1)
[2026-06-14T19:40:46.913Z] [1] Web node_modules/expo-router/entry.js ░░░░░░░░░░░░░░░░  0.0% (0/1)
[2026-06-14T19:40:46.913Z] [1] Web node_modules/expo-router/entry.js ░░░░░░░░░░░░░░░░  0.0% (0/1)
[2026-06-14T19:40:46.913Z] [1] Web node_modules/expo-router/entry.js ░░░░░░░░░░░░░░░░  0.0% (0/1)
[2026-06-14T19:40:46.913Z] [1] Web node_modules/expo-router/entry.js ░░░░░░░░░░░░░░░░  0.0% (0/1)
[2026-06-14T19:40:46.913Z] [1] Web node_modules/expo-router/entry.js ░░░░░░░░░░░░░░░░  0.0% (0/1)
[2026-06-14T19:40:46.913Z] [1] Web node_modules/expo-router/entry.js ░░░░░░░░░░░░░░░░  0.0% (0/1)
[2026-06-14T19:40:46.913Z] [1] Web node_modules/expo-router/entry.js ░░░░░░░░░░░░░░░░  0.0% (0/1)
[2026-06-14T19:40:46.913Z] [1] Web node_modules/expo-router/entry.js ░░░░░░░░░░░░░░░░  0.0% (0/1)
[2026-06-14T19:40:46.913Z] [1] Web node_modules/expo-router/entry.js ░░░░░░░░░░░░░░░░  0.0% (0/1)
[2026-06-14T19:40:46.913Z] [1] Web node_modules/expo-router/entry.js ░░░░░░░░░░░░░░░░  0.0% (0/1)
[2026-06-14T19:40:46.913Z] [1] Web node_modules/expo-router/entry.js ░░░░░░░░░░░░░░░░  0.0% (0/1)
[2026-06-14T19:40:46.913Z] [1] Web node_modules/expo-router/entry.js ░░░░░░░░░░░░░░░░  0.0% (0/1)
[2026-06-14T19:40:46.913Z] [1] Web node_modules/expo-router/entry.js ░░░░░░░░░░░░░░░░  0.0% (0/1)
[2026-06-14T19:40:47.365Z] [1] EXPO_USE_METRO_WORKSPACE_ROOT is enabled by default, use EXPO_NO_METRO_WORKSPACE_ROOT instead to disable.
[2026-06-14T19:40:47.366Z] [1]
[2026-06-14T19:40:47.366Z] EXPO_USE_METRO_WORKSPACE_ROOT is enabled by default, use EXPO_NO_METRO_WORKSPACE_ROOT instead to disable.
[2026-06-14T19:40:47.536Z] [1] λ Bundled 37ms node_modules/expo-router/node/render.js (1 module)
[2026-06-14T19:40:47.704Z] [1] λ  LOG  { colorScheme: 'light', setColorScheme: [Function (anonymous)] } {
[2026-06-14T19:40:47.704Z] [1]   '--color-primary': '#001A3D',
[2026-06-14T19:40:47.704Z] [1]   '--color-background': '#F8F9FA',
[2026-06-14T19:40:47.704Z] [1]   '--color-surface': '#FFFFFF',
[2026-06-14T19:40:47.704Z] [1]   '--color-foreground': '#0A0F1A',
[2026-06-14T19:40:47.704Z] [1]   '--color-muted': '#6B7280',
[2026-06-14T19:40:47.704Z] [1]   '--color-border': '#E5E7EB',
[2026-06-14T19:40:47.704Z] [1]   '--color-success': '#22C55E',
[2026-06-14T19:40:47.704Z] [1]   '--color-warning': '#F59E0B',
[2026-06-14T19:40:47.704Z] [1]   '--color-error': '#EF4444'
[2026-06-14T19:40:47.704Z] [1] }
[2026-06-14T19:40:47.778Z] [1] λ  WARN  props.pointerEvents is deprecated. Use style.pointerEvents
[2026-06-14T19:40:47.791Z] [1]
[2026-06-14T19:40:47.791Z] Web node_modules/expo-router/entry.js ▓▓▓▓▓▓▓▓▓▓▓▓▓▓▓░ 99.9% (1/1)
[2026-06-14T19:40:47.791Z] [1] Web node_modules/expo-router/entry.js ░░░░░░░░░░░░░░░░  0.0% (0/1)
[2026-06-14T19:40:47.791Z] [1] Web node_modules/expo-router/entry.js ░░░░░░░░░░░░░░░░  0.0% (0/1)
[2026-06-14T19:40:47.791Z] [1] Web node_modules/expo-router/entry.js ░░░░░░░░░░░░░░░░  0.0% (0/1)
[2026-06-14T19:40:47.791Z] [1] Web node_modules/expo-router/entry.js ░░░░░░░░░░░░░░░░  0.0% (0/1)
[2026-06-14T19:40:47.791Z] [1] Web node_modules/expo-router/entry.js ░░░░░░░░░░░░░░░░  0.0% (0/1)
[2026-06-14T19:40:47.791Z] [1] Web node_modules/expo-router/entry.js ░░░░░░░░░░░░░░░░  0.0% (0/1)
[2026-06-14T19:40:47.791Z] [1] Web node_modules/expo-router/entry.js ░░░░░░░░░░░░░░░░  0.0% (0/1)
[2026-06-14T19:40:47.791Z] [1] Web node_modules/expo-router/entry.js ░░░░░░░░░░░░░░░░  0.0% (0/1)
[2026-06-14T19:40:47.791Z] [1] Web node_modules/expo-router/entry.js ░░░░░░░░░░░░░░░░  0.0% (0/1)
[2026-06-14T19:40:47.791Z] [1] Web node_modules/expo-router/entry.js ░░░░░░░░░░░░░░░░  0.0% (0/1)
[2026-06-14T19:40:47.791Z] [1] Web node_modules/expo-router/entry.js ░░░░░░░░░░░░░░░░  0.0% (0/1)
[2026-06-14T19:40:47.791Z] [1] Web node_modules/expo-router/entry.js ░░░░░░░░░░░░░░░░  0.0% (0/1)
[2026-06-14T19:40:47.791Z] [1] Web node_modules/expo-router/entry.js ░░░░░░░░░░░░░░░░  0.0% (0/1)
[2026-06-14T19:40:47.791Z] [1] Web node_modules/expo-router/entry.js ░░░░░░░░░░░░░░░░  0.0% (0/1)
[2026-06-14T19:40:47.791Z] [1] Web node_modules/expo-router/entry.js ░░░░░░░░░░░░░░░░  0.0% (0/1)
[2026-06-14T19:40:47.791Z] [1] Web node_modules/expo-router/entry.js ░░░░░░░░░░░░░░░░  0.0% (0/1)
[2026-06-14T19:40:47.791Z] [1] Web node_modules/expo-router/entry.js ░░░░░░░░░░░░░░░░  0.0% (0/1)
[2026-06-14T19:40:47.791Z] [1] Web node_modules/expo-router/entry.js ░░░░░░░░░░░░░░░░  0.0% (0/1)
[2026-06-14T19:40:47.791Z] [1] Web node_modules/expo-router/entry.js ░░░░░░░░░░░░░░░░  0.0% (0/1)
[2026-06-14T19:40:47.791Z] [1] Web node_modules/expo-router/entry.js ░░░░░░░░░░░░░░░░  0.0% (0/1)
[2026-06-14T19:40:47.791Z] [1] Web node_modules/expo-router/entry.js ░░░░░░░░░░░░░░░░  0.0% (0/1)
[2026-06-14T19:40:47.792Z] [1] Web node_modules/expo-router/entry.js ░░░░░░░░░░░░░░░░  0.0% (0/1)
[2026-06-14T19:40:47.792Z] [1] Web node_modules/expo-router/entry.js ░░░░░░░░░░░░░░░░  0.0% (0/1)
[2026-06-14T19:40:47.961Z] [1] EXPO_USE_METRO_WORKSPACE_ROOT is enabled by default, use EXPO_NO_METRO_WORKSPACE_ROOT instead to disable.
[2026-06-14T19:40:47.963Z] [1] EXPO_USE_METRO_WORKSPACE_ROOT is enabled by default, use EXPO_NO_METRO_WORKSPACE_ROOT instead to disable.
[2026-06-14T19:40:48.172Z] [1]
[2026-06-14T19:40:48.172Z] λ Bundled 56ms node_modules/expo-router/node/render.js (1 module)
[2026-06-14T19:40:48.287Z] [1] EXPO_USE_METRO_WORKSPACE_ROOT is enabled by default, use EXPO_NO_METRO_WORKSPACE_ROOT instead to disable.
[2026-06-14T19:40:48.288Z] [1] EXPO_USE_METRO_WORKSPACE_ROOT is enabled by default, use EXPO_NO_METRO_WORKSPACE_ROOT instead to disable.
[2026-06-14T19:40:48.607Z] [1] λ  WARN  props.pointerEvents is deprecated. Use style.pointerEvents
[2026-06-14T19:40:48.675Z] [1] λ Bundled 36ms node_modules/expo-router/node/render.js (1 module)
[2026-06-14T19:40:48.675Z] [1] λ  LOG  { colorScheme: 'light', setColorScheme: [Function (anonymous)] } {
[2026-06-14T19:40:48.675Z] [1]   '--color-primary': '#001A3D',
[2026-06-14T19:40:48.675Z] [1]   '--color-background': '#F8F9FA',
[2026-06-14T19:40:48.675Z] [1]   '--color-surface': '#FFFFFF',
[2026-06-14T19:40:48.675Z] [1]   '--color-foreground': '#0A0F1A',
[2026-06-14T19:40:48.675Z] [1]   '--color-muted': '#6B7280',
[2026-06-14T19:40:48.675Z] [1]   '--color-border': '#E5E7EB',
[2026-06-14T19:40:48.675Z] [1]   '--color-success': '#22C55E',
[2026-06-14T19:40:48.675Z] [1]   '--color-warning': '#F59E0B',
[2026-06-14T19:40:48.675Z] [1]   '--color-error': '#EF4444'
[2026-06-14T19:40:48.675Z] [1] }
[2026-06-14T19:40:48.675Z] [1] Web node_modules/expo-router/entry.js ▓▓▓▓▓▓▓▓▓▓▓▓▓▓▓░ 99.9% (1/1)
[2026-06-14T19:40:48.675Z] [1] Web node_modules/expo-router/entry.js ░░░░░░░░░░░░░░░░  0.0% (0/1)
[2026-06-14T19:40:48.675Z] [1] Web node_modules/expo-router/entry.js ░░░░░░░░░░░░░░░░  0.0% (0/1)
[2026-06-14T19:40:48.675Z] [1] Web node_modules/expo-router/entry.js ░░░░░░░░░░░░░░░░  0.0% (0/1)
[2026-06-14T19:40:48.675Z] [1] Web node_modules/expo-router/entry.js ░░░░░░░░░░░░░░░░  0.0% (0/1)
[2026-06-14T19:40:48.675Z] [1] Web node_modules/expo-router/entry.js ░░░░░░░░░░░░░░░░  0.0% (0/1)
[2026-06-14T19:40:48.675Z] [1] Web node_modules/expo-router/entry.js ░░░░░░░░░░░░░░░░  0.0% (0/1)
[2026-06-14T19:40:48.675Z] [1] Web node_modules/expo-router/entry.js ░░░░░░░░░░░░░░░░  0.0% (0/1)
[2026-06-14T19:40:48.675Z] [1] Web node_modules/expo-router/entry.js ░░░░░░░░░░░░░░░░  0.0% (0/1)
[2026-06-14T19:40:48.675Z] [1] Web node_modules/expo-router/entry.js ░░░░░░░░░░░░░░░░  0.0% (0/1)
[2026-06-14T19:40:48.675Z] [1] Web node_modules/expo-router/entry.js ░░░░░░░░░░░░░░░░  0.0% (0/1)
[2026-06-14T19:40:48.675Z] [1] Web node_modules/expo-router/entry.js ░░░░░░░░░░░░░░░░  0.0% (0/1)
[2026-06-14T19:40:48.675Z] [1] Web node_modules/expo-router/entry.js ░░░░░░░░░░░░░░░░  0.0% (0/1)
[2026-06-14T19:40:48.675Z] [1] Web node_modules/expo-router/entry.js ░░░░░░░░░░░░░░░░  0.0% (0/1)
[2026-06-14T19:40:48.675Z] [1] Web node_modules/expo-router/entry.js ░░░░░░░░░░░░░░░░  0.0% (0/1)
[2026-06-14T19:40:48.675Z] [1] Web node_modules/expo-router/entry.js ░░░░░░░░░░░░░░░░  0.0% (0/1)
[2026-06-14T19:40:48.675Z] [1] Web node_modules/expo-router/entry.js ░░░░░░░░░░░░░░░░  0.0% (0/1)
[2026-06-14T19:40:48.675Z] [1] Web node_modules/expo-router/entry.js ░░░░░░░░░░░░░░░░  0.0% (0/1)
[2026-06-14T19:40:48.675Z] [1] Web node_modules/expo-router/entry.js ░░░░░░░░░░░░░░░░  0.0% (0/1)
[2026-06-14T19:40:48.675Z] [1] Web node_modules/expo-router/entry.js ░░░░░░░░░░░░░░░░  0.0% (0/1)
[2026-06-14T19:40:48.675Z] [1] Web node_modules/expo-router/entry.js ░░░░░░░░░░░░░░░░  0.0% (0/1)
[2026-06-14T19:40:48.676Z] [1] Web node_modules/expo-router/entry.js ░░░░░░░░░░░░░░░░  0.0% (0/1)
[2026-06-14T19:40:48.676Z] [1] Web node_modules/expo-router/entry.js ░░░░░░░░░░░░░░░░  0.0% (0/1)
[2026-06-14T19:40:48.676Z] [1] Web node_modules/expo-router/entry.js ░░░░░░░░░░░░░░░░  0.0% (0/1)
[2026-06-14T19:40:48.676Z] [1] Web node_modules/expo-router/entry.js ░░░░░░░░░░░░░░░░  0.0% (0/1)
[2026-06-14T19:40:48.676Z] [1] Web node_modules/expo-router/entry.js ░░░░░░░░░░░░░░░░  0.0% (0/1)
[2026-06-14T19:40:48.820Z] [1] λ  LOG  { colorScheme: 'light', setColorScheme: [Function (anonymous)] } {
[2026-06-14T19:40:48.820Z] [1]   '--color-primary': '#001A3D',
[2026-06-14T19:40:48.820Z] [1]   '--color-background': '#F8F9FA',
[2026-06-14T19:40:48.820Z] [1]   '--color-surface': '#FFFFFF',
[2026-06-14T19:40:48.820Z] [1]   '--color-foreground': '#0A0F1A',
[2026-06-14T19:40:48.820Z] [1]   '--color-muted': '#6B7280',
[2026-06-14T19:40:48.820Z] [1]   '--color-border': '#E5E7EB',
[2026-06-14T19:40:48.820Z] [1]   '--color-success': '#22C55E',
[2026-06-14T19:40:48.820Z] [1]   '--color-warning': '#F59E0B',
[2026-06-14T19:40:48.820Z] [1]   '--color-error': '#EF4444'
[2026-06-14T19:40:48.820Z] [1] }
[2026-06-14T19:40:48.873Z] [1] λ  WARN  props.pointerEvents is deprecated. Use style.pointerEvents
[2026-06-14T19:40:48.886Z] [1]
[2026-06-14T19:40:48.886Z] Web node_modules/expo-router/entry.js ▓▓▓▓▓▓▓▓▓▓▓▓▓▓▓░ 99.9% (1/1)
[2026-06-14T19:40:48.886Z] [1] Web node_modules/expo-router/entry.js ░░░░░░░░░░░░░░░░  0.0% (0/1)
[2026-06-14T19:40:48.886Z] [1] Web node_modules/expo-router/entry.js ░░░░░░░░░░░░░░░░  0.0% (0/1)
[2026-06-14T19:40:48.886Z] [1] Web node_modules/expo-router/entry.js ░░░░░░░░░░░░░░░░  0.0% (0/1)
[2026-06-14T19:40:48.886Z] [1] Web node_modules/expo-router/entry.js ░░░░░░░░░░░░░░░░  0.0% (0/1)
[2026-06-14T19:40:48.886Z] [1] Web node_modules/expo-router/entry.js ░░░░░░░░░░░░░░░░  0.0% (0/1)
[2026-06-14T19:40:48.886Z] [1] Web node_modules/expo-router/entry.js ░░░░░░░░░░░░░░░░  0.0% (0/1)
[2026-06-14T19:40:48.886Z] [1] Web node_modules/expo-router/entry.js ░░░░░░░░░░░░░░░░  0.0% (0/1)
[2026-06-14T19:40:48.886Z] [1] Web node_modules/expo-router/entry.js ░░░░░░░░░░░░░░░░  0.0% (0/1)
[2026-06-14T19:40:48.886Z] [1] Web node_modules/expo-router/entry.js ░░░░░░░░░░░░░░░░  0.0% (0/1)
[2026-06-14T19:40:48.886Z] [1] Web node_modules/expo-router/entry.js ░░░░░░░░░░░░░░░░  0.0% (0/1)
[2026-06-14T19:40:48.886Z] [1] Web node_modules/expo-router/entry.js ░░░░░░░░░░░░░░░░  0.0% (0/1)
[2026-06-14T19:40:48.887Z] [1] Web node_modules/expo-router/entry.js ░░░░░░░░░░░░░░░░  0.0% (0/1)
[2026-06-14T19:40:48.887Z] [1] Web node_modules/expo-router/entry.js ░░░░░░░░░░░░░░░░  0.0% (0/1)
[2026-06-14T19:40:48.887Z] [1] Web node_modules/expo-router/entry.js ░░░░░░░░░░░░░░░░  0.0% (0/1)
[2026-06-14T19:40:48.887Z] [1] Web node_modules/expo-router/entry.js ░░░░░░░░░░░░░░░░  0.0% (0/1)
[2026-06-14T19:40:48.887Z] [1] Web node_modules/expo-router/entry.js ░░░░░░░░░░░░░░░░  0.0% (0/1)
[2026-06-14T19:40:48.887Z] [1] Web node_modules/expo-router/entry.js ░░░░░░░░░░░░░░░░  0.0% (0/1)
[2026-06-14T19:40:48.887Z] [1] Web node_modules/expo-router/entry.js ░░░░░░░░░░░░░░░░  0.0% (0/1)
[2026-06-14T19:40:48.887Z] [1] Web node_modules/expo-router/entry.js ░░░░░░░░░░░░░░░░  0.0% (0/1)
[2026-06-14T19:40:48.887Z] [1] Web node_modules/expo-router/entry.js ░░░░░░░░░░░░░░░░  0.0% (0/1)
[2026-06-14T19:40:48.887Z] [1] Web node_modules/expo-router/entry.js ░░░░░░░░░░░░░░░░  0.0% (0/1)
[2026-06-14T19:40:48.887Z] [1] Web node_modules/expo-router/entry.js ░░░░░░░░░░░░░░░░  0.0% (0/1)
[2026-06-14T19:40:48.887Z] [1] Web node_modules/expo-router/entry.js ░░░░░░░░░░░░░░░░  0.0% (0/1)
[2026-06-14T19:40:48.887Z] [1] Web node_modules/expo-router/entry.js ░░░░░░░░░░░░░░░░  0.0% (0/1)
[2026-06-14T19:40:48.887Z] [1] Web node_modules/expo-router/entry.js ░░░░░░░░░░░░░░░░  0.0% (0/1)
[2026-06-14T19:40:48.930Z] [1] EXPO_USE_METRO_WORKSPACE_ROOT is enabled by default, use EXPO_NO_METRO_WORKSPACE_ROOT instead to disable.
[2026-06-14T19:40:48.931Z] [1] EXPO_USE_METRO_WORKSPACE_ROOT is enabled by default, use EXPO_NO_METRO_WORKSPACE_ROOT instead to disable.
[2026-06-14T19:40:49.091Z] [1] λ Bundled 39ms node_modules/expo-router/node/render.js (1 module)
[2026-06-14T19:40:49.237Z] [1]
[2026-06-14T19:40:49.237Z] λ  LOG  { colorScheme: 'light', setColorScheme: [Function (anonymous)] } {
[2026-06-14T19:40:49.237Z] [1]   '--color-primary': '#001A3D',
[2026-06-14T19:40:49.237Z] [1]   '--color-background': '#F8F9FA',
[2026-06-14T19:40:49.237Z] [1]   '--color-surface': '#FFFFFF',
[2026-06-14T19:40:49.237Z] [1]   '--color-foreground': '#0A0F1A',
[2026-06-14T19:40:49.237Z] [1]   '--color-muted': '#6B7280',
[2026-06-14T19:40:49.237Z] [1]   '--color-border': '#E5E7EB',
[2026-06-14T19:40:49.237Z] [1]   '--color-success': '#22C55E',
[2026-06-14T19:40:49.237Z] [1]   '--color-warning': '#F59E0B',
[2026-06-14T19:40:49.237Z] [1]   '--color-error': '#EF4444'
[2026-06-14T19:40:49.237Z] [1] }
[2026-06-14T19:40:49.316Z] [1] λ  WARN  props.pointerEvents is deprecated. Use style.pointerEvents
[2026-06-14T19:40:49.329Z] [1] Web node_modules/expo-router/entry.js ▓▓▓▓▓▓▓▓▓▓▓▓▓▓▓░ 99.9% (1/1)
[2026-06-14T19:40:49.329Z] [1] Web node_modules/expo-router/entry.js ░░░░░░░░░░░░░░░░  0.0% (0/1)
[2026-06-14T19:40:49.329Z] [1] Web node_modules/expo-router/entry.js ░░░░░░░░░░░░░░░░  0.0% (0/1)
[2026-06-14T19:40:49.329Z] [1] Web node_modules/expo-router/entry.js ░░░░░░░░░░░░░░░░  0.0% (0/1)
[2026-06-14T19:40:49.329Z] [1] Web node_modules/expo-router/entry.js ░░░░░░░░░░░░░░░░  0.0% (0/1)
[2026-06-14T19:40:49.329Z] [1] Web node_modules/expo-router/entry.js ░░░░░░░░░░░░░░░░  0.0% (0/1)
[2026-06-14T19:40:49.329Z] [1] Web node_modules/expo-router/entry.js ░░░░░░░░░░░░░░░░  0.0% (0/1)
[2026-06-14T19:40:49.329Z] [1] Web node_modules/expo-router/entry.js ░░░░░░░░░░░░░░░░  0.0% (0/1)
[2026-06-14T19:40:49.329Z] [1] Web node_modules/expo-router/entry.js ░░░░░░░░░░░░░░░░  0.0% (0/1)
[2026-06-14T19:40:49.329Z] [1] Web node_modules/expo-router/entry.js ░░░░░░░░░░░░░░░░  0.0% (0/1)
[2026-06-14T19:40:49.329Z] [1] Web node_modules/expo-router/entry.js ░░░░░░░░░░░░░░░░  0.0% (0/1)
[2026-06-14T19:40:49.329Z] [1] Web node_modules/expo-router/entry.js ░░░░░░░░░░░░░░░░  0.0% (0/1)
[2026-06-14T19:40:49.329Z] [1] Web node_modules/expo-router/entry.js ░░░░░░░░░░░░░░░░  0.0% (0/1)
[2026-06-14T19:40:49.329Z] [1] Web node_modules/expo-router/entry.js ░░░░░░░░░░░░░░░░  0.0% (0/1)
[2026-06-14T19:40:49.329Z] [1] Web node_modules/expo-router/entry.js ░░░░░░░░░░░░░░░░  0.0% (0/1)
[2026-06-14T19:40:49.329Z] [1] Web node_modules/expo-router/entry.js ░░░░░░░░░░░░░░░░  0.0% (0/1)
[2026-06-14T19:40:49.329Z] [1] Web node_modules/expo-router/entry.js ░░░░░░░░░░░░░░░░  0.0% (0/1)
[2026-06-14T19:40:49.329Z] [1] Web node_modules/expo-router/entry.js ░░░░░░░░░░░░░░░░  0.0% (0/1)
[2026-06-14T19:40:49.329Z] [1] Web node_modules/expo-router/entry.js ░░░░░░░░░░░░░░░░  0.0% (0/1)
[2026-06-14T19:40:49.329Z] [1] Web node_modules/expo-router/entry.js ░░░░░░░░░░░░░░░░  0.0% (0/1)
[2026-06-14T19:40:49.329Z] [1] Web node_modules/expo-router/entry.js ░░░░░░░░░░░░░░░░  0.0% (0/1)
[2026-06-14T19:40:49.329Z] [1] Web node_modules/expo-router/entry.js ░░░░░░░░░░░░░░░░  0.0% (0/1)
[2026-06-14T19:40:49.329Z] [1] Web node_modules/expo-router/entry.js ░░░░░░░░░░░░░░░░  0.0% (0/1)
[2026-06-14T19:40:49.329Z] [1] Web node_modules/expo-router/entry.js ░░░░░░░░░░░░░░░░  0.0% (0/1)
[2026-06-14T19:40:49.330Z] [1] Web node_modules/expo-router/entry.js ░░░░░░░░░░░░░░░░  0.0% (0/1)
[2026-06-14T19:40:49.330Z] [1] Web node_modules/expo-router/entry.js ░░░░░░░░░░░░░░░░  0.0% (0/1)
[2026-06-14T19:40:49.330Z] [1] Web node_modules/expo-router/entry.js ░░░░░░░░░░░░░░░░  0.0% (0/1)
[2026-06-14T19:40:49.436Z] [1] Web Bundled 16168ms node_modules/expo-router/entry.js (1 module)
[2026-06-14T19:40:49.803Z] [1] Web Bundled 16211ms node_modules/expo-router/entry.js (1 module)
[2026-06-14T19:40:49.804Z] [1] Web Bundled 16241ms node_modules/expo-router/entry.js (1 module)
[2026-06-14T19:40:49.804Z] [1] Web Bundled 16268ms node_modules/expo-router/entry.js (1 module)
[2026-06-14T19:40:49.804Z] [1] Web Bundled 16295ms node_modules/expo-router/entry.js (1 module)
[2026-06-14T19:40:49.804Z] [1] Web Bundled 16321ms node_modules/expo-router/entry.js (1 module)
[2026-06-14T19:40:49.804Z] [1] Web Bundled 16345ms node_modules/expo-router/entry.js (1 module)
[2026-06-14T19:40:49.804Z] [1] Web Bundled 16370ms node_modules/expo-router/entry.js (1 module)
[2026-06-14T19:40:49.804Z] [1] Web Bundled 16394ms node_modules/expo-router/entry.js (1 module)
[2026-06-14T19:40:49.804Z] [1] Web Bundled 16044ms node_modules/expo-router/entry.js (1 module)
[2026-06-14T19:40:49.804Z] [1] Web Bundled 14858ms node_modules/expo-router/entry.js (1 module)
[2026-06-14T19:40:49.804Z] [1] Web Bundled 13828ms node_modules/expo-router/entry.js (1 module)
[2026-06-14T19:40:49.804Z] [1] Web Bundled 6840ms node_modules/expo-router/entry.js (1 module)
[2026-06-14T19:40:49.804Z] [1] Web Bundled 6689ms node_modules/expo-router/entry.js (1 module)
[2026-06-14T19:40:50.071Z] [1] Error: Premature close
[2026-06-14T19:40:50.071Z] [1]     at onclose (node:internal/streams/end-of-stream:158:30)
[2026-06-14T19:40:50.071Z] [1]     at processTicksAndRejections (node:internal/process/task_queues:85:11)
[2026-06-14T19:40:50.072Z] [1] Web Bundled 6514ms node_modules/expo-router/entry.js (1 module)
[2026-06-14T19:40:50.072Z] [1] Web Bundled 6007ms node_modules/expo-router/entry.js (1 module)
[2026-06-14T19:40:50.072Z] [1] Web Bundled 5657ms node_modules/expo-router/entry.js (1 module)
[2026-06-14T19:40:50.072Z] [1] Web Bundled 5488ms node_modules/expo-router/entry.js (1 module)
[2026-06-14T19:40:50.072Z] [1] Web Bundled 5004ms node_modules/expo-router/entry.js (1 module)
[2026-06-14T19:40:50.072Z] [1] Web Bundled 4309ms node_modules/expo-router/entry.js (1 module)
[2026-06-14T19:40:50.072Z] [1] Web Bundled 4734ms node_modules/expo-router/entry.js (1 module)
[2026-06-14T19:40:50.072Z] [1] Web Bundled 4031ms node_modules/expo-router/entry.js (1 module)
[2026-06-14T19:40:50.072Z] [1] Web Bundled 3508ms node_modules/expo-router/entry.js (1 module)
[2026-06-14T19:40:50.074Z] [1] Error: Premature close
[2026-06-14T19:40:50.074Z] [1]     at onclose (node:internal/streams/end-of-stream:158:30)
[2026-06-14T19:40:50.074Z] [1]     at processTicksAndRejections (node:internal/process/task_queues:85:11)
[2026-06-14T19:40:50.075Z] [1] Web Bundled 2707ms node_modules/expo-router/entry.js (1 module)
[2026-06-14T19:40:50.107Z] [1] EXPO_USE_METRO_WORKSPACE_ROOT is enabled by default, use EXPO_NO_METRO_WORKSPACE_ROOT instead to disable.
[2026-06-14T19:40:50.108Z] [1] EXPO_USE_METRO_WORKSPACE_ROOT is enabled by default, use EXPO_NO_METRO_WORKSPACE_ROOT instead to disable.
[2026-06-14T19:40:50.204Z] [1]
[2026-06-14T19:40:50.204Z] Error: Premature close
[2026-06-14T19:40:50.204Z] [1]     at onclose (node:internal/streams/end-of-stream:158:30)
[2026-06-14T19:40:50.204Z] [1]     at processTicksAndRejections (node:internal/process/task_queues:85:11)
[2026-06-14T19:40:50.291Z] [1] λ Bundled 41ms node_modules/expo-router/node/render.js (1 module)
[2026-06-14T19:40:50.296Z] [1] EXPO_USE_METRO_WORKSPACE_ROOT is enabled by default, use EXPO_NO_METRO_WORKSPACE_ROOT instead to disable.
[2026-06-14T19:40:50.298Z] [1]
[2026-06-14T19:40:50.298Z] EXPO_USE_METRO_WORKSPACE_ROOT is enabled by default, use EXPO_NO_METRO_WORKSPACE_ROOT instead to disable.
[2026-06-14T19:40:50.564Z] [1] λ Bundled 43ms node_modules/expo-router/node/render.js (1 module)
[2026-06-14T19:40:50.713Z] [1] λ  LOG  { colorScheme: 'light', setColorScheme: [Function (anonymous)] } {
[2026-06-14T19:40:50.714Z] [1]   '--color-primary': '#001A3D',
[2026-06-14T19:40:50.714Z] [1]   '--color-background': '#F8F9FA',
[2026-06-14T19:40:50.714Z] [1]   '--color-surface': '#FFFFFF',
[2026-06-14T19:40:50.714Z] [1]   '--color-foreground': '#0A0F1A',
[2026-06-14T19:40:50.714Z] [1]   '--color-muted': '#6B7280',
[2026-06-14T19:40:50.714Z] [1]   '--color-border': '#E5E7EB',
[2026-06-14T19:40:50.714Z] [1]   '--color-success': '#22C55E',
[2026-06-14T19:40:50.714Z] [1]   '--color-warning': '#F59E0B',
[2026-06-14T19:40:50.714Z] [1]   '--color-error': '#EF4444'
[2026-06-14T19:40:50.714Z] [1] }
[2026-06-14T19:40:50.777Z] [1] λ  WARN  props.pointerEvents is deprecated. Use style.pointerEvents
[2026-06-14T19:40:50.791Z] [1] Web node_modules/expo-router/entry.js ░░░░░░░░░░░░░░░░  0.0% (0/1)
[2026-06-14T19:40:50.792Z] [1] Web node_modules/expo-router/entry.js ░░░░░░░░░░░░░░░░  0.0% (0/1)
[2026-06-14T19:40:50.792Z] [1] Web node_modules/expo-router/entry.js ░░░░░░░░░░░░░░░░  0.0% (0/1)
[2026-06-14T19:40:50.792Z] [1] Web node_modules/expo-router/entry.js ░░░░░░░░░░░░░░░░  0.0% (0/1)
[2026-06-14T19:40:50.792Z] [1] Web node_modules/expo-router/entry.js ░░░░░░░░░░░░░░░░  0.0% (0/1)
[2026-06-14T19:40:50.792Z] [1] Web node_modules/expo-router/entry.js ░░░░░░░░░░░░░░░░  0.0% (0/1)
[2026-06-14T19:40:50.895Z] [1] Web Bundled 2931ms node_modules/expo-router/entry.js (1 module)
[2026-06-14T19:40:51.131Z] [1] λ  WARN  props.pointerEvents is deprecated. Use style.pointerEvents
[2026-06-14T19:40:51.141Z] [1]
[2026-06-14T19:40:51.141Z] λ  LOG  { colorScheme: 'light', setColorScheme: [Function (anonymous)] } {
[2026-06-14T19:40:51.141Z] [1]   '--color-primary': '#001A3D',
[2026-06-14T19:40:51.141Z] [1]   '--color-background': '#F8F9FA',
[2026-06-14T19:40:51.141Z] [1]   '--color-surface': '#FFFFFF',
[2026-06-14T19:40:51.141Z] [1]   '--color-foreground': '#0A0F1A',
[2026-06-14T19:40:51.141Z] [1]   '--color-muted': '#6B7280',
[2026-06-14T19:40:51.141Z] [1]   '--color-border': '#E5E7EB',
[2026-06-14T19:40:51.141Z] [1]   '--color-success': '#22C55E',
[2026-06-14T19:40:51.141Z] [1]   '--color-warning': '#F59E0B',
[2026-06-14T19:40:51.141Z] [1]   '--color-error': '#EF4444'
[2026-06-14T19:40:51.141Z] [1] }
[2026-06-14T19:40:51.141Z] [1] Web node_modules/expo-router/entry.js ░░░░░░░░░░░░░░░░  0.0% (0/1)
[2026-06-14T19:40:51.141Z] [1] Web node_modules/expo-router/entry.js ░░░░░░░░░░░░░░░░  0.0% (0/1)
[2026-06-14T19:40:51.141Z] [1] Web node_modules/expo-router/entry.js ░░░░░░░░░░░░░░░░  0.0% (0/1)
[2026-06-14T19:40:51.141Z] [1] Web node_modules/expo-router/entry.js ░░░░░░░░░░░░░░░░  0.0% (0/1)
[2026-06-14T19:40:51.141Z] [1] Web node_modules/expo-router/entry.js ░░░░░░░░░░░░░░░░  0.0% (0/1)
[2026-06-14T19:40:51.144Z] [1] Web Bundled 2854ms node_modules/expo-router/entry.js (1 module)
[2026-06-14T19:40:51.214Z] [1] Error: Premature close
[2026-06-14T19:40:51.217Z] [1]     at onclose (node:internal/streams/end-of-stream:158:30)
[2026-06-14T19:40:51.217Z] [1]     at processTicksAndRejections (node:internal/process/task_queues:85:11)
[2026-06-14T19:40:51.259Z] [1] Web Bundled 2324ms node_modules/expo-router/entry.js (1 module)
[2026-06-14T19:40:51.664Z] [1] Error: Premature close
[2026-06-14T19:40:51.676Z] [1]     at onclose (node:internal/streams/end-of-stream:158:30)
[2026-06-14T19:40:51.676Z] [1]     at processTicksAndRejections (node:internal/process/task_queues:85:11)
[2026-06-14T19:40:51.975Z] [1] Web Bundled 1561ms node_modules/expo-router/entry.js (1 module)
[2026-06-14T19:40:51.999Z] [1] Web Bundled 1677ms node_modules/expo-router/entry.js (1 module)
[2026-06-14T19:40:52.176Z] [1] Error: Premature close
[2026-06-14T19:40:52.183Z] [1]     at onclose (node:internal/streams/end-of-stream:158:30)
[2026-06-14T19:40:52.184Z] [1]     at processTicksAndRejections (node:internal/process/task_queues:85:11)
[2026-06-14T19:40:52.186Z] [1] Error: Premature close
[2026-06-14T19:40:52.186Z] [1]     at ServerResponse.onclose (node:internal/streams/end-of-stream:158:30)
[2026-06-14T19:40:52.186Z] [1]     at ServerResponse.emit (node:events:536:35)
[2026-06-14T19:40:52.186Z] [1]     at emitCloseNT (node:_http_server:1033:10)
[2026-06-14T19:40:52.186Z] [1]     at Socket.onServerResponseClose (node:_http_server:284:5)
[2026-06-14T19:40:52.186Z] [1]     at Socket.emit (node:events:536:35)
[2026-06-14T19:40:52.186Z] [1]     at TCP.<anonymous> (node:net:351:12)
[2026-06-14T19:40:52.186Z] [1]     at TCP.callbackTrampoline (node:internal/async_hooks:130:17)
[2026-06-14T19:40:52.187Z] [1]
[2026-06-14T19:40:52.187Z] EXPO_USE_METRO_WORKSPACE_ROOT is enabled by default, use EXPO_NO_METRO_WORKSPACE_ROOT instead to disable.
[2026-06-14T19:40:52.192Z] [1]
[2026-06-14T19:40:52.192Z] EXPO_USE_METRO_WORKSPACE_ROOT is enabled by default, use EXPO_NO_METRO_WORKSPACE_ROOT instead to disable.
[2026-06-14T19:40:52.399Z] [1] λ Bundled 63ms node_modules/expo-router/node/render.js (1 module)
[2026-06-14T19:40:53.538Z] [1] λ  LOG  { colorScheme: 'light', setColorScheme: [Function (anonymous)] } {
[2026-06-14T19:40:53.541Z] [1]   '--color-primary': '#001A3D',
[2026-06-14T19:40:53.541Z] [1]   '--color-background': '#F8F9FA',
[2026-06-14T19:40:53.541Z] [1]   '--color-surface': '#FFFFFF',
[2026-06-14T19:40:53.541Z] [1]   '--color-foreground': '#0A0F1A',
[2026-06-14T19:40:53.541Z] [1]   '--color-muted': '#6B7280',
[2026-06-14T19:40:53.541Z] [1]   '--color-border': '#E5E7EB',
[2026-06-14T19:40:53.541Z] [1]   '--color-success': '#22C55E',
[2026-06-14T19:40:53.541Z] [1]   '--color-warning': '#F59E0B',
[2026-06-14T19:40:53.541Z] [1]   '--color-error': '#EF4444'
[2026-06-14T19:40:53.541Z] [1] }
[2026-06-14T19:40:53.595Z] [1] λ  WARN  props.pointerEvents is deprecated. Use style.pointerEvents
[2026-06-14T19:40:53.613Z] [1] Web node_modules/expo-router/entry.js ░░░░░░░░░░░░░░░░  0.0% (0/1)
[2026-06-14T19:40:53.614Z] [1] Web node_modules/expo-router/entry.js ░░░░░░░░░░░░░░░░  0.0% (0/1)
[2026-06-14T19:40:53.620Z] [1] Web Bundled 1424ms node_modules/expo-router/entry.js (1 module)
[2026-06-14T19:40:54.607Z] [1] Web Bundled 4048ms node_modules/expo-router/entry.js (1382 modules)
[2026-06-14T19:40:54.661Z] [1] Web Bundled 520ms node_modules/expo-router/entry.js (1 module)
[2026-06-14T19:40:55.245Z] [1]  LOG  [web] Logs will appear in the browser console
[2026-06-14T19:40:58.580Z] [1]  LOG  [web] Logs will appear in the browser console
[2026-06-14T19:41:35.410Z] [1]
[2026-06-14T19:41:35.410Z] EXPO_USE_METRO_WORKSPACE_ROOT is enabled by default, use EXPO_NO_METRO_WORKSPACE_ROOT instead to disable.
[2026-06-14T19:41:35.416Z] [1] EXPO_USE_METRO_WORKSPACE_ROOT is enabled by default, use EXPO_NO_METRO_WORKSPACE_ROOT instead to disable.
[2026-06-14T19:41:35.418Z] [1] Web node_modules/expo-router/entry.js ░░░░░░░░░░░░░░░░  0.0% (0/1)
[2026-06-14T19:41:35.491Z] [1] λ Bundled 72ms node_modules/expo-router/node/render.js (1 module)
[2026-06-14T19:41:35.993Z] [1]
[2026-06-14T19:41:35.993Z] λ  LOG  { colorScheme: 'light', setColorScheme: [Function (anonymous)] } {
[2026-06-14T19:41:35.993Z] [1]   '--color-primary': '#001A3D',
[2026-06-14T19:41:35.993Z] [1]   '--color-background': '#F8F9FA',
[2026-06-14T19:41:35.993Z] [1]   '--color-surface': '#FFFFFF',
[2026-06-14T19:41:35.993Z] [1]   '--color-foreground': '#0A0F1A',
[2026-06-14T19:41:35.993Z] [1]   '--color-muted': '#6B7280',
[2026-06-14T19:41:35.993Z] [1]   '--color-border': '#E5E7EB',
[2026-06-14T19:41:35.993Z] [1]   '--color-success': '#22C55E',
[2026-06-14T19:41:35.993Z] [1]   '--color-warning': '#F59E0B',
[2026-06-14T19:41:35.993Z] [1]   '--color-error': '#EF4444'
[2026-06-14T19:41:35.993Z] [1] }
[2026-06-14T19:41:36.074Z] [1] λ  WARN  props.pointerEvents is deprecated. Use style.pointerEvents
[2026-06-14T19:41:36.115Z] [1] Web node_modules/expo-router/entry.js ░░░░░░░░░░░░░░░░  0.0% (0/1)
[2026-06-14T19:41:36.137Z] [1] Web Bundled 719ms node_modules/expo-router/entry.js (1 module)
[2026-06-14T19:41:36.271Z] [1] Web Bundled 54ms node_modules/expo-router/entry.js (1 module)
[2026-06-14T19:41:36.913Z] [1]
[2026-06-14T19:41:36.913Z] LOG  [web] Logs will appear in the browser console
[2026-06-14T19:41:45.666Z] [1]
[2026-06-14T19:41:45.666Z] EXPO_USE_METRO_WORKSPACE_ROOT is enabled by default, use EXPO_NO_METRO_WORKSPACE_ROOT instead to disable.
[2026-06-14T19:41:45.667Z] [1] EXPO_USE_METRO_WORKSPACE_ROOT is enabled by default, use EXPO_NO_METRO_WORKSPACE_ROOT instead to disable.
[2026-06-14T19:41:45.669Z] [1]
[2026-06-14T19:41:45.669Z] Web node_modules/expo-router/entry.js ░░░░░░░░░░░░░░░░  0.0% (0/1)
[2026-06-14T19:41:45.842Z] [1] λ Bundled 48ms node_modules/expo-router/node/render.js (1 module)
[2026-06-14T19:41:46.019Z] [1]
[2026-06-14T19:41:46.019Z] λ  LOG  { colorScheme: 'light', setColorScheme: [Function (anonymous)] } {
[2026-06-14T19:41:46.019Z] [1]   '--color-primary': '#001A3D',
[2026-06-14T19:41:46.019Z] [1]   '--color-background': '#F8F9FA',
[2026-06-14T19:41:46.019Z] [1]   '--color-surface': '#FFFFFF',
[2026-06-14T19:41:46.019Z] [1]   '--color-foreground': '#0A0F1A',
[2026-06-14T19:41:46.019Z] [1]   '--color-muted': '#6B7280',
[2026-06-14T19:41:46.019Z] [1]   '--color-border': '#E5E7EB',
[2026-06-14T19:41:46.019Z] [1]   '--color-success': '#22C55E',
[2026-06-14T19:41:46.019Z] [1]   '--color-warning': '#F59E0B',
[2026-06-14T19:41:46.019Z] [1]   '--color-error': '#EF4444'
[2026-06-14T19:41:46.019Z] [1] }
[2026-06-14T19:41:46.058Z] [1] λ  WARN  props.pointerEvents is deprecated. Use style.pointerEvents
[2026-06-14T19:41:46.072Z] [1] Web node_modules/expo-router/entry.js ░░░░░░░░░░░░░░░░  0.0% (0/1)
[2026-06-14T19:41:46.084Z] [1] EXPO_USE_METRO_WORKSPACE_ROOT is enabled by default, use EXPO_NO_METRO_WORKSPACE_ROOT instead to disable.
[2026-06-14T19:41:46.085Z] [1] EXPO_USE_METRO_WORKSPACE_ROOT is enabled by default, use EXPO_NO_METRO_WORKSPACE_ROOT instead to disable.
[2026-06-14T19:41:46.259Z] [1] λ Bundled 43ms node_modules/expo-router/node/render.js (1 module)
[2026-06-14T19:41:46.271Z] [1] EXPO_USE_METRO_WORKSPACE_ROOT is enabled by default, use EXPO_NO_METRO_WORKSPACE_ROOT instead to disable.
[2026-06-14T19:41:46.273Z] [1] EXPO_USE_METRO_WORKSPACE_ROOT is enabled by default, use EXPO_NO_METRO_WORKSPACE_ROOT instead to disable.
[2026-06-14T19:41:46.511Z] [1] λ Bundled 55ms node_modules/expo-router/node/render.js (1 module)
[2026-06-14T19:41:46.652Z] [1] λ  LOG  { colorScheme: 'light', setColorScheme: [Function (anonymous)] } {
[2026-06-14T19:41:46.652Z] [1]   '--color-primary': '#001A3D',
[2026-06-14T19:41:46.652Z] [1]   '--color-background': '#F8F9FA',
[2026-06-14T19:41:46.652Z] [1]   '--color-surface': '#FFFFFF',
[2026-06-14T19:41:46.652Z] [1]   '--color-foreground': '#0A0F1A',
[2026-06-14T19:41:46.652Z] [1]   '--color-muted': '#6B7280',
[2026-06-14T19:41:46.652Z] [1]   '--color-border': '#E5E7EB',
[2026-06-14T19:41:46.652Z] [1]   '--color-success': '#22C55E',
[2026-06-14T19:41:46.652Z] [1]   '--color-warning': '#F59E0B',
[2026-06-14T19:41:46.652Z] [1]   '--color-error': '#EF4444'
[2026-06-14T19:41:46.652Z] [1] }
[2026-06-14T19:41:46.673Z] [1] "shadow*" style props are deprecated. Use "boxShadow".
[2026-06-14T19:41:46.699Z] [1] λ  WARN  props.pointerEvents is deprecated. Use style.pointerEvents
[2026-06-14T19:41:46.715Z] [1]
[2026-06-14T19:41:46.715Z] Web node_modules/expo-router/entry.js ░░░░░░░░░░░░░░░░  0.0% (0/1)
[2026-06-14T19:41:46.715Z] [1] Web node_modules/expo-router/entry.js ░░░░░░░░░░░░░░░░  0.0% (0/1)
[2026-06-14T19:41:46.715Z] [1] Web node_modules/expo-router/entry.js ░░░░░░░░░░░░░░░░  0.0% (0/1)
[2026-06-14T19:41:46.925Z] [1] λ  LOG  { colorScheme: 'light', setColorScheme: [Function (anonymous)] } {
[2026-06-14T19:41:46.926Z] [1]   '--color-primary': '#001A3D',
[2026-06-14T19:41:46.926Z] [1]   '--color-background': '#F8F9FA',
[2026-06-14T19:41:46.926Z] [1]   '--color-surface': '#FFFFFF',
[2026-06-14T19:41:46.926Z] [1]   '--color-foreground': '#0A0F1A',
[2026-06-14T19:41:46.926Z] [1]   '--color-muted': '#6B7280',
[2026-06-14T19:41:46.926Z] [1]   '--color-border': '#E5E7EB',
[2026-06-14T19:41:46.926Z] [1]   '--color-success': '#22C55E',
[2026-06-14T19:41:46.926Z] [1]   '--color-warning': '#F59E0B',
[2026-06-14T19:41:46.926Z] [1]   '--color-error': '#EF4444'
[2026-06-14T19:41:46.926Z] [1] }
[2026-06-14T19:41:46.972Z] [1] λ  WARN  props.pointerEvents is deprecated. Use style.pointerEvents
[2026-06-14T19:41:46.993Z] [1] Web node_modules/expo-router/entry.js ░░░░░░░░░░░░░░░░  0.0% (0/1)
[2026-06-14T19:41:46.993Z] [1] Web node_modules/expo-router/entry.js ░░░░░░░░░░░░░░░░  0.0% (0/1)
[2026-06-14T19:41:46.993Z] [1] Web node_modules/expo-router/entry.js ░░░░░░░░░░░░░░░░  0.0% (0/1)
[2026-06-14T19:41:47.042Z] [1] Web Bundled 1372ms node_modules/expo-router/entry.js (1 module)
[2026-06-14T19:41:47.110Z] [1] Web Bundled 986ms node_modules/expo-router/entry.js (1 module)
[2026-06-14T19:41:47.114Z] [1] Web Bundled 838ms node_modules/expo-router/entry.js (1 module)
[2026-06-14T19:41:47.220Z] [1] Web Bundled 59ms node_modules/expo-router/entry.js (1 module)
[2026-06-14T19:41:47.451Z] [1] Web Bundled 52ms node_modules/expo-router/entry.js (1 module)
[2026-06-14T19:41:47.672Z] [1] Web Bundled 57ms node_modules/expo-router/entry.js (1 module)
[2026-06-14T19:41:47.861Z] [1]
[2026-06-14T19:41:47.861Z] LOG  [web] Logs will appear in the browser console
[2026-06-14T19:41:48.141Z] [1]  LOG  [web] Logs will appear in the browser console
[2026-06-14T19:41:48.346Z] [1]
[2026-06-14T19:41:48.346Z] LOG  [web] Logs will appear in the browser console
[2026-06-14T19:41:56.204Z] [1]
[2026-06-14T19:41:56.204Z] EXPO_USE_METRO_WORKSPACE_ROOT is enabled by default, use EXPO_NO_METRO_WORKSPACE_ROOT instead to disable.
[2026-06-14T19:41:56.207Z] [1] EXPO_USE_METRO_WORKSPACE_ROOT is enabled by default, use EXPO_NO_METRO_WORKSPACE_ROOT instead to disable.
[2026-06-14T19:41:56.209Z] [1]
[2026-06-14T19:41:56.209Z] Web node_modules/expo-router/entry.js ░░░░░░░░░░░░░░░░  0.0% (0/1)
[2026-06-14T19:41:56.385Z] [1] λ Bundled 49ms node_modules/expo-router/node/render.js (1 module)
[2026-06-14T19:41:56.535Z] [1] λ  LOG  { colorScheme: 'light', setColorScheme: [Function (anonymous)] } {
[2026-06-14T19:41:56.535Z] [1]   '--color-primary': '#001A3D',
[2026-06-14T19:41:56.535Z] [1]   '--color-background': '#F8F9FA',
[2026-06-14T19:41:56.535Z] [1]   '--color-surface': '#FFFFFF',
[2026-06-14T19:41:56.535Z] [1]   '--color-foreground': '#0A0F1A',
[2026-06-14T19:41:56.535Z] [1]   '--color-muted': '#6B7280',
[2026-06-14T19:41:56.535Z] [1]   '--color-border': '#E5E7EB',
[2026-06-14T19:41:56.535Z] [1]   '--color-success': '#22C55E',
[2026-06-14T19:41:56.535Z] [1]   '--color-warning': '#F59E0B',
[2026-06-14T19:41:56.535Z] [1]   '--color-error': '#EF4444'
[2026-06-14T19:41:56.535Z] [1] }
[2026-06-14T19:41:56.603Z] [1] λ  WARN  props.pointerEvents is deprecated. Use style.pointerEvents
[2026-06-14T19:41:56.645Z] [1] Web node_modules/expo-router/entry.js ░░░░░░░░░░░░░░░░  0.0% (0/1)
[2026-06-14T19:41:56.649Z] [1] EXPO_USE_METRO_WORKSPACE_ROOT is enabled by default, use EXPO_NO_METRO_WORKSPACE_ROOT instead to disable.
[2026-06-14T19:41:56.651Z] [1] EXPO_USE_METRO_WORKSPACE_ROOT is enabled by default, use EXPO_NO_METRO_WORKSPACE_ROOT instead to disable.
[2026-06-14T19:41:56.816Z] [1] λ Bundled 38ms node_modules/expo-router/node/render.js (1 module)
[2026-06-14T19:41:56.824Z] [1] EXPO_USE_METRO_WORKSPACE_ROOT is enabled by default, use EXPO_NO_METRO_WORKSPACE_ROOT instead to disable.
[2026-06-14T19:41:56.825Z] [1] EXPO_USE_METRO_WORKSPACE_ROOT is enabled by default, use EXPO_NO_METRO_WORKSPACE_ROOT instead to disable.
[2026-06-14T19:41:57.069Z] [1] λ Bundled 51ms node_modules/expo-router/node/render.js (1 module)
[2026-06-14T19:41:57.204Z] [1] λ  LOG  { colorScheme: 'light', setColorScheme: [Function (anonymous)] } {
[2026-06-14T19:41:57.204Z] [1]   '--color-primary': '#001A3D',
[2026-06-14T19:41:57.204Z] [1]   '--color-background': '#F8F9FA',
[2026-06-14T19:41:57.204Z] [1]   '--color-surface': '#FFFFFF',
[2026-06-14T19:41:57.204Z] [1]   '--color-foreground': '#0A0F1A',
[2026-06-14T19:41:57.204Z] [1]   '--color-muted': '#6B7280',
[2026-06-14T19:41:57.204Z] [1]   '--color-border': '#E5E7EB',
[2026-06-14T19:41:57.204Z] [1]   '--color-success': '#22C55E',
[2026-06-14T19:41:57.204Z] [1]   '--color-warning': '#F59E0B',
[2026-06-14T19:41:57.204Z] [1]   '--color-error': '#EF4444'
[2026-06-14T19:41:57.204Z] [1] }
[2026-06-14T19:41:57.254Z] [1] λ  WARN  props.pointerEvents is deprecated. Use style.pointerEvents
[2026-06-14T19:41:57.271Z] [1] Web node_modules/expo-router/entry.js ░░░░░░░░░░░░░░░░  0.0% (0/1)
[2026-06-14T19:41:57.271Z] [1] Web node_modules/expo-router/entry.js ░░░░░░░░░░░░░░░░  0.0% (0/1)
[2026-06-14T19:41:57.271Z] [1] Web node_modules/expo-router/entry.js ░░░░░░░░░░░░░░░░  0.0% (0/1)
[2026-06-14T19:41:57.430Z] [1] λ  LOG  { colorScheme: 'light', setColorScheme: [Function (anonymous)] } {
[2026-06-14T19:41:57.430Z] [1]   '--color-primary': '#001A3D',
[2026-06-14T19:41:57.430Z] [1]   '--color-background': '#F8F9FA',
[2026-06-14T19:41:57.430Z] [1]   '--color-surface': '#FFFFFF',
[2026-06-14T19:41:57.430Z] [1]   '--color-foreground': '#0A0F1A',
[2026-06-14T19:41:57.430Z] [1]   '--color-muted': '#6B7280',
[2026-06-14T19:41:57.430Z] [1]   '--color-border': '#E5E7EB',
[2026-06-14T19:41:57.430Z] [1]   '--color-success': '#22C55E',
[2026-06-14T19:41:57.430Z] [1]   '--color-warning': '#F59E0B',
[2026-06-14T19:41:57.430Z] [1]   '--color-error': '#EF4444'
[2026-06-14T19:41:57.430Z] [1] }
[2026-06-14T19:41:57.482Z] [1] λ  WARN  props.pointerEvents is deprecated. Use style.pointerEvents
[2026-06-14T19:41:57.533Z] [1] Web node_modules/expo-router/entry.js ░░░░░░░░░░░░░░░░  0.0% (0/1)
[2026-06-14T19:41:57.533Z] [1] Web node_modules/expo-router/entry.js ░░░░░░░░░░░░░░░░  0.0% (0/1)
[2026-06-14T19:41:57.533Z] [1] Web node_modules/expo-router/entry.js ░░░░░░░░░░░░░░░░  0.0% (0/1)
[2026-06-14T19:41:57.576Z] [1] Web Bundled 1367ms node_modules/expo-router/entry.js (1 module)
[2026-06-14T19:41:57.640Z] [1] Web Bundled 954ms node_modules/expo-router/entry.js (1 module)
[2026-06-14T19:41:57.641Z] [1] Web Bundled 815ms node_modules/expo-router/entry.js (1 module)
[2026-06-14T19:41:57.723Z] [1] Web Bundled 50ms node_modules/expo-router/entry.js (1 module)
[2026-06-14T19:41:57.943Z] [1] Web Bundled 58ms node_modules/expo-router/entry.js (1 module)
[2026-06-14T19:41:58.187Z] [1] Web Bundled 58ms node_modules/expo-router/entry.js (1 module)
[2026-06-14T19:41:58.653Z] [1]  LOG  [web] Logs will appear in the browser console
[2026-06-14T19:41:58.686Z] [1]  LOG  [web] Logs will appear in the browser console
[2026-06-14T19:41:58.750Z] [1]  LOG  [web] Logs will appear in the browser console
[2026-06-14T19:42:45.478Z] [1] EXPO_USE_METRO_WORKSPACE_ROOT is enabled by default, use EXPO_NO_METRO_WORKSPACE_ROOT instead to disable.
[2026-06-14T19:42:45.479Z] [1] EXPO_USE_METRO_WORKSPACE_ROOT is enabled by default, use EXPO_NO_METRO_WORKSPACE_ROOT instead to disable.
[2026-06-14T19:42:45.481Z] [1] Web node_modules/expo-router/entry.js ░░░░░░░░░░░░░░░░  0.0% (0/1)
[2026-06-14T19:42:45.694Z] [1]
[2026-06-14T19:42:45.694Z] λ Bundled 72ms node_modules/expo-router/node/render.js (1 module)
[2026-06-14T19:42:45.884Z] [1] λ  LOG  { colorScheme: 'light', setColorScheme: [Function (anonymous)] } {
[2026-06-14T19:42:45.884Z] [1]   '--color-primary': '#001A3D',
[2026-06-14T19:42:45.884Z] [1]   '--color-background': '#F8F9FA',
[2026-06-14T19:42:45.884Z] [1]   '--color-surface': '#FFFFFF',
[2026-06-14T19:42:45.884Z] [1]   '--color-foreground': '#0A0F1A',
[2026-06-14T19:42:45.884Z] [1]   '--color-muted': '#6B7280',
[2026-06-14T19:42:45.884Z] [1]   '--color-border': '#E5E7EB',
[2026-06-14T19:42:45.884Z] [1]   '--color-success': '#22C55E',
[2026-06-14T19:42:45.884Z] [1]   '--color-warning': '#F59E0B',
[2026-06-14T19:42:45.884Z] [1]   '--color-error': '#EF4444'
[2026-06-14T19:42:45.885Z] [1] }
[2026-06-14T19:42:45.952Z] [1] λ  WARN  props.pointerEvents is deprecated. Use style.pointerEvents
[2026-06-14T19:42:45.979Z] [1] Web node_modules/expo-router/entry.js ░░░░░░░░░░░░░░░░  0.0% (0/1)
[2026-06-14T19:42:46.011Z] [1] Web Bundled 530ms node_modules/expo-router/entry.js (1 module)
[2026-06-14T19:42:46.381Z] [1] Web Bundled 57ms node_modules/expo-router/entry.js (1 module)
[2026-06-14T19:42:49.347Z] ELIFECYCLE  Command failed.
[2026-06-14T19:42:49.355Z] [1]  ELIFECYCLE  Command failed.
[2026-06-14T19:42:49.355Z] [0]  ELIFECYCLE  Command failed.
[2026-06-14T19:42:49.390Z] [0] 7:42:49 PM [tsx] Previous process hasn't exited yet. Force killing...
[2026-06-14T19:42:49.401Z] [0] pnpm dev:server exited with code SIGTERM
[2026-06-14T19:42:49.401Z] --> Sending SIGTERM to other processes..
[2026-06-14T19:42:49.973Z] [1]
[2026-06-14T19:42:49.973Z] LOG  [web] Logs will appear in the browser console
[2026-06-14T19:42:50.052Z] [1] pnpm dev:metro exited with code SIGTERM
[2026-06-14T19:42:50.877Z] Lockfile is up to date, resolution step is skipped
[2026-06-14T19:42:51.298Z] Progress: resolved 0, reused 1, downloaded 0, added 0
[2026-06-14T19:42:51.370Z] Dev server exited with code -1
[2026-06-14T19:42:52.405Z] Starting dev server with command: pnpm run dev
[2026-06-14T19:42:53.721Z] > app-template@1.0.0 dev /home/ubuntu/aldwych-mobile-app
[2026-06-14T19:42:53.721Z] > concurrently -k "pnpm dev:server" "pnpm dev:metro"
[2026-06-14T19:42:54.533Z] [0]
[2026-06-14T19:42:54.533Z] [0] > app-template@1.0.0 dev:server /home/ubuntu/aldwych-mobile-app
[2026-06-14T19:42:54.533Z] [0] > cross-env NODE_ENV=development tsx watch server/_core/index.ts
[2026-06-14T19:42:54.533Z] [0]
[2026-06-14T19:42:54.541Z] [1]
[2026-06-14T19:42:54.541Z] [1] > app-template@1.0.0 dev:metro /home/ubuntu/aldwych-mobile-app
[2026-06-14T19:42:54.541Z] [1] > cross-env EXPO_USE_METRO_WORKSPACE_ROOT=1 npx expo start --web --port ${EXPO_PORT:-8081}
[2026-06-14T19:42:54.541Z] [1]
[2026-06-14T19:42:55.553Z] [1]
[2026-06-14T19:42:55.553Z] Starting project at /home/ubuntu/aldwych-mobile-app
[2026-06-14T19:42:56.172Z] [1]
[2026-06-14T19:42:56.172Z] EXPO_USE_METRO_WORKSPACE_ROOT is enabled by default, use EXPO_NO_METRO_WORKSPACE_ROOT instead to disable.
[2026-06-14T19:42:56.725Z] [1] EXPO_USE_METRO_WORKSPACE_ROOT is enabled by default, use EXPO_NO_METRO_WORKSPACE_ROOT instead to disable.
[2026-06-14T19:42:56.726Z] [1] EXPO_USE_METRO_WORKSPACE_ROOT is enabled by default, use EXPO_NO_METRO_WORKSPACE_ROOT instead to disable.
[2026-06-14T19:42:56.728Z] [1] EXPO_USE_METRO_WORKSPACE_ROOT is enabled by default, use EXPO_NO_METRO_WORKSPACE_ROOT instead to disable.
[2026-06-14T19:42:57.140Z] [1] React Compiler enabled
[2026-06-14T19:42:57.360Z] [1] Starting Metro Bundler
[2026-06-14T19:42:57.410Z] [1] EXPO_USE_METRO_WORKSPACE_ROOT is enabled by default, use EXPO_NO_METRO_WORKSPACE_ROOT instead to disable.
[2026-06-14T19:42:58.906Z] [0] [OAuth] Initialized with baseURL: https://api.manus.im
[2026-06-14T19:42:59.072Z] [0] [api] server listening on port 3000
[2026-06-14T19:43:05.443Z] [1] The following packages should be updated for best compatibility with the installed expo version:
[2026-06-14T19:43:05.443Z] [1]
[2026-06-14T19:43:05.443Z] expo@54.0.29 - expected version: ~54.0.35
[2026-06-14T19:43:05.444Z] [1]   expo-audio@1.1.0 - expected version: ~1.1.1
[2026-06-14T19:43:05.444Z] [1]
[2026-06-14T19:43:05.444Z] expo-constants@18.0.12 - expected version: ~18.0.13
[2026-06-14T19:43:05.444Z] [1]   expo-font@14.0.10 - expected version: ~14.0.12
[2026-06-14T19:43:05.444Z] [1]
[2026-06-14T19:43:05.444Z] expo-linking@8.0.10 - expected version: ~8.0.12
[2026-06-14T19:43:05.444Z] [1]   expo-notifications@0.32.15 - expected version: ~0.32.17
[2026-06-14T19:43:05.444Z] [1]
[2026-06-14T19:43:05.444Z] expo-router@6.0.19 - expected version: ~6.0.24
[2026-06-14T19:43:05.444Z] [1]   expo-splash-screen@31.0.12 - expected version: ~31.0.13
[2026-06-14T19:43:05.444Z] [1]   expo-video@3.0.15 - expected version: ~3.0.16
[2026-06-14T19:43:05.444Z] [1]   expo-web-browser@15.0.10 - expected version: ~15.0.11
[2026-06-14T19:43:05.444Z] [1] Your project may not work correctly until you install the expected versions of the packages.
[2026-06-14T19:43:05.453Z] [1] Waiting on http://localhost:8081
[2026-06-14T19:43:05.453Z] [1]
[2026-06-14T19:43:05.453Z] Logs for your project will appear below.
[2026-06-14T19:43:05.712Z] [1] EXPO_USE_METRO_WORKSPACE_ROOT is enabled by default, use EXPO_NO_METRO_WORKSPACE_ROOT instead to disable.
[2026-06-14T19:43:05.715Z] [1] EXPO_USE_METRO_WORKSPACE_ROOT is enabled by default, use EXPO_NO_METRO_WORKSPACE_ROOT instead to disable.
[2026-06-14T19:43:07.135Z] [1] EXPO_USE_METRO_WORKSPACE_ROOT is enabled by default, use EXPO_NO_METRO_WORKSPACE_ROOT instead to disable.
[2026-06-14T19:43:07.163Z] [1] EXPO_USE_METRO_WORKSPACE_ROOT is enabled by default, use EXPO_NO_METRO_WORKSPACE_ROOT instead to disable.
[2026-06-14T19:43:08.732Z] [1] λ Bundled 3004ms node_modules/expo-router/node/render.js (1320 modules)
[2026-06-14T19:43:10.787Z] [1] λ  LOG  { colorScheme: 'light', setColorScheme: [Function (anonymous)] } {
[2026-06-14T19:43:10.788Z] [1]   '--color-primary': '#001A3D',
[2026-06-14T19:43:10.788Z] [1]   '--color-background': '#F8F9FA',
[2026-06-14T19:43:10.788Z] [1]   '--color-surface': '#FFFFFF',
[2026-06-14T19:43:10.788Z] [1]   '--color-foreground': '#0A0F1A',
[2026-06-14T19:43:10.788Z] [1]   '--color-muted': '#6B7280',
[2026-06-14T19:43:10.788Z] [1]   '--color-border': '#E5E7EB',
[2026-06-14T19:43:10.788Z] [1]   '--color-success': '#22C55E',
[2026-06-14T19:43:10.788Z] [1]   '--color-warning': '#F59E0B',
[2026-06-14T19:43:10.788Z] [1]   '--color-error': '#EF4444'
[2026-06-14T19:43:10.788Z] [1] }
[2026-06-14T19:43:10.897Z] [1] λ  WARN  props.pointerEvents is deprecated. Use style.pointerEvents
[2026-06-14T19:43:10.920Z] [1] Web node_modules/expo-router/entry.js ▓▓▓▓▓▓▓▓▓▓▓▓▓▓▓░ 93.9% (1305/1347)
[2026-06-14T19:43:10.920Z] [1] Web node_modules/expo-router/entry.js ░░░░░░░░░░░░░░░░  0.0% (0/1)
[2026-06-14T19:43:10.920Z] [1] λ node_modules/expo-router/node/render.js ░░░░░░░░░░░░░░░░  0.0% (0/1)
[2026-06-14T19:43:10.961Z] [1] λ Bundled 3795ms node_modules/expo-router/node/render.js (1 module)
[2026-06-14T19:43:11.273Z] [1] λ  LOG  { colorScheme: 'light', setColorScheme: [Function (anonymous)] } {
[2026-06-14T19:43:11.273Z] [1]   '--color-primary': '#001A3D',
[2026-06-14T19:43:11.273Z] [1]   '--color-background': '#F8F9FA',
[2026-06-14T19:43:11.273Z] [1]   '--color-surface': '#FFFFFF',
[2026-06-14T19:43:11.273Z] [1]   '--color-foreground': '#0A0F1A',
[2026-06-14T19:43:11.273Z] [1]   '--color-muted': '#6B7280',
[2026-06-14T19:43:11.273Z] [1]   '--color-border': '#E5E7EB',
[2026-06-14T19:43:11.273Z] [1]   '--color-success': '#22C55E',
[2026-06-14T19:43:11.273Z] [1]   '--color-warning': '#F59E0B',
[2026-06-14T19:43:11.273Z] [1]   '--color-error': '#EF4444'
[2026-06-14T19:43:11.273Z] [1] }
[2026-06-14T19:43:11.345Z] [1] λ  WARN  props.pointerEvents is deprecated. Use style.pointerEvents
[2026-06-14T19:43:11.364Z] [1] Web node_modules/expo-router/entry.js ▓▓▓▓▓▓▓▓▓▓▓▓▓▓▓░ 94.9% (1325/1360)
[2026-06-14T19:43:11.364Z] [1] Web node_modules/expo-router/entry.js ░░░░░░░░░░░░░░░░  0.0% (0/1)
[2026-06-14T19:43:11.568Z] [1] Web Bundled 5841ms node_modules/expo-router/entry.js (1 module)
[2026-06-14T19:43:11.658Z] [1] Web Bundled 4492ms node_modules/expo-router/entry.js (1 module)
[2026-06-14T19:43:12.353Z] [1] EXPO_USE_METRO_WORKSPACE_ROOT is enabled by default, use EXPO_NO_METRO_WORKSPACE_ROOT instead to disable.
[2026-06-14T19:43:12.356Z] [1] EXPO_USE_METRO_WORKSPACE_ROOT is enabled by default, use EXPO_NO_METRO_WORKSPACE_ROOT instead to disable.
[2026-06-14T19:43:12.546Z] [1] λ Bundled 47ms node_modules/expo-router/node/render.js (1 module)
[2026-06-14T19:43:12.715Z] [1] λ  LOG  { colorScheme: 'light', setColorScheme: [Function (anonymous)] } {
[2026-06-14T19:43:12.715Z] [1]   '--color-primary': '#001A3D',
[2026-06-14T19:43:12.715Z] [1]   '--color-background': '#F8F9FA',
[2026-06-14T19:43:12.715Z] [1]   '--color-surface': '#FFFFFF',
[2026-06-14T19:43:12.715Z] [1]   '--color-foreground': '#0A0F1A',
[2026-06-14T19:43:12.715Z] [1]   '--color-muted': '#6B7280',
[2026-06-14T19:43:12.715Z] [1]   '--color-border': '#E5E7EB',
[2026-06-14T19:43:12.715Z] [1]   '--color-success': '#22C55E',
[2026-06-14T19:43:12.715Z] [1]   '--color-warning': '#F59E0B',
[2026-06-14T19:43:12.715Z] [1]   '--color-error': '#EF4444'
[2026-06-14T19:43:12.715Z] [1] }
[2026-06-14T19:43:12.786Z] [1] λ  WARN  props.pointerEvents is deprecated. Use style.pointerEvents
[2026-06-14T19:43:12.811Z] [1] Web node_modules/expo-router/entry.js ░░░░░░░░░░░░░░░░  0.0% (0/1)
[2026-06-14T19:43:12.811Z] [1] Web node_modules/expo-router/entry.js ░░░░░░░░░░░░░░░░  0.0% (0/1)
[2026-06-14T19:43:12.831Z] [1] Web Bundled 473ms node_modules/expo-router/entry.js (1 module)
[2026-06-14T19:43:13.187Z] [1] EXPO_USE_METRO_WORKSPACE_ROOT is enabled by default, use EXPO_NO_METRO_WORKSPACE_ROOT instead to disable.
[2026-06-14T19:43:13.189Z] [1] EXPO_USE_METRO_WORKSPACE_ROOT is enabled by default, use EXPO_NO_METRO_WORKSPACE_ROOT instead to disable.
[2026-06-14T19:43:13.385Z] [1] λ Bundled 194ms node_modules/expo-router/node/render.js (1 module)
[2026-06-14T19:43:13.673Z] [1] λ  LOG  { colorScheme: 'light', setColorScheme: [Function (anonymous)] } {
[2026-06-14T19:43:13.673Z] [1]   '--color-primary': '#001A3D',
[2026-06-14T19:43:13.673Z] [1]   '--color-background': '#F8F9FA',
[2026-06-14T19:43:13.673Z] [1]   '--color-surface': '#FFFFFF',
[2026-06-14T19:43:13.673Z] [1]   '--color-foreground': '#0A0F1A',
[2026-06-14T19:43:13.673Z] [1]   '--color-muted': '#6B7280',
[2026-06-14T19:43:13.673Z] [1]   '--color-border': '#E5E7EB',
[2026-06-14T19:43:13.673Z] [1]   '--color-success': '#22C55E',
[2026-06-14T19:43:13.673Z] [1]   '--color-warning': '#F59E0B',
[2026-06-14T19:43:13.673Z] [1]   '--color-error': '#EF4444'
[2026-06-14T19:43:13.673Z] [1] }
[2026-06-14T19:43:13.732Z] [1] λ  WARN  props.pointerEvents is deprecated. Use style.pointerEvents
[2026-06-14T19:43:13.751Z] [1] Web node_modules/expo-router/entry.js ▓▓▓▓▓▓▓▓░░░░░░░░ 51.2% (658/920)
[2026-06-14T19:43:13.751Z] [1] Web node_modules/expo-router/entry.js ░░░░░░░░░░░░░░░░  0.0% (0/1)
[2026-06-14T19:43:13.751Z] [1] Web node_modules/expo-router/entry.js ░░░░░░░░░░░░░░░░  0.0% (0/1)
[2026-06-14T19:43:14.127Z] [1] Web Bundled 937ms node_modules/expo-router/entry.js (1 module)
[2026-06-14T19:43:14.288Z] [1] Web Bundled 2596ms node_modules/expo-router/entry.js (1344 modules)
[2026-06-14T19:43:14.390Z] [1] Web Bundled 1144ms node_modules/expo-router/entry.js (1 module)
[2026-06-14T19:43:14.390Z] [1] Web Bundled 195ms node_modules/expo-router/entry.js (1 module)
[2026-06-14T19:43:14.970Z] [1]  LOG  [web] Logs will appear in the browser console
[2026-06-14T19:43:15.038Z] [1]
[2026-06-14T19:43:15.038Z] LOG  [web] Logs will appear in the browser console
[2026-06-14T19:43:17.478Z] [1]  LOG  [web] Logs will appear in the browser console
[2026-06-14T19:48:55.149Z] ELIFECYCLE  Command failed.
[2026-06-14T19:48:55.152Z] [1]  ELIFECYCLE  Command failed.
[2026-06-14T19:48:55.153Z] [0]  ELIFECYCLE  Command failed.
[2026-06-14T19:48:55.176Z] [0] 7:48:55 PM [tsx] Previous process hasn't exited yet. Force killing...
[2026-06-14T19:48:55.190Z] [0] pnpm dev:server exited with code SIGTERM
[2026-06-14T19:48:55.190Z] --> Sending SIGTERM to other processes..
[2026-06-14T19:48:56.082Z] [1] pnpm dev:metro exited with code SIGTERM
[2026-06-14T19:48:56.705Z] Lockfile is up to date, resolution step is skipped
[2026-06-14T19:48:57.174Z] Dev server exited with code -1
[2026-06-14T19:48:58.198Z] Starting dev server with command: pnpm run dev
[2026-06-14T19:48:59.543Z] > app-template@1.0.0 dev /home/ubuntu/aldwych-mobile-app
[2026-06-14T19:48:59.543Z] > concurrently -k "pnpm dev:server" "pnpm dev:metro"
[2026-06-14T19:49:00.403Z] [0]
[2026-06-14T19:49:00.403Z] [0] > app-template@1.0.0 dev:server /home/ubuntu/aldwych-mobile-app
[2026-06-14T19:49:00.404Z] [0] > cross-env NODE_ENV=development tsx watch server/_core/index.ts
[2026-06-14T19:49:00.404Z] [0]
[2026-06-14T19:49:00.404Z] [1]
[2026-06-14T19:49:00.404Z] [1] > app-template@1.0.0 dev:metro /home/ubuntu/aldwych-mobile-app
[2026-06-14T19:49:00.404Z] [1] > cross-env EXPO_USE_METRO_WORKSPACE_ROOT=1 npx expo start --web --port ${EXPO_PORT:-8081}
[2026-06-14T19:49:00.404Z] [1]
[2026-06-14T19:49:01.432Z] [1]
[2026-06-14T19:49:01.432Z] Starting project at /home/ubuntu/aldwych-mobile-app
[2026-06-14T19:49:02.014Z] [1]
[2026-06-14T19:49:02.014Z] EXPO_USE_METRO_WORKSPACE_ROOT is enabled by default, use EXPO_NO_METRO_WORKSPACE_ROOT instead to disable.
[2026-06-14T19:49:02.496Z] [1]
[2026-06-14T19:49:02.496Z] EXPO_USE_METRO_WORKSPACE_ROOT is enabled by default, use EXPO_NO_METRO_WORKSPACE_ROOT instead to disable.
[2026-06-14T19:49:02.497Z] [1]
[2026-06-14T19:49:02.497Z] EXPO_USE_METRO_WORKSPACE_ROOT is enabled by default, use EXPO_NO_METRO_WORKSPACE_ROOT instead to disable.
[2026-06-14T19:49:02.498Z] [1] EXPO_USE_METRO_WORKSPACE_ROOT is enabled by default, use EXPO_NO_METRO_WORKSPACE_ROOT instead to disable.
[2026-06-14T19:49:02.903Z] [1] React Compiler enabled
[2026-06-14T19:49:03.090Z] [1] Starting Metro Bundler
[2026-06-14T19:49:03.132Z] [1] EXPO_USE_METRO_WORKSPACE_ROOT is enabled by default, use EXPO_NO_METRO_WORKSPACE_ROOT instead to disable.
[2026-06-14T19:49:04.564Z] [0] [OAuth] Initialized with baseURL: https://api.manus.im
[2026-06-14T19:49:04.738Z] [0] [api] server listening on port 3000
[2026-06-14T19:49:10.906Z] [1] The following packages should be updated for best compatibility with the installed expo version:
[2026-06-14T19:49:10.906Z] [1]
[2026-06-14T19:49:10.906Z] expo@54.0.29 - expected version: ~54.0.35
[2026-06-14T19:49:10.906Z] [1]   expo-audio@1.1.0 - expected version: ~1.1.1
[2026-06-14T19:49:10.906Z] [1]
[2026-06-14T19:49:10.906Z] expo-constants@18.0.12 - expected version: ~18.0.13
[2026-06-14T19:49:10.906Z] [1]   expo-font@14.0.10 - expected version: ~14.0.12
[2026-06-14T19:49:10.906Z] [1]   expo-linking@8.0.10 - expected version: ~8.0.12
[2026-06-14T19:49:10.906Z] [1]   expo-notifications@0.32.15 - expected version: ~0.32.17
[2026-06-14T19:49:10.906Z] [1]   expo-router@6.0.19 - expected version: ~6.0.24
[2026-06-14T19:49:10.906Z] [1]
[2026-06-14T19:49:10.906Z] expo-splash-screen@31.0.12 - expected version: ~31.0.13
[2026-06-14T19:49:10.906Z] [1]   expo-video@3.0.15 - expected version: ~3.0.16
[2026-06-14T19:49:10.906Z] [1]   expo-web-browser@15.0.10 - expected version: ~15.0.11
[2026-06-14T19:49:10.906Z] [1] Your project may not work correctly until you install the expected versions of the packages.
[2026-06-14T19:49:10.915Z] [1] Waiting on http://localhost:8081
[2026-06-14T19:49:10.915Z] [1] Logs for your project will appear below.
[2026-06-14T19:49:11.139Z] [1] EXPO_USE_METRO_WORKSPACE_ROOT is enabled by default, use EXPO_NO_METRO_WORKSPACE_ROOT instead to disable.
[2026-06-14T19:49:11.142Z] [1] EXPO_USE_METRO_WORKSPACE_ROOT is enabled by default, use EXPO_NO_METRO_WORKSPACE_ROOT instead to disable.
[2026-06-14T19:49:14.194Z] [1] λ Bundled 3038ms node_modules/expo-router/node/render.js (1341 modules)
[2026-06-14T19:49:16.219Z] [1] λ  LOG  { colorScheme: 'light', setColorScheme: [Function (anonymous)] } {
[2026-06-14T19:49:16.219Z] [1]   '--color-primary': '#001A3D',
[2026-06-14T19:49:16.219Z] [1]   '--color-background': '#F8F9FA',
[2026-06-14T19:49:16.219Z] [1]   '--color-surface': '#FFFFFF',
[2026-06-14T19:49:16.219Z] [1]   '--color-foreground': '#0A0F1A',
[2026-06-14T19:49:16.219Z] [1]   '--color-muted': '#6B7280',
[2026-06-14T19:49:16.219Z] [1]   '--color-border': '#E5E7EB',
[2026-06-14T19:49:16.219Z] [1]   '--color-success': '#22C55E',
[2026-06-14T19:49:16.219Z] [1]   '--color-warning': '#F59E0B',
[2026-06-14T19:49:16.219Z] [1]   '--color-error': '#EF4444'
[2026-06-14T19:49:16.219Z] [1] }
[2026-06-14T19:49:16.324Z] [1] λ  WARN  props.pointerEvents is deprecated. Use style.pointerEvents
[2026-06-14T19:49:16.345Z] [1] Web node_modules/expo-router/entry.js ▓▓▓▓▓▓▓▓▓▓▓▓▓▓▓░ 93.8% (1300/1342)
[2026-06-14T19:49:16.363Z] [1] Web Bundled 5209ms node_modules/expo-router/entry.js (1342 modules)
[2026-06-14T19:49:18.270Z] [1] Web Bundled 1862ms node_modules/expo-router/entry.js (1346 modules)
[2026-06-14T19:49:18.718Z] [1]  LOG  [web] Logs will appear in the browser console
[2026-06-14T19:56:26.975Z] [1] EXPO_USE_METRO_WORKSPACE_ROOT is enabled by default, use EXPO_NO_METRO_WORKSPACE_ROOT instead to disable.
[2026-06-14T19:56:26.977Z] [1] EXPO_USE_METRO_WORKSPACE_ROOT is enabled by default, use EXPO_NO_METRO_WORKSPACE_ROOT instead to disable.
[2026-06-14T19:56:26.979Z] [1] Web node_modules/expo-router/entry.js ░░░░░░░░░░░░░░░░  0.0% (0/1)
[2026-06-14T19:56:28.939Z] [1] λ Bundled 1960ms node_modules/expo-router/node/render.js (1 module)
[2026-06-14T19:56:29.775Z] [1] λ  LOG  { colorScheme: 'light', setColorScheme: [Function (anonymous)] } {
[2026-06-14T19:56:29.775Z] [1]   '--color-primary': '#001A3D',
[2026-06-14T19:56:29.775Z] [1]   '--color-background': '#F8F9FA',
[2026-06-14T19:56:29.775Z] [1]   '--color-surface': '#FFFFFF',
[2026-06-14T19:56:29.775Z] [1]   '--color-foreground': '#0A0F1A',
[2026-06-14T19:56:29.775Z] [1]   '--color-muted': '#6B7280',
[2026-06-14T19:56:29.775Z] [1]   '--color-border': '#E5E7EB',
[2026-06-14T19:56:29.775Z] [1]   '--color-success': '#22C55E',
[2026-06-14T19:56:29.775Z] [1]   '--color-warning': '#F59E0B',
[2026-06-14T19:56:29.775Z] [1]   '--color-error': '#EF4444'
[2026-06-14T19:56:29.775Z] [1] }
[2026-06-14T19:56:29.868Z] [1] λ  WARN  props.pointerEvents is deprecated. Use style.pointerEvents
[2026-06-14T19:56:29.893Z] [1] Web node_modules/expo-router/entry.js ░░░░░░░░░░░░░░░░  0.0% (0/1)
[2026-06-14T19:56:29.896Z] [1] Web Bundled 2917ms node_modules/expo-router/entry.js (1 module)
[2026-06-14T19:56:30.033Z] [1] Web Bundled 60ms node_modules/expo-router/entry.js (1 module)
[2026-06-14T19:56:30.467Z] [1]  LOG  [web] Logs will appear in the browser console
[2026-06-14T19:57:13.838Z] [1] /home/ubuntu/aldwych-mobile-app/node_modules/@expo/cli/build/src/utils/errors.js:130
[2026-06-14T19:57:13.839Z] [1]     throw error;
[2026-06-14T19:57:13.839Z] [1]     ^
[2026-06-14T19:57:13.839Z] [1]
[2026-06-14T19:57:13.839Z] [1] Error: ENOENT: no such file or directory, watch '/home/ubuntu/aldwych-mobile-app/node_modules/metro-core_tmp_13138/node_modules'
[2026-06-14T19:57:13.839Z] [1]     at FSWatcher.<computed> (node:internal/fs/watchers:247:19)
[2026-06-14T19:57:13.839Z] [1]     at Object.watch (node:fs:2550:36)
[2026-06-14T19:57:13.839Z] [1]     at FallbackWatcher._watchdir (/home/ubuntu/aldwych-mobile-app/node_modules/metro-file-map/src/watchers/FallbackWatcher.js:119:33)
[2026-06-14T19:57:13.839Z] [1]     at /home/ubuntu/aldwych-mobile-app/node_modules/metro-file-map/src/watchers/FallbackWatcher.js:219:22
[2026-06-14T19:57:13.839Z] [1]     at Walker.<anonymous> (/home/ubuntu/aldwych-mobile-app/node_modules/metro-file-map/src/watchers/FallbackWatcher.js:358:5)
[2026-06-14T19:57:13.839Z] [1]     at Walker.emit (node:events:524:28)
[2026-06-14T19:57:13.839Z] [1]     at /home/ubuntu/aldwych-mobile-app/node_modules/walker/lib/walker.js:69:16
[2026-06-14T19:57:13.839Z] [1]     at FSReqCallback.oncomplete (node:fs:188:23)
[2026-06-14T19:57:13.839Z] [1]     at FSReqCallback.callbackTrampoline (node:internal/async_hooks:130:17) {
[2026-06-14T19:57:13.839Z] [1]   errno: -2,
[2026-06-14T19:57:13.839Z] [1]   syscall: 'watch',
[2026-06-14T19:57:13.839Z] [1]   code: 'ENOENT',
[2026-06-14T19:57:13.839Z] [1]   path: '/home/ubuntu/aldwych-mobile-app/node_modules/metro-core_tmp_13138/node_modules',
[2026-06-14T19:57:13.839Z] [1]   filename: '/home/ubuntu/aldwych-mobile-app/node_modules/metro-core_tmp_13138/node_modules'
[2026-06-14T19:57:13.839Z] [1] }
[2026-06-14T19:57:13.839Z] [1]
[2026-06-14T19:57:13.839Z] [1] Node.js v22.13.0
[2026-06-14T19:57:13.951Z] [1]  ELIFECYCLE  Command failed with exit code 7.
[2026-06-14T19:57:13.987Z] [1] pnpm dev:metro exited with code 7
[2026-06-14T19:57:13.988Z] -->
[2026-06-14T19:57:13.988Z] Sending SIGTERM to other processes..
[2026-06-14T19:57:14.053Z] [0]  ELIFECYCLE  Command failed.
[2026-06-14T19:57:14.096Z] [0] 7:57:14 PM [tsx] Previous process hasn't exited yet. Force killing...
[2026-06-14T19:57:14.105Z] [0] pnpm dev:server exited with code SIGTERM
[2026-06-14T19:57:14.112Z] ELIFECYCLE  Command failed with exit code 1.
[2026-06-14T19:57:14.149Z] Dev server exited with code 1
[2026-06-14T19:57:25.304Z] Starting dev server with command: pnpm run dev
[2026-06-14T19:57:26.613Z] > app-template@1.0.0 dev /home/ubuntu/aldwych-mobile-app
[2026-06-14T19:57:26.613Z] > concurrently -k "pnpm dev:server" "pnpm dev:metro"
[2026-06-14T19:57:27.481Z] [1]
[2026-06-14T19:57:27.481Z] [1] > app-template@1.0.0 dev:metro /home/ubuntu/aldwych-mobile-app
[2026-06-14T19:57:27.481Z] [1] > cross-env EXPO_USE_METRO_WORKSPACE_ROOT=1 npx expo start --web --port ${EXPO_PORT:-8081}
[2026-06-14T19:57:27.481Z] [1]
[2026-06-14T19:57:27.494Z] [0]
[2026-06-14T19:57:27.494Z] [0] > app-template@1.0.0 dev:server /home/ubuntu/aldwych-mobile-app
[2026-06-14T19:57:27.494Z] [0] > cross-env NODE_ENV=development tsx watch server/_core/index.ts
[2026-06-14T19:57:27.494Z] [0]
[2026-06-14T19:57:28.567Z] [1]
[2026-06-14T19:57:28.567Z] Starting project at /home/ubuntu/aldwych-mobile-app
[2026-06-14T19:57:29.197Z] [1]
[2026-06-14T19:57:29.197Z] EXPO_USE_METRO_WORKSPACE_ROOT is enabled by default, use EXPO_NO_METRO_WORKSPACE_ROOT instead to disable.
[2026-06-14T19:57:29.691Z] [1] EXPO_USE_METRO_WORKSPACE_ROOT is enabled by default, use EXPO_NO_METRO_WORKSPACE_ROOT instead to disable.
[2026-06-14T19:57:29.692Z] [1] EXPO_USE_METRO_WORKSPACE_ROOT is enabled by default, use EXPO_NO_METRO_WORKSPACE_ROOT instead to disable.
[2026-06-14T19:57:29.693Z] [1] EXPO_USE_METRO_WORKSPACE_ROOT is enabled by default, use EXPO_NO_METRO_WORKSPACE_ROOT instead to disable.
[2026-06-14T19:57:30.022Z] [1] React Compiler enabled
[2026-06-14T19:57:30.231Z] [1] Starting Metro Bundler
[2026-06-14T19:57:30.270Z] [1] EXPO_USE_METRO_WORKSPACE_ROOT is enabled by default, use EXPO_NO_METRO_WORKSPACE_ROOT instead to disable.
[2026-06-14T19:57:31.578Z] [0] [OAuth] Initialized with baseURL: https://api.manus.im
[2026-06-14T19:57:31.762Z] [0] [api] server listening on port 3000
[2026-06-14T19:57:39.219Z] [1] The following packages should be updated for best compatibility with the installed expo version:
[2026-06-14T19:57:39.219Z] [1]   expo@54.0.29 - expected version: ~54.0.35
[2026-06-14T19:57:39.219Z] [1]   expo-audio@1.1.0 - expected version: ~1.1.1
[2026-06-14T19:57:39.219Z] [1]   expo-constants@18.0.12 - expected version: ~18.0.13
[2026-06-14T19:57:39.220Z] [1]   expo-device@56.0.4 - expected version: ~8.0.10
[2026-06-14T19:57:39.220Z] [1]   expo-font@14.0.10 - expected version: ~14.0.12
[2026-06-14T19:57:39.220Z] [1]   expo-linking@8.0.10 - expected version: ~8.0.12
[2026-06-14T19:57:39.220Z] [1]   expo-local-authentication@56.0.4 - expected version: ~17.0.8
[2026-06-14T19:57:39.220Z] [1]   expo-notifications@0.32.15 - expected version: ~0.32.17
[2026-06-14T19:57:39.220Z] [1]   expo-router@6.0.19 - expected version: ~6.0.24
[2026-06-14T19:57:39.220Z] [1]   expo-splash-screen@31.0.12 - expected version: ~31.0.13
[2026-06-14T19:57:39.220Z] [1]   expo-video@3.0.15 - expected version: ~3.0.16
[2026-06-14T19:57:39.220Z] [1]   expo-web-browser@15.0.10 - expected version: ~15.0.11
[2026-06-14T19:57:39.220Z] [1] Your project may not work correctly until you install the expected versions of the packages.
[2026-06-14T19:57:39.230Z] [1] Waiting on http://localhost:8081
[2026-06-14T19:57:39.230Z] [1] Logs for your project will appear below.
[2026-06-14T19:57:39.956Z] [1] EXPO_USE_METRO_WORKSPACE_ROOT is enabled by default, use EXPO_NO_METRO_WORKSPACE_ROOT instead to disable.
[2026-06-14T19:57:39.960Z] [1] EXPO_USE_METRO_WORKSPACE_ROOT is enabled by default, use EXPO_NO_METRO_WORKSPACE_ROOT instead to disable.
[2026-06-14T19:57:41.885Z] [1] | Browserslist: browsers data (caniuse-lite) is 6 months old. Please run:
[2026-06-14T19:57:41.943Z] [1] |   npx update-browserslist-db@latest
[2026-06-14T19:57:41.943Z] [1] |   Why you should do it regularly: https://github.com/browserslist/update-db#readme
[2026-06-14T19:57:42.760Z] [1] Web node_modules/expo-router/entry.js ▓▓▓▓▓▓▓░░░░░░░░░ 49.2% (640/912)
[2026-06-14T19:57:42.760Z] [1] λ node_modules/expo-router/node/render.js ▓▓▓▓▓▓▓▓▓▓▓▓▓▓░░ 90.4% (1116/1174)
[2026-06-14T19:57:43.274Z] [1] λ Bundled 3294ms node_modules/expo-router/node/render.js (1331 modules)
[2026-06-14T19:57:45.644Z] [1] λ  LOG  { colorScheme: 'light', setColorScheme: [Function (anonymous)] } {
[2026-06-14T19:57:45.644Z] [1]   '--color-primary': '#001A3D',
[2026-06-14T19:57:45.644Z] [1]   '--color-background': '#F8F9FA',
[2026-06-14T19:57:45.644Z] [1]   '--color-surface': '#FFFFFF',
[2026-06-14T19:57:45.644Z] [1]   '--color-foreground': '#0A0F1A',
[2026-06-14T19:57:45.644Z] [1]   '--color-muted': '#6B7280',
[2026-06-14T19:57:45.644Z] [1]   '--color-border': '#E5E7EB',
[2026-06-14T19:57:45.644Z] [1]   '--color-success': '#22C55E',
[2026-06-14T19:57:45.644Z] [1]   '--color-warning': '#F59E0B',
[2026-06-14T19:57:45.644Z] [1]   '--color-error': '#EF4444'
[2026-06-14T19:57:45.644Z] [1] }
[2026-06-14T19:57:45.747Z] [1] λ  WARN  props.pointerEvents is deprecated. Use style.pointerEvents
[2026-06-14T19:57:45.770Z] [1] Web node_modules/expo-router/entry.js ▓▓▓▓▓▓▓▓▓▓▓▓▓▓▓░ 94.9% (1325/1360)
[2026-06-14T19:57:45.863Z] [1] Web Bundled 5885ms node_modules/expo-router/entry.js (1380 modules)
[2026-06-14T19:57:47.982Z] [1] Web Bundled 2065ms node_modules/expo-router/entry.js (1389 modules)
[2026-06-14T19:57:48.513Z] [1]  LOG  [web] Logs will appear in the browser console
[2026-06-14T20:04:00.244Z] [1] Unable to resolve "@/assets/images/logo-full.png" from "app/receipt.tsx"
[2026-06-14T20:04:00.245Z] [1] [0m [90m 137 |[39m         [33m<[39m[33mView[39m style[33m=[39m{{ backgroundColor[33m:[39m [32m"#0D2440"[39m[33m,[39m paddingVertical[33m:[39m [35m28[39m[33m,[39m paddingHorizontal[33m:[39m [35m24[39m[33m,[39m alignItems[33m:[39m [32m"center"[39m }}[33m>[39m
[2026-06-14T20:04:00.245Z] [1]  [90m 138 |[39m           [33m<[39m[33mImage[39m
[2026-06-14T20:04:00.245Z] [1] [31m[1m>[22m[39m[90m 139 |[39m             source[33m=[39m{require([32m"@/assets/images/logo-full.png"[39m)}
[2026-06-14T20:04:00.245Z] [1]  [90m     |[39m                              [31m[1m^[22m[39m
[2026-06-14T20:04:00.245Z] [1]  [90m 140 |[39m             style[33m=[39m{{ width[33m:[39m [35m220[39m[33m,[39m height[33m:[39m [35m50[39m }}
[2026-06-14T20:04:00.245Z] [1]  [90m 141 |[39m             resizeMode[33m=[39m[32m"contain"[39m
[2026-06-14T20:04:00.245Z] [1]  [90m 142 |[39m           [33m/[39m[33m>[39m[0m
[2026-06-14T20:04:00.245Z] [1]
[2026-06-14T20:04:00.245Z] [1] Import stack:
[2026-06-14T20:04:00.245Z] [1]
[2026-06-14T20:04:00.245Z] [1]  app/receipt.tsx
[2026-06-14T20:04:00.245Z] [1]  | import "@/assets/images/logo-full.png"
[2026-06-14T20:04:00.245Z] [1]
[2026-06-14T20:04:00.245Z] [1]  app (require.context)
[2026-06-14T20:04:00.245Z] [1]
[2026-06-14T20:09:18.476Z] [1] EXPO_USE_METRO_WORKSPACE_ROOT is enabled by default, use EXPO_NO_METRO_WORKSPACE_ROOT instead to disable.
[2026-06-14T20:09:18.486Z] [1] EXPO_USE_METRO_WORKSPACE_ROOT is enabled by default, use EXPO_NO_METRO_WORKSPACE_ROOT instead to disable.
[2026-06-14T20:09:18.490Z] [1] Web node_modules/expo-router/entry.js ░░░░░░░░░░░░░░░░  0.0% (0/1)
[2026-06-14T20:09:18.502Z] [1] EXPO_USE_METRO_WORKSPACE_ROOT is enabled by default, use EXPO_NO_METRO_WORKSPACE_ROOT instead to disable.
[2026-06-14T20:09:18.513Z] [1] EXPO_USE_METRO_WORKSPACE_ROOT is enabled by default, use EXPO_NO_METRO_WORKSPACE_ROOT instead to disable.
[2026-06-14T20:09:18.517Z] [1] EXPO_USE_METRO_WORKSPACE_ROOT is enabled by default, use EXPO_NO_METRO_WORKSPACE_ROOT instead to disable.
[2026-06-14T20:09:18.519Z] [1] EXPO_USE_METRO_WORKSPACE_ROOT is enabled by default, use EXPO_NO_METRO_WORKSPACE_ROOT instead to disable.
[2026-06-14T20:09:18.525Z] [1] EXPO_USE_METRO_WORKSPACE_ROOT is enabled by default, use EXPO_NO_METRO_WORKSPACE_ROOT instead to disable.
[2026-06-14T20:09:18.529Z] [1] EXPO_USE_METRO_WORKSPACE_ROOT is enabled by default, use EXPO_NO_METRO_WORKSPACE_ROOT instead to disable.
[2026-06-14T20:09:21.990Z] [1] Web node_modules/expo-router/entry.js ░░░░░░░░░░░░░░░░  0.0% (0/1)
[2026-06-14T20:09:21.990Z] [1] λ node_modules/expo-router/node/render.js ░░░░░░░░░░░░░░░░  0.0% (0/1)
[2026-06-14T20:09:21.990Z] [1] Web node_modules/expo-router/entry.js ░░░░░░░░░░░░░░░░  0.0% (0/1)
[2026-06-14T20:09:21.990Z] [1] λ node_modules/expo-router/node/render.js ░░░░░░░░░░░░░░░░  0.0% (0/1)
[2026-06-14T20:09:21.990Z] [1] Web node_modules/expo-router/entry.js ░░░░░░░░░░░░░░░░  0.0% (0/1)
[2026-06-14T20:09:21.990Z] [1] λ node_modules/expo-router/node/render.js ░░░░░░░░░░░░░░░░  0.0% (0/1)
[2026-06-14T20:09:21.990Z] [1] Web node_modules/expo-router/entry.js ░░░░░░░░░░░░░░░░  0.0% (0/1)
[2026-06-14T20:09:21.990Z] [1] λ node_modules/expo-router/node/render.js ░░░░░░░░░░░░░░░░  0.0% (0/1)
[2026-06-14T20:09:22.349Z] [1] λ Bundled 3858ms node_modules/expo-router/node/render.js (1 module)
[2026-06-14T20:09:22.565Z] [1]
[2026-06-14T20:09:22.565Z] Web node_modules/expo-router/entry.js ░░░░░░░░░░░░░░░░  0.0% (0/1)
[2026-06-14T20:09:22.565Z] [1] λ node_modules/expo-router/node/render.js ░░░░░░░░░░░░░░░░  0.0% (0/1)
[2026-06-14T20:09:22.565Z] [1] Web node_modules/expo-router/entry.js ░░░░░░░░░░░░░░░░  0.0% (0/1)
[2026-06-14T20:09:22.565Z] [1] λ node_modules/expo-router/node/render.js ░░░░░░░░░░░░░░░░  0.0% (0/1)
[2026-06-14T20:09:22.565Z] [1] Web node_modules/expo-router/entry.js ░░░░░░░░░░░░░░░░  0.0% (0/1)
[2026-06-14T20:09:22.565Z] [1] λ node_modules/expo-router/node/render.js ░░░░░░░░░░░░░░░░  0.0% (0/1)
[2026-06-14T20:09:22.565Z] [1] Web node_modules/expo-router/entry.js ░░░░░░░░░░░░░░░░  0.0% (0/1)
[2026-06-14T20:09:22.565Z] [1] λ node_modules/expo-router/node/render.js ░░░░░░░░░░░░░░░░  0.0% (0/1)
[2026-06-14T20:09:22.770Z] [1] λ Bundled 3887ms node_modules/expo-router/node/render.js (1 module)
[2026-06-14T20:09:22.770Z] [1] λ Bundled 3935ms node_modules/expo-router/node/render.js (1 module)
[2026-06-14T20:09:22.770Z] [1] λ Bundled 3980ms node_modules/expo-router/node/render.js (1 module)
[2026-06-14T20:09:24.128Z] [1] λ  WARN  [expo-notifications] Listening to push token changes is not yet fully supported on web. Adding a listener will have no effect.
[2026-06-14T20:09:24.261Z] [1] λ  LOG  { colorScheme: 'light', setColorScheme: [Function (anonymous)] } {
[2026-06-14T20:09:24.261Z] [1]   '--color-primary': '#001A3D',
[2026-06-14T20:09:24.261Z] [1]   '--color-background': '#F8F9FA',
[2026-06-14T20:09:24.261Z] [1]   '--color-surface': '#FFFFFF',
[2026-06-14T20:09:24.261Z] [1]   '--color-foreground': '#0A0F1A',
[2026-06-14T20:09:24.261Z] [1]   '--color-muted': '#6B7280',
[2026-06-14T20:09:24.261Z] [1]   '--color-border': '#E5E7EB',
[2026-06-14T20:09:24.261Z] [1]   '--color-success': '#22C55E',
[2026-06-14T20:09:24.261Z] [1]   '--color-warning': '#F59E0B',
[2026-06-14T20:09:24.261Z] [1]   '--color-error': '#EF4444'
[2026-06-14T20:09:24.261Z] [1] }
[2026-06-14T20:09:24.395Z] [1] λ  WARN  props.pointerEvents is deprecated. Use style.pointerEvents
[2026-06-14T20:09:24.448Z] [1] Web node_modules/expo-router/entry.js ░░░░░░░░░░░░░░░░  0.0% (0/1)
[2026-06-14T20:09:24.448Z] [1] Web node_modules/expo-router/entry.js ░░░░░░░░░░░░░░░░  0.0% (0/1)
[2026-06-14T20:09:24.448Z] [1] Web node_modules/expo-router/entry.js ░░░░░░░░░░░░░░░░  0.0% (0/1)
[2026-06-14T20:09:24.448Z] [1] Web node_modules/expo-router/entry.js ░░░░░░░░░░░░░░░░  0.0% (0/1)
[2026-06-14T20:09:24.553Z] [1] λ  WARN  [expo-notifications] Listening to push token changes is not yet fully supported on web. Adding a listener will have no effect.
[2026-06-14T20:09:24.587Z] [1] λ  LOG  { colorScheme: 'light', setColorScheme: [Function (anonymous)] } {
[2026-06-14T20:09:24.587Z] [1]   '--color-primary': '#001A3D',
[2026-06-14T20:09:24.587Z] [1]   '--color-background': '#F8F9FA',
[2026-06-14T20:09:24.587Z] [1]   '--color-surface': '#FFFFFF',
[2026-06-14T20:09:24.587Z] [1]   '--color-foreground': '#0A0F1A',
[2026-06-14T20:09:24.587Z] [1]   '--color-muted': '#6B7280',
[2026-06-14T20:09:24.587Z] [1]   '--color-border': '#E5E7EB',
[2026-06-14T20:09:24.587Z] [1]   '--color-success': '#22C55E',
[2026-06-14T20:09:24.587Z] [1]   '--color-warning': '#F59E0B',
[2026-06-14T20:09:24.587Z] [1]   '--color-error': '#EF4444'
[2026-06-14T20:09:24.587Z] [1] }
[2026-06-14T20:09:24.652Z] [1] λ  WARN  props.pointerEvents is deprecated. Use style.pointerEvents
[2026-06-14T20:09:24.710Z] [1] Web node_modules/expo-router/entry.js ░░░░░░░░░░░░░░░░  0.0% (0/1)
[2026-06-14T20:09:24.710Z] [1] Web node_modules/expo-router/entry.js ░░░░░░░░░░░░░░░░  0.0% (0/1)
[2026-06-14T20:09:24.710Z] [1] Web node_modules/expo-router/entry.js ░░░░░░░░░░░░░░░░  0.0% (0/1)
[2026-06-14T20:09:24.710Z] [1] Web node_modules/expo-router/entry.js ░░░░░░░░░░░░░░░░  0.0% (0/1)
[2026-06-14T20:09:24.822Z] [1] λ  WARN  [expo-notifications] Listening to push token changes is not yet fully supported on web. Adding a listener will have no effect.
[2026-06-14T20:09:24.854Z] [1] λ  LOG  { colorScheme: 'light', setColorScheme: [Function (anonymous)] } {
[2026-06-14T20:09:24.854Z] [1]   '--color-primary': '#001A3D',
[2026-06-14T20:09:24.854Z] [1]   '--color-background': '#F8F9FA',
[2026-06-14T20:09:24.854Z] [1]   '--color-surface': '#FFFFFF',
[2026-06-14T20:09:24.854Z] [1]   '--color-foreground': '#0A0F1A',
[2026-06-14T20:09:24.854Z] [1]   '--color-muted': '#6B7280',
[2026-06-14T20:09:24.854Z] [1]   '--color-border': '#E5E7EB',
[2026-06-14T20:09:24.854Z] [1]   '--color-success': '#22C55E',
[2026-06-14T20:09:24.854Z] [1]   '--color-warning': '#F59E0B',
[2026-06-14T20:09:24.854Z] [1]   '--color-error': '#EF4444'
[2026-06-14T20:09:24.854Z] [1] }
[2026-06-14T20:09:24.916Z] [1] λ  WARN  props.pointerEvents is deprecated. Use style.pointerEvents
[2026-06-14T20:09:24.945Z] [1] Web node_modules/expo-router/entry.js ░░░░░░░░░░░░░░░░  0.0% (0/1)
[2026-06-14T20:09:24.945Z] [1] Web node_modules/expo-router/entry.js ░░░░░░░░░░░░░░░░  0.0% (0/1)
[2026-06-14T20:09:24.945Z] [1] Web node_modules/expo-router/entry.js ░░░░░░░░░░░░░░░░  0.0% (0/1)
[2026-06-14T20:09:24.945Z] [1] Web node_modules/expo-router/entry.js ░░░░░░░░░░░░░░░░  0.0% (0/1)
[2026-06-14T20:09:25.071Z] [1] λ  WARN  [expo-notifications] Listening to push token changes is not yet fully supported on web. Adding a listener will have no effect.
[2026-06-14T20:09:25.111Z] [1] λ  LOG  { colorScheme: 'light', setColorScheme: [Function (anonymous)] } {
[2026-06-14T20:09:25.111Z] [1]   '--color-primary': '#001A3D',
[2026-06-14T20:09:25.111Z] [1]   '--color-background': '#F8F9FA',
[2026-06-14T20:09:25.111Z] [1]   '--color-surface': '#FFFFFF',
[2026-06-14T20:09:25.111Z] [1]   '--color-foreground': '#0A0F1A',
[2026-06-14T20:09:25.111Z] [1]   '--color-muted': '#6B7280',
[2026-06-14T20:09:25.111Z] [1]   '--color-border': '#E5E7EB',
[2026-06-14T20:09:25.111Z] [1]   '--color-success': '#22C55E',
[2026-06-14T20:09:25.111Z] [1]   '--color-warning': '#F59E0B',
[2026-06-14T20:09:25.111Z] [1]   '--color-error': '#EF4444'
[2026-06-14T20:09:25.111Z] [1] }
[2026-06-14T20:09:25.194Z] [1] λ  WARN  props.pointerEvents is deprecated. Use style.pointerEvents
[2026-06-14T20:09:25.262Z] [1] Web node_modules/expo-router/entry.js ░░░░░░░░░░░░░░░░  0.0% (0/1)
[2026-06-14T20:09:25.262Z] [1] Web node_modules/expo-router/entry.js ░░░░░░░░░░░░░░░░  0.0% (0/1)
[2026-06-14T20:09:25.262Z] [1] Web node_modules/expo-router/entry.js ░░░░░░░░░░░░░░░░  0.0% (0/1)
[2026-06-14T20:09:25.262Z] [1] Web node_modules/expo-router/entry.js ░░░░░░░░░░░░░░░░  0.0% (0/1)
[2026-06-14T20:09:25.696Z] [1] Web Bundled 7181ms node_modules/expo-router/entry.js (1 module)
[2026-06-14T20:09:25.813Z] [1] Web Bundled 7251ms node_modules/expo-router/entry.js (1 module)
[2026-06-14T20:09:25.813Z] [1] Web Bundled 7258ms node_modules/expo-router/entry.js (1 module)
[2026-06-14T20:09:25.813Z] [1]
[2026-06-14T20:09:25.813Z] Web Bundled 7281ms node_modules/expo-router/entry.js (1 module)
[2026-06-14T20:09:26.107Z] [1] Web Bundled 61ms node_modules/expo-router/entry.js (1 module)
[2026-06-14T20:09:26.375Z] [1] Web Bundled 58ms node_modules/expo-router/entry.js (1 module)
[2026-06-14T20:09:26.628Z] [1] Web Bundled 64ms node_modules/expo-router/entry.js (1 module)
[2026-06-14T20:09:26.899Z] [1] Web Bundled 67ms node_modules/expo-router/entry.js (1 module)
[2026-06-14T20:09:27.202Z] [1]  LOG  [web] Logs will appear in the browser console
[2026-06-14T20:09:27.299Z] [1]  LOG  [web] Logs will appear in the browser console
[2026-06-14T20:09:27.552Z] [1]
[2026-06-14T20:09:27.555Z] LOG  [web] Logs will appear in the browser console
[2026-06-14T20:09:28.300Z] [1]  LOG  [web] Logs will appear in the browser console
[2026-06-14T20:10:11.645Z] [1]
[2026-06-14T20:10:11.645Z] EXPO_USE_METRO_WORKSPACE_ROOT is enabled by default, use EXPO_NO_METRO_WORKSPACE_ROOT instead to disable.
[2026-06-14T20:10:11.654Z] [1]
[2026-06-14T20:10:11.654Z] EXPO_USE_METRO_WORKSPACE_ROOT is enabled by default, use EXPO_NO_METRO_WORKSPACE_ROOT instead to disable.
[2026-06-14T20:10:11.660Z] [1] Web node_modules/expo-router/entry.js ░░░░░░░░░░░░░░░░  0.0% (0/1)
[2026-06-14T20:10:11.872Z] [1] λ Bundled 106ms node_modules/expo-router/node/render.js (1 module)
[2026-06-14T20:10:12.670Z] [1] λ  WARN  [expo-notifications] Listening to push token changes is not yet fully supported on web. Adding a listener will have no effect.
[2026-06-14T20:10:12.724Z] [1] λ  LOG  { colorScheme: 'light', setColorScheme: [Function (anonymous)] } {
[2026-06-14T20:10:12.725Z] [1]   '--color-primary': '#001A3D',
[2026-06-14T20:10:12.725Z] [1]   '--color-background': '#F8F9FA',
[2026-06-14T20:10:12.725Z] [1]   '--color-surface': '#FFFFFF',
[2026-06-14T20:10:12.725Z] [1]   '--color-foreground': '#0A0F1A',
[2026-06-14T20:10:12.725Z] [1]   '--color-muted': '#6B7280',
[2026-06-14T20:10:12.725Z] [1]   '--color-border': '#E5E7EB',
[2026-06-14T20:10:12.725Z] [1]   '--color-success': '#22C55E',
[2026-06-14T20:10:12.725Z] [1]   '--color-warning': '#F59E0B',
[2026-06-14T20:10:12.725Z] [1]   '--color-error': '#EF4444'
[2026-06-14T20:10:12.725Z] [1] }
[2026-06-14T20:10:12.816Z] [1] λ  WARN  props.pointerEvents is deprecated. Use style.pointerEvents
[2026-06-14T20:10:12.865Z] [1] Web node_modules/expo-router/entry.js ░░░░░░░░░░░░░░░░  0.0% (0/1)
[2026-06-14T20:10:12.867Z] [1] Web Bundled 1207ms node_modules/expo-router/entry.js (1 module)
[2026-06-14T20:10:13.048Z] [1] Web Bundled 64ms node_modules/expo-router/entry.js (1 module)
[2026-06-14T20:10:13.643Z] [1]
[2026-06-14T20:10:13.643Z] LOG  [web] Logs will appear in the browser console
[2026-06-14T20:10:17.158Z] [1] EXPO_USE_METRO_WORKSPACE_ROOT is enabled by default, use EXPO_NO_METRO_WORKSPACE_ROOT instead to disable.
[2026-06-14T20:10:17.160Z] [1] EXPO_USE_METRO_WORKSPACE_ROOT is enabled by default, use EXPO_NO_METRO_WORKSPACE_ROOT instead to disable.
[2026-06-14T20:10:17.161Z] [1] Web node_modules/expo-router/entry.js ░░░░░░░░░░░░░░░░  0.0% (0/1)
[2026-06-14T20:10:17.352Z] [1] λ Bundled 57ms node_modules/expo-router/node/render.js (1 module)
[2026-06-14T20:10:17.521Z] [1] λ  WARN  [expo-notifications] Listening to push token changes is not yet fully supported on web. Adding a listener will have no effect.
[2026-06-14T20:10:17.558Z] [1] λ  LOG  { colorScheme: 'light', setColorScheme: [Function (anonymous)] } {
[2026-06-14T20:10:17.558Z] [1]   '--color-primary': '#001A3D',
[2026-06-14T20:10:17.558Z] [1]   '--color-background': '#F8F9FA',
[2026-06-14T20:10:17.558Z] [1]   '--color-surface': '#FFFFFF',
[2026-06-14T20:10:17.558Z] [1]   '--color-foreground': '#0A0F1A',
[2026-06-14T20:10:17.558Z] [1]   '--color-muted': '#6B7280',
[2026-06-14T20:10:17.558Z] [1]   '--color-border': '#E5E7EB',
[2026-06-14T20:10:17.558Z] [1]   '--color-success': '#22C55E',
[2026-06-14T20:10:17.558Z] [1]   '--color-warning': '#F59E0B',
[2026-06-14T20:10:17.558Z] [1]   '--color-error': '#EF4444'
[2026-06-14T20:10:17.558Z] [1] }
[2026-06-14T20:10:17.629Z] [1] λ  WARN  props.pointerEvents is deprecated. Use style.pointerEvents
[2026-06-14T20:10:17.655Z] [1] Web node_modules/expo-router/entry.js ░░░░░░░░░░░░░░░░  0.0% (0/1)
[2026-06-14T20:10:17.670Z] [1] Web Bundled 509ms node_modules/expo-router/entry.js (1 module)
[2026-06-14T20:10:18.072Z] [1] Web Bundled 71ms node_modules/expo-router/entry.js (1 module)
[2026-06-14T20:10:23.585Z] [1]  LOG  [web] Logs will appear in the browser console
[2026-06-14T20:10:25.754Z] [1] EXPO_USE_METRO_WORKSPACE_ROOT is enabled by default, use EXPO_NO_METRO_WORKSPACE_ROOT instead to disable.
[2026-06-14T20:10:25.756Z] [1] EXPO_USE_METRO_WORKSPACE_ROOT is enabled by default, use EXPO_NO_METRO_WORKSPACE_ROOT instead to disable.
[2026-06-14T20:10:25.934Z] [1] λ Bundled 44ms node_modules/expo-router/node/render.js (1 module)
[2026-06-14T20:10:26.082Z] [1] λ  WARN  [expo-notifications] Listening to push token changes is not yet fully supported on web. Adding a listener will have no effect.
[2026-06-14T20:10:26.113Z] [1] λ  LOG  { colorScheme: 'light', setColorScheme: [Function (anonymous)] } {
[2026-06-14T20:10:26.113Z] [1]   '--color-primary': '#001A3D',
[2026-06-14T20:10:26.113Z] [1]   '--color-background': '#F8F9FA',
[2026-06-14T20:10:26.113Z] [1]   '--color-surface': '#FFFFFF',
[2026-06-14T20:10:26.113Z] [1]   '--color-foreground': '#0A0F1A',
[2026-06-14T20:10:26.113Z] [1]   '--color-muted': '#6B7280',
[2026-06-14T20:10:26.113Z] [1]   '--color-border': '#E5E7EB',
[2026-06-14T20:10:26.113Z] [1]   '--color-success': '#22C55E',
[2026-06-14T20:10:26.113Z] [1]   '--color-warning': '#F59E0B',
[2026-06-14T20:10:26.113Z] [1]   '--color-error': '#EF4444'
[2026-06-14T20:10:26.113Z] [1] }
[2026-06-14T20:10:26.171Z] [1] λ  WARN  props.pointerEvents is deprecated. Use style.pointerEvents
[2026-06-14T20:10:26.192Z] [1] Web node_modules/expo-router/entry.js ░░░░░░░░░░░░░░░░  0.0% (0/1)
[2026-06-14T20:10:26.207Z] [1] Web Bundled 450ms node_modules/expo-router/entry.js (1 module)
[2026-06-14T20:10:41.465Z] [1] EXPO_USE_METRO_WORKSPACE_ROOT is enabled by default, use EXPO_NO_METRO_WORKSPACE_ROOT instead to disable.
[2026-06-14T20:10:41.466Z] [1] EXPO_USE_METRO_WORKSPACE_ROOT is enabled by default, use EXPO_NO_METRO_WORKSPACE_ROOT instead to disable.
[2026-06-14T20:10:41.468Z] [1] Web node_modules/expo-router/entry.js ░░░░░░░░░░░░░░░░  0.0% (0/1)
[2026-06-14T20:10:41.672Z] [1] λ Bundled 68ms node_modules/expo-router/node/render.js (1 module)
[2026-06-14T20:10:41.818Z] [1] λ  WARN  [expo-notifications] Listening to push token changes is not yet fully supported on web. Adding a listener will have no effect.
[2026-06-14T20:10:41.860Z] [1] λ  LOG  { colorScheme: 'light', setColorScheme: [Function (anonymous)] } {
[2026-06-14T20:10:41.860Z] [1]   '--color-primary': '#001A3D',
[2026-06-14T20:10:41.860Z] [1]   '--color-background': '#F8F9FA',
[2026-06-14T20:10:41.860Z] [1]   '--color-surface': '#FFFFFF',
[2026-06-14T20:10:41.860Z] [1]   '--color-foreground': '#0A0F1A',
[2026-06-14T20:10:41.860Z] [1]   '--color-muted': '#6B7280',
[2026-06-14T20:10:41.860Z] [1]   '--color-border': '#E5E7EB',
[2026-06-14T20:10:41.860Z] [1]   '--color-success': '#22C55E',
[2026-06-14T20:10:41.860Z] [1]   '--color-warning': '#F59E0B',
[2026-06-14T20:10:41.860Z] [1]   '--color-error': '#EF4444'
[2026-06-14T20:10:41.860Z] [1] }
[2026-06-14T20:10:41.928Z] [1] λ  WARN  props.pointerEvents is deprecated. Use style.pointerEvents
[2026-06-14T20:10:41.956Z] [1] Web node_modules/expo-router/entry.js ░░░░░░░░░░░░░░░░  0.0% (0/1)
[2026-06-14T20:10:41.977Z] [1] Web Bundled 509ms node_modules/expo-router/entry.js (1 module)
[2026-06-14T20:10:42.343Z] [1] Web Bundled 57ms node_modules/expo-router/entry.js (1 module)
[2026-06-14T20:10:45.315Z] [1]  LOG  [web] Logs will appear in the browser console
[2026-06-14T20:16:00.593Z] [1] EXPO_USE_METRO_WORKSPACE_ROOT is enabled by default, use EXPO_NO_METRO_WORKSPACE_ROOT instead to disable.
[2026-06-14T20:16:00.594Z] [1] EXPO_USE_METRO_WORKSPACE_ROOT is enabled by default, use EXPO_NO_METRO_WORKSPACE_ROOT instead to disable.
[2026-06-14T20:16:00.597Z] [1] Web node_modules/expo-router/entry.js ░░░░░░░░░░░░░░░░  0.0% (0/1)
[2026-06-14T20:16:00.677Z] [1] λ Bundled 80ms node_modules/expo-router/node/render.js (1 module)
[2026-06-14T20:16:00.972Z] [1] λ  WARN  [expo-notifications] Listening to push token changes is not yet fully supported on web. Adding a listener will have no effect.
[2026-06-14T20:16:01.010Z] [1] λ  LOG  { colorScheme: 'light', setColorScheme: [Function (anonymous)] } {
[2026-06-14T20:16:01.010Z] [1]   '--color-primary': '#001A3D',
[2026-06-14T20:16:01.010Z] [1]   '--color-background': '#F8F9FA',
[2026-06-14T20:16:01.010Z] [1]   '--color-surface': '#FFFFFF',
[2026-06-14T20:16:01.010Z] [1]   '--color-foreground': '#0A0F1A',
[2026-06-14T20:16:01.010Z] [1]   '--color-muted': '#6B7280',
[2026-06-14T20:16:01.010Z] [1]   '--color-border': '#E5E7EB',
[2026-06-14T20:16:01.010Z] [1]   '--color-success': '#22C55E',
[2026-06-14T20:16:01.010Z] [1]   '--color-warning': '#F59E0B',
[2026-06-14T20:16:01.010Z] [1]   '--color-error': '#EF4444'
[2026-06-14T20:16:01.010Z] [1] }
[2026-06-14T20:16:01.080Z] [1] λ  WARN  props.pointerEvents is deprecated. Use style.pointerEvents
[2026-06-14T20:16:01.107Z] [1] Web node_modules/expo-router/entry.js ░░░░░░░░░░░░░░░░  0.0% (0/1)
[2026-06-14T20:16:01.121Z] [1] Web Bundled 524ms node_modules/expo-router/entry.js (1 module)
[2026-06-14T20:16:01.596Z] [1] Web Bundled 63ms node_modules/expo-router/entry.js (1 module)
[2026-06-14T20:16:04.310Z] [1] /home/ubuntu/aldwych-mobile-app/node_modules/@expo/cli/build/src/utils/errors.js:130
[2026-06-14T20:16:04.310Z] [1]     throw error;
[2026-06-14T20:16:04.310Z] [1]     ^
[2026-06-14T20:16:04.310Z] [1]
[2026-06-14T20:16:04.310Z] [1] Error: ENOENT: no such file or directory, watch '/home/ubuntu/aldwych-mobile-app/node_modules/brace-expansion_tmp_14973/.github'
[2026-06-14T20:16:04.310Z] [1]     at FSWatcher.<computed> (node:internal/fs/watchers:247:19)
[2026-06-14T20:16:04.310Z] [1]     at Object.watch (node:fs:2550:36)
[2026-06-14T20:16:04.310Z] [1]     at FallbackWatcher._watchdir (/home/ubuntu/aldwych-mobile-app/node_modules/metro-file-map/src/watchers/FallbackWatcher.js:119:33)
[2026-06-14T20:16:04.310Z] [1]     at /home/ubuntu/aldwych-mobile-app/node_modules/metro-file-map/src/watchers/FallbackWatcher.js:219:22
[2026-06-14T20:16:04.310Z] [1]     at Walker.<anonymous> (/home/ubuntu/aldwych-mobile-app/node_modules/metro-file-map/src/watchers/FallbackWatcher.js:358:5)
[2026-06-14T20:16:04.310Z] [1]     at Walker.emit (node:events:524:28)
[2026-06-14T20:16:04.310Z] [1]     at /home/ubuntu/aldwych-mobile-app/node_modules/walker/lib/walker.js:69:16
[2026-06-14T20:16:04.310Z] [1]     at FSReqCallback.oncomplete (node:fs:188:23)
[2026-06-14T20:16:04.310Z] [1]     at FSReqCallback.callbackTrampoline (node:internal/async_hooks:130:17) {
[2026-06-14T20:16:04.310Z] [1]   errno: -2,
[2026-06-14T20:16:04.310Z] [1]   syscall: 'watch',
[2026-06-14T20:16:04.310Z] [1]   code: 'ENOENT',
[2026-06-14T20:16:04.310Z] [1]   path: '/home/ubuntu/aldwych-mobile-app/node_modules/brace-expansion_tmp_14973/.github',
[2026-06-14T20:16:04.310Z] [1]   filename: '/home/ubuntu/aldwych-mobile-app/node_modules/brace-expansion_tmp_14973/.github'
[2026-06-14T20:16:04.310Z] [1] }
[2026-06-14T20:16:04.310Z] [1]
[2026-06-14T20:16:04.310Z] [1] Node.js v22.13.0
[2026-06-14T20:16:04.441Z] [1]  ELIFECYCLE  Command failed with exit code 7.
[2026-06-14T20:16:04.476Z] [1] pnpm dev:metro exited with code 7
[2026-06-14T20:16:04.478Z] -->
[2026-06-14T20:16:04.478Z] Sending SIGTERM to other processes..
[2026-06-14T20:16:04.545Z] [0]  ELIFECYCLE  Command failed.
[2026-06-14T20:16:04.584Z] [0] 8:16:04 PM [tsx] Previous process hasn't exited yet. Force killing...
[2026-06-14T20:16:04.617Z] [0] pnpm dev:server exited with code SIGTERM
[2026-06-14T20:16:04.625Z] ELIFECYCLE  Command failed with exit code 1.
[2026-06-14T20:16:04.658Z] Dev server exited with code 1
[2026-06-14T20:16:06.198Z] Starting dev server with command: pnpm run dev
[2026-06-14T20:16:07.532Z] > app-template@1.0.0 dev /home/ubuntu/aldwych-mobile-app
[2026-06-14T20:16:07.532Z] > concurrently -k "pnpm dev:server" "pnpm dev:metro"
[2026-06-14T20:16:08.420Z] [1]
[2026-06-14T20:16:08.420Z] [1] > app-template@1.0.0 dev:metro /home/ubuntu/aldwych-mobile-app
[2026-06-14T20:16:08.420Z] [1] > cross-env EXPO_USE_METRO_WORKSPACE_ROOT=1 npx expo start --web --port ${EXPO_PORT:-8081}
[2026-06-14T20:16:08.420Z] [1]
[2026-06-14T20:16:08.437Z] [0]
[2026-06-14T20:16:08.437Z] [0] > app-template@1.0.0 dev:server /home/ubuntu/aldwych-mobile-app
[2026-06-14T20:16:08.437Z] [0] > cross-env NODE_ENV=development tsx watch server/_core/index.ts
[2026-06-14T20:16:08.437Z] [0]
[2026-06-14T20:16:09.876Z] [1]
[2026-06-14T20:16:09.876Z] Starting project at /home/ubuntu/aldwych-mobile-app
[2026-06-14T20:16:10.603Z] [1]
[2026-06-14T20:16:10.603Z] EXPO_USE_METRO_WORKSPACE_ROOT is enabled by default, use EXPO_NO_METRO_WORKSPACE_ROOT instead to disable.
[2026-06-14T20:16:11.505Z] [1] EXPO_USE_METRO_WORKSPACE_ROOT is enabled by default, use EXPO_NO_METRO_WORKSPACE_ROOT instead to disable.
[2026-06-14T20:16:11.505Z] [1] EXPO_USE_METRO_WORKSPACE_ROOT is enabled by default, use EXPO_NO_METRO_WORKSPACE_ROOT instead to disable.
[2026-06-14T20:16:11.507Z] [1] EXPO_USE_METRO_WORKSPACE_ROOT is enabled by default, use EXPO_NO_METRO_WORKSPACE_ROOT instead to disable.
[2026-06-14T20:16:11.893Z] [1] React Compiler enabled
[2026-06-14T20:16:12.163Z] [1] Starting Metro Bundler
[2026-06-14T20:16:12.208Z] [1] EXPO_USE_METRO_WORKSPACE_ROOT is enabled by default, use EXPO_NO_METRO_WORKSPACE_ROOT instead to disable.
[2026-06-14T20:16:12.995Z] [0] [OAuth] Initialized with baseURL: https://api.manus.im
[2026-06-14T20:16:13.255Z] [0] [api] server listening on port 3000
[2026-06-14T20:16:18.103Z] [1] EXPO_USE_METRO_WORKSPACE_ROOT is enabled by default, use EXPO_NO_METRO_WORKSPACE_ROOT instead to disable.
[2026-06-14T20:16:18.106Z] [1] EXPO_USE_METRO_WORKSPACE_ROOT is enabled by default, use EXPO_NO_METRO_WORKSPACE_ROOT instead to disable.
[2026-06-14T20:16:20.290Z] [1]
[2026-06-14T20:16:20.290Z] Web node_modules/expo-router/entry.js ░░░░░░░░░░░░░░░░  0.0% (0/1)
[2026-06-14T20:16:20.290Z] [1] λ node_modules/expo-router/node/render.js ░░░░░░░░░░░░░░░░  0.0% (0/1)
[2026-06-14T20:16:23.565Z] [1] λ Bundled 3297ms node_modules/expo-router/node/render.js (1403 modules)
[2026-06-14T20:16:25.855Z] [1] [expo-notifications] Listening to push token changes is not yet fully supported on web. Adding a listener will have no effect.
[2026-06-14T20:16:26.004Z] [1] λ  LOG  { colorScheme: 'light', setColorScheme: [Function (anonymous)] } {
[2026-06-14T20:16:26.004Z] [1]   '--color-primary': '#001A3D',
[2026-06-14T20:16:26.004Z] [1]   '--color-background': '#F8F9FA',
[2026-06-14T20:16:26.004Z] [1]   '--color-surface': '#FFFFFF',
[2026-06-14T20:16:26.004Z] [1]   '--color-foreground': '#0A0F1A',
[2026-06-14T20:16:26.004Z] [1]   '--color-muted': '#6B7280',
[2026-06-14T20:16:26.004Z] [1]   '--color-border': '#E5E7EB',
[2026-06-14T20:16:26.004Z] [1]   '--color-success': '#22C55E',
[2026-06-14T20:16:26.004Z] [1]   '--color-warning': '#F59E0B',
[2026-06-14T20:16:26.004Z] [1]   '--color-error': '#EF4444'
[2026-06-14T20:16:26.004Z] [1] }
[2026-06-14T20:16:26.115Z] [1] λ  WARN  props.pointerEvents is deprecated. Use style.pointerEvents
[2026-06-14T20:16:26.137Z] [1] Web node_modules/expo-router/entry.js ▓▓▓▓▓▓▓▓▓▓▓▓▓▓▓░ 96.4% (1498/1526)
[2026-06-14T20:16:26.251Z] [1] Web Bundled 5985ms node_modules/expo-router/entry.js (1538 modules)
[2026-06-14T20:16:26.290Z] [1] Error: Premature close
[2026-06-14T20:16:26.290Z] [1]     at onclose (node:internal/streams/end-of-stream:158:30)
[2026-06-14T20:16:26.290Z] [1]     at processTicksAndRejections (node:internal/process/task_queues:85:11)
[2026-06-14T20:16:29.636Z] [1] The following packages should be updated for best compatibility with the installed expo version:
[2026-06-14T20:16:29.636Z] [1]
[2026-06-14T20:16:29.636Z] expo@54.0.29 - expected version: ~54.0.35
[2026-06-14T20:16:29.637Z] [1]   expo-audio@1.1.0 - expected version: ~1.1.1
[2026-06-14T20:16:29.637Z] [1]   expo-constants@18.0.12 - expected version: ~18.0.13
[2026-06-14T20:16:29.637Z] [1]   expo-device@56.0.4 - expected version: ~8.0.10
[2026-06-14T20:16:29.637Z] [1]   expo-font@14.0.10 - expected version: ~14.0.12
[2026-06-14T20:16:29.638Z] [1]   expo-linking@8.0.10 - expected version: ~8.0.12
[2026-06-14T20:16:29.638Z] [1]   expo-local-authentication@56.0.4 - expected version: ~17.0.8
[2026-06-14T20:16:29.638Z] [1]   expo-notifications@0.32.15 - expected version: ~0.32.17
[2026-06-14T20:16:29.638Z] [1]   expo-router@6.0.19 - expected version: ~6.0.24
[2026-06-14T20:16:29.639Z] [1]   expo-splash-screen@31.0.12 - expected version: ~31.0.13
[2026-06-14T20:16:29.639Z] [1]   expo-video@3.0.15 - expected version: ~3.0.16
[2026-06-14T20:16:29.639Z] [1]   expo-web-browser@15.0.10 - expected version: ~15.0.11
[2026-06-14T20:16:29.639Z] [1] Your project may not work correctly until you install the expected versions of the packages.
[2026-06-14T20:16:29.650Z] [1] Waiting on http://localhost:8081
[2026-06-14T20:16:29.650Z] [1] Logs for your project will appear below.
[2026-06-14T20:16:30.024Z] [1] EXPO_USE_METRO_WORKSPACE_ROOT is enabled by default, use EXPO_NO_METRO_WORKSPACE_ROOT instead to disable.
[2026-06-14T20:16:30.027Z] [1] EXPO_USE_METRO_WORKSPACE_ROOT is enabled by default, use EXPO_NO_METRO_WORKSPACE_ROOT instead to disable.
[2026-06-14T20:16:30.233Z] [1] λ Bundled 27ms node_modules/expo-router/node/render.js (1 module)
[2026-06-14T20:16:30.376Z] [1] [expo-notifications] Listening to push token changes is not yet fully supported on web. Adding a listener will have no effect.
[2026-06-14T20:16:30.408Z] [1] λ  LOG  { colorScheme: 'light', setColorScheme: [Function (anonymous)] } {
[2026-06-14T20:16:30.408Z] [1]   '--color-primary': '#001A3D',
[2026-06-14T20:16:30.408Z] [1]   '--color-background': '#F8F9FA',
[2026-06-14T20:16:30.408Z] [1]   '--color-surface': '#FFFFFF',
[2026-06-14T20:16:30.408Z] [1]   '--color-foreground': '#0A0F1A',
[2026-06-14T20:16:30.408Z] [1]   '--color-muted': '#6B7280',
[2026-06-14T20:16:30.408Z] [1]   '--color-border': '#E5E7EB',
[2026-06-14T20:16:30.408Z] [1]   '--color-success': '#22C55E',
[2026-06-14T20:16:30.408Z] [1]   '--color-warning': '#F59E0B',
[2026-06-14T20:16:30.408Z] [1]   '--color-error': '#EF4444'
[2026-06-14T20:16:30.408Z] [1] }
[2026-06-14T20:16:30.473Z] [1] λ  WARN  props.pointerEvents is deprecated. Use style.pointerEvents
[2026-06-14T20:16:30.496Z] [1] Web node_modules/expo-router/entry.js ░░░░░░░░░░░░░░░░  0.0% (0/1)
[2026-06-14T20:16:30.508Z] [1] Web Bundled 477ms node_modules/expo-router/entry.js (1 module)
[2026-06-14T20:16:31.026Z] [1] EXPO_USE_METRO_WORKSPACE_ROOT is enabled by default, use EXPO_NO_METRO_WORKSPACE_ROOT instead to disable.
[2026-06-14T20:16:31.028Z] [1] EXPO_USE_METRO_WORKSPACE_ROOT is enabled by default, use EXPO_NO_METRO_WORKSPACE_ROOT instead to disable.
[2026-06-14T20:16:31.231Z] [1] λ Bundled 59ms node_modules/expo-router/node/render.js (1 module)
[2026-06-14T20:16:31.382Z] [1] [expo-notifications] Listening to push token changes is not yet fully supported on web. Adding a listener will have no effect.
[2026-06-14T20:16:31.416Z] [1] λ  LOG  { colorScheme: 'light', setColorScheme: [Function (anonymous)] } {
[2026-06-14T20:16:31.416Z] [1]   '--color-primary': '#001A3D',
[2026-06-14T20:16:31.416Z] [1]   '--color-background': '#F8F9FA',
[2026-06-14T20:16:31.416Z] [1]   '--color-surface': '#FFFFFF',
[2026-06-14T20:16:31.416Z] [1]   '--color-foreground': '#0A0F1A',
[2026-06-14T20:16:31.416Z] [1]   '--color-muted': '#6B7280',
[2026-06-14T20:16:31.416Z] [1]   '--color-border': '#E5E7EB',
[2026-06-14T20:16:31.416Z] [1]   '--color-success': '#22C55E',
[2026-06-14T20:16:31.416Z] [1]   '--color-warning': '#F59E0B',
[2026-06-14T20:16:31.416Z] [1]   '--color-error': '#EF4444'
[2026-06-14T20:16:31.416Z] [1] }
[2026-06-14T20:16:31.482Z] [1] λ  WARN  props.pointerEvents is deprecated. Use style.pointerEvents
[2026-06-14T20:16:31.506Z] [1] Web node_modules/expo-router/entry.js ░░░░░░░░░░░░░░░░  0.0% (0/1)
[2026-06-14T20:16:31.520Z] [1] Web Bundled 490ms node_modules/expo-router/entry.js (1 module)
[2026-06-14T20:16:31.950Z] [1] EXPO_USE_METRO_WORKSPACE_ROOT is enabled by default, use EXPO_NO_METRO_WORKSPACE_ROOT instead to disable.
[2026-06-14T20:16:31.952Z] [1] EXPO_USE_METRO_WORKSPACE_ROOT is enabled by default, use EXPO_NO_METRO_WORKSPACE_ROOT instead to disable.
[2026-06-14T20:16:32.133Z] [1] λ Bundled 48ms node_modules/expo-router/node/render.js (1 module)
[2026-06-14T20:16:32.289Z] [1] [expo-notifications] Listening to push token changes is not yet fully supported on web. Adding a listener will have no effect.
[2026-06-14T20:16:32.319Z] [1] λ  LOG  { colorScheme: 'light', setColorScheme: [Function (anonymous)] } {
[2026-06-14T20:16:32.320Z] [1]   '--color-primary': '#001A3D',
[2026-06-14T20:16:32.320Z] [1]   '--color-background': '#F8F9FA',
[2026-06-14T20:16:32.320Z] [1]   '--color-surface': '#FFFFFF',
[2026-06-14T20:16:32.320Z] [1]   '--color-foreground': '#0A0F1A',
[2026-06-14T20:16:32.320Z] [1]   '--color-muted': '#6B7280',
[2026-06-14T20:16:32.320Z] [1]   '--color-border': '#E5E7EB',
[2026-06-14T20:16:32.320Z] [1]   '--color-success': '#22C55E',
[2026-06-14T20:16:32.320Z] [1]   '--color-warning': '#F59E0B',
[2026-06-14T20:16:32.320Z] [1]   '--color-error': '#EF4444'
[2026-06-14T20:16:32.320Z] [1] }
[2026-06-14T20:16:32.376Z] [1] λ  WARN  props.pointerEvents is deprecated. Use style.pointerEvents
[2026-06-14T20:16:32.396Z] [1] Web node_modules/expo-router/entry.js ░░░░░░░░░░░░░░░░  0.0% (0/1)
[2026-06-14T20:16:32.396Z] [1] Web node_modules/expo-router/entry.js ░░░░░░░░░░░░░░░░  0.0% (0/1)
[2026-06-14T20:16:32.411Z] [1] Web Bundled 458ms node_modules/expo-router/entry.js (1 module)
[2026-06-14T20:16:33.806Z] [1] Web Bundled 2221ms node_modules/expo-router/entry.js (1538 modules)
[2026-06-14T20:16:33.870Z] [1] Web Bundled 1087ms node_modules/expo-router/entry.js (1 module)
[2026-06-14T20:16:34.571Z] [1]  LOG  [web] Logs will appear in the browser console
[2026-06-14T20:16:37.101Z] ELIFECYCLE  Command failed.
[2026-06-14T20:16:37.122Z] [0]  ELIFECYCLE  Command failed.
[2026-06-14T20:16:37.122Z] [1]  ELIFECYCLE  Command failed.
[2026-06-14T20:16:37.145Z] [0] 8:16:37 PM [tsx] Previous process hasn't exited yet. Force killing...
[2026-06-14T20:16:37.178Z] [0] pnpm dev:server exited with code SIGTERM
[2026-06-14T20:16:37.178Z] --> Sending SIGTERM to other processes..
[2026-06-14T20:16:37.874Z] [1] pnpm dev:metro exited with code SIGTERM
[2026-06-14T20:16:38.556Z] Lockfile is up to date, resolution step is skipped
[2026-06-14T20:16:38.884Z] Progress: resolved 0, reused 1, downloaded 0, added 0
[2026-06-14T20:16:39.118Z] Dev server exited with code -1
[2026-06-14T20:16:40.153Z] Starting dev server with command: pnpm run dev
[2026-06-14T20:16:41.490Z] > app-template@1.0.0 dev /home/ubuntu/aldwych-mobile-app
[2026-06-14T20:16:41.491Z] > concurrently -k "pnpm dev:server" "pnpm dev:metro"
[2026-06-14T20:16:42.314Z] [1]
[2026-06-14T20:16:42.314Z] [1] > app-template@1.0.0 dev:metro /home/ubuntu/aldwych-mobile-app
[2026-06-14T20:16:42.314Z] [1] > cross-env EXPO_USE_METRO_WORKSPACE_ROOT=1 npx expo start --web --port ${EXPO_PORT:-8081}
[2026-06-14T20:16:42.314Z] [1]
[2026-06-14T20:16:42.315Z] [0]
[2026-06-14T20:16:42.315Z] [0] > app-template@1.0.0 dev:server /home/ubuntu/aldwych-mobile-app
[2026-06-14T20:16:42.315Z] [0] > cross-env NODE_ENV=development tsx watch server/_core/index.ts
[2026-06-14T20:16:42.315Z] [0]
[2026-06-14T20:16:43.127Z] [1] Starting project at /home/ubuntu/aldwych-mobile-app
[2026-06-14T20:16:43.639Z] [1]
[2026-06-14T20:16:43.639Z] EXPO_USE_METRO_WORKSPACE_ROOT is enabled by default, use EXPO_NO_METRO_WORKSPACE_ROOT instead to disable.
[2026-06-14T20:16:44.121Z] [1]
[2026-06-14T20:16:44.121Z] EXPO_USE_METRO_WORKSPACE_ROOT is enabled by default, use EXPO_NO_METRO_WORKSPACE_ROOT instead to disable.
[2026-06-14T20:16:44.121Z] [1] EXPO_USE_METRO_WORKSPACE_ROOT is enabled by default, use EXPO_NO_METRO_WORKSPACE_ROOT instead to disable.
[2026-06-14T20:16:44.122Z] [1] EXPO_USE_METRO_WORKSPACE_ROOT is enabled by default, use EXPO_NO_METRO_WORKSPACE_ROOT instead to disable.
[2026-06-14T20:16:44.424Z] [1] React Compiler enabled
[2026-06-14T20:16:44.619Z] [1] Starting Metro Bundler
[2026-06-14T20:16:44.655Z] [1] EXPO_USE_METRO_WORKSPACE_ROOT is enabled by default, use EXPO_NO_METRO_WORKSPACE_ROOT instead to disable.
[2026-06-14T20:16:44.911Z] [1] The following packages should be updated for best compatibility with the installed expo version:
[2026-06-14T20:16:44.912Z] [1]   expo@54.0.29 - expected version: ~54.0.35
[2026-06-14T20:16:44.912Z] [1]   expo-audio@1.1.0 - expected version: ~1.1.1
[2026-06-14T20:16:44.912Z] [1]   expo-constants@18.0.12 - expected version: ~18.0.13
[2026-06-14T20:16:44.912Z] [1]   expo-device@56.0.4 - expected version: ~8.0.10
[2026-06-14T20:16:44.912Z] [1]   expo-font@14.0.10 - expected version: ~14.0.12
[2026-06-14T20:16:44.912Z] [1]   expo-linking@8.0.10 - expected version: ~8.0.12
[2026-06-14T20:16:44.912Z] [1]   expo-local-authentication@56.0.4 - expected version: ~17.0.8
[2026-06-14T20:16:44.912Z] [1]   expo-notifications@0.32.15 - expected version: ~0.32.17
[2026-06-14T20:16:44.912Z] [1]   expo-router@6.0.19 - expected version: ~6.0.24
[2026-06-14T20:16:44.912Z] [1]   expo-splash-screen@31.0.12 - expected version: ~31.0.13
[2026-06-14T20:16:44.912Z] [1]   expo-video@3.0.15 - expected version: ~3.0.16
[2026-06-14T20:16:44.912Z] [1]   expo-web-browser@15.0.10 - expected version: ~15.0.11
[2026-06-14T20:16:44.912Z] [1] Your project may not work correctly until you install the expected versions of the packages.
[2026-06-14T20:16:44.929Z] [1] Waiting on http://localhost:8081
[2026-06-14T20:16:44.929Z] [1] Logs for your project will appear below.
[2026-06-14T20:16:45.222Z] [1] EXPO_USE_METRO_WORKSPACE_ROOT is enabled by default, use EXPO_NO_METRO_WORKSPACE_ROOT instead to disable.
[2026-06-14T20:16:45.224Z] [1] EXPO_USE_METRO_WORKSPACE_ROOT is enabled by default, use EXPO_NO_METRO_WORKSPACE_ROOT instead to disable.
[2026-06-14T20:16:46.417Z] [0] [OAuth] Initialized with baseURL: https://api.manus.im
[2026-06-14T20:16:46.590Z] [0] [api] server listening on port 3000
[2026-06-14T20:16:51.191Z] [1] EXPO_USE_METRO_WORKSPACE_ROOT is enabled by default, use EXPO_NO_METRO_WORKSPACE_ROOT instead to disable.
[2026-06-14T20:16:51.192Z] [1] EXPO_USE_METRO_WORKSPACE_ROOT is enabled by default, use EXPO_NO_METRO_WORKSPACE_ROOT instead to disable.
[2026-06-14T20:16:51.246Z] [1] EXPO_USE_METRO_WORKSPACE_ROOT is enabled by default, use EXPO_NO_METRO_WORKSPACE_ROOT instead to disable.
[2026-06-14T20:16:51.247Z] [1] EXPO_USE_METRO_WORKSPACE_ROOT is enabled by default, use EXPO_NO_METRO_WORKSPACE_ROOT instead to disable.
[2026-06-14T20:16:52.356Z] [1] Web node_modules/expo-router/entry.js ░░░░░░░░░░░░░░░░  0.0% (0/1)
[2026-06-14T20:16:52.356Z] [1] λ node_modules/expo-router/node/render.js ░░░░░░░░░░░░░░░░  0.0% (0/1)
[2026-06-14T20:16:52.356Z] [1] Web node_modules/expo-router/entry.js ░░░░░░░░░░░░░░░░  0.0% (0/1)
[2026-06-14T20:16:52.356Z] [1] λ node_modules/expo-router/node/render.js ░░░░░░░░░░░░░░░░  0.0% (0/1)
[2026-06-14T20:16:52.356Z] [1] Web node_modules/expo-router/entry.js ░░░░░░░░░░░░░░░░  0.0% (0/1)
[2026-06-14T20:16:52.356Z] [1] λ node_modules/expo-router/node/render.js ░░░░░░░░░░░░░░░░  0.0% (0/1)
[2026-06-14T20:16:55.734Z] [1] λ Bundled 3400ms node_modules/expo-router/node/render.js (1 module)
[2026-06-14T20:16:55.876Z] [1] Web node_modules/expo-router/entry.js ▓▓▓▓▓▓▓▓▓▓▓▓▓▓▓░ 94.0% (0/1)
[2026-06-14T20:16:55.876Z] [1] Web node_modules/expo-router/entry.js ░░░░░░░░░░░░░░░░  0.0% (0/1)
[2026-06-14T20:16:55.876Z] [1] λ node_modules/expo-router/node/render.js ░░░░░░░░░░░░░░░░  0.0% (0/1)
[2026-06-14T20:16:55.876Z] [1] Web node_modules/expo-router/entry.js ░░░░░░░░░░░░░░░░  0.0% (0/1)
[2026-06-14T20:16:55.876Z] [1] λ node_modules/expo-router/node/render.js ░░░░░░░░░░░░░░░░  0.0% (0/1)
[2026-06-14T20:16:57.829Z] [1] [expo-notifications] Listening to push token changes is not yet fully supported on web. Adding a listener will have no effect.
[2026-06-14T20:16:57.983Z] [1] λ  LOG  { colorScheme: 'light', setColorScheme: [Function (anonymous)] } {
[2026-06-14T20:16:57.983Z] [1]   '--color-primary': '#001A3D',
[2026-06-14T20:16:57.983Z] [1]   '--color-background': '#F8F9FA',
[2026-06-14T20:16:57.983Z] [1]   '--color-surface': '#FFFFFF',
[2026-06-14T20:16:57.983Z] [1]   '--color-foreground': '#0A0F1A',
[2026-06-14T20:16:57.983Z] [1]   '--color-muted': '#6B7280',
[2026-06-14T20:16:57.983Z] [1]   '--color-border': '#E5E7EB',
[2026-06-14T20:16:57.983Z] [1]   '--color-success': '#22C55E',
[2026-06-14T20:16:57.983Z] [1]   '--color-warning': '#F59E0B',
[2026-06-14T20:16:57.983Z] [1]   '--color-error': '#EF4444'
[2026-06-14T20:16:57.983Z] [1] }
[2026-06-14T20:16:58.088Z] [1] λ  WARN  props.pointerEvents is deprecated. Use style.pointerEvents
[2026-06-14T20:16:58.110Z] [1] Web node_modules/expo-router/entry.js ▓▓▓▓▓▓▓▓▓▓▓▓▓▓▓░ 94.0% (0/1)
[2026-06-14T20:16:58.110Z] [1] Web node_modules/expo-router/entry.js ░░░░░░░░░░░░░░░░  0.0% (0/1)
[2026-06-14T20:16:58.110Z] [1] λ node_modules/expo-router/node/render.js ░░░░░░░░░░░░░░░░  0.0% (0/1)
[2026-06-14T20:16:58.110Z] [1] Web node_modules/expo-router/entry.js ░░░░░░░░░░░░░░░░  0.0% (0/1)
[2026-06-14T20:16:58.110Z] [1] λ node_modules/expo-router/node/render.js ░░░░░░░░░░░░░░░░  0.0% (0/1)
[2026-06-14T20:16:58.163Z] [1] λ Bundled 5828ms node_modules/expo-router/node/render.js (1 module)
[2026-06-14T20:16:58.412Z] [1] λ Bundled 5913ms node_modules/expo-router/node/render.js (1 module)
[2026-06-14T20:16:58.757Z] [1] [expo-notifications] Listening to push token changes is not yet fully supported on web. Adding a listener will have no effect.
[2026-06-14T20:16:58.795Z] [1]
[2026-06-14T20:16:58.795Z] λ  LOG  { colorScheme: 'light', setColorScheme: [Function (anonymous)] } {
[2026-06-14T20:16:58.795Z] [1]   '--color-primary': '#001A3D',
[2026-06-14T20:16:58.795Z] [1]   '--color-background': '#F8F9FA',
[2026-06-14T20:16:58.795Z] [1]   '--color-surface': '#FFFFFF',
[2026-06-14T20:16:58.795Z] [1]   '--color-foreground': '#0A0F1A',
[2026-06-14T20:16:58.795Z] [1]   '--color-muted': '#6B7280',
[2026-06-14T20:16:58.795Z] [1]   '--color-border': '#E5E7EB',
[2026-06-14T20:16:58.795Z] [1]   '--color-success': '#22C55E',
[2026-06-14T20:16:58.795Z] [1]   '--color-warning': '#F59E0B',
[2026-06-14T20:16:58.795Z] [1]   '--color-error': '#EF4444'
[2026-06-14T20:16:58.795Z] [1] }
[2026-06-14T20:16:58.868Z] [1]
[2026-06-14T20:16:58.868Z] λ  WARN  props.pointerEvents is deprecated. Use style.pointerEvents
[2026-06-14T20:16:58.894Z] [1] Web node_modules/expo-router/entry.js ▓▓▓▓▓▓▓▓▓▓▓▓▓▓▓░ 94.0% (0/1)
[2026-06-14T20:16:58.894Z] [1] Web node_modules/expo-router/entry.js ░░░░░░░░░░░░░░░░  0.0% (0/1)
[2026-06-14T20:16:58.894Z] [1] Web node_modules/expo-router/entry.js ░░░░░░░░░░░░░░░░  0.0% (0/1)
[2026-06-14T20:16:59.066Z] [1] [expo-notifications] Listening to push token changes is not yet fully supported on web. Adding a listener will have no effect.
[2026-06-14T20:16:59.100Z] [1]
[2026-06-14T20:16:59.100Z] λ  LOG  { colorScheme: 'light', setColorScheme: [Function (anonymous)] } {
[2026-06-14T20:16:59.100Z] [1]   '--color-primary': '#001A3D',
[2026-06-14T20:16:59.100Z] [1]   '--color-background': '#F8F9FA',
[2026-06-14T20:16:59.100Z] [1]   '--color-surface': '#FFFFFF',
[2026-06-14T20:16:59.100Z] [1]   '--color-foreground': '#0A0F1A',
[2026-06-14T20:16:59.100Z] [1]   '--color-muted': '#6B7280',
[2026-06-14T20:16:59.100Z] [1]   '--color-border': '#E5E7EB',
[2026-06-14T20:16:59.100Z] [1]   '--color-success': '#22C55E',
[2026-06-14T20:16:59.100Z] [1]   '--color-warning': '#F59E0B',
[2026-06-14T20:16:59.100Z] [1]   '--color-error': '#EF4444'
[2026-06-14T20:16:59.100Z] [1] }
[2026-06-14T20:16:59.182Z] [1] λ  WARN  props.pointerEvents is deprecated. Use style.pointerEvents
[2026-06-14T20:16:59.234Z] [1]
[2026-06-14T20:16:59.234Z] Web node_modules/expo-router/entry.js ▓▓▓▓▓▓▓▓▓▓▓▓▓▓▓░ 94.0% (0/1)
[2026-06-14T20:16:59.234Z] [1] Web node_modules/expo-router/entry.js ░░░░░░░░░░░░░░░░  0.0% (0/1)
[2026-06-14T20:16:59.234Z] [1] Web node_modules/expo-router/entry.js ░░░░░░░░░░░░░░░░  0.0% (0/1)
[2026-06-14T20:16:59.237Z] [1]
[2026-06-14T20:16:59.237Z] Web Bundled 6904ms node_modules/expo-router/entry.js (1 module)
[2026-06-14T20:16:59.340Z] [1]
[2026-06-14T20:16:59.340Z] Web Bundled 6939ms node_modules/expo-router/entry.js (1 module)
[2026-06-14T20:16:59.340Z] [1] Web Bundled 6973ms node_modules/expo-router/entry.js (1 module)
[2026-06-14T20:17:01.458Z] [1] Web Bundled 2056ms node_modules/expo-router/entry.js (1528 modules)
[2026-06-14T20:17:01.527Z] [1] Web Bundled 2066ms node_modules/expo-router/entry.js (1 module)
[2026-06-14T20:17:01.849Z] [1] Web Bundled 84ms node_modules/expo-router/entry.js (1 module)
[2026-06-14T20:17:02.367Z] [1]  LOG  [web] Logs will appear in the browser console
[2026-06-14T20:17:02.555Z] [1]
[2026-06-14T20:17:02.555Z] LOG  [web] Logs will appear in the browser console
[2026-06-14T20:17:02.593Z] [1]
[2026-06-14T20:17:02.593Z] LOG  [web] Logs will appear in the browser console
[2026-06-14T20:17:51.090Z] [1] EXPO_USE_METRO_WORKSPACE_ROOT is enabled by default, use EXPO_NO_METRO_WORKSPACE_ROOT instead to disable.
[2026-06-14T20:17:51.091Z] [1] EXPO_USE_METRO_WORKSPACE_ROOT is enabled by default, use EXPO_NO_METRO_WORKSPACE_ROOT instead to disable.
[2026-06-14T20:17:51.094Z] [1] Web node_modules/expo-router/entry.js ░░░░░░░░░░░░░░░░  0.0% (0/1)
[2026-06-14T20:17:51.175Z] [1] λ Bundled 80ms node_modules/expo-router/node/render.js (1 module)
[2026-06-14T20:17:51.375Z] [1] EXPO_USE_METRO_WORKSPACE_ROOT is enabled by default, use EXPO_NO_METRO_WORKSPACE_ROOT instead to disable.
[2026-06-14T20:17:51.377Z] [1] EXPO_USE_METRO_WORKSPACE_ROOT is enabled by default, use EXPO_NO_METRO_WORKSPACE_ROOT instead to disable.
[2026-06-14T20:17:51.631Z] [1] λ Bundled 64ms node_modules/expo-router/node/render.js (1 module)
[2026-06-14T20:17:51.783Z] [1] [expo-notifications] Listening to push token changes is not yet fully supported on web. Adding a listener will have no effect.
[2026-06-14T20:17:51.836Z] [1] λ  LOG  { colorScheme: 'light', setColorScheme: [Function (anonymous)] } {
[2026-06-14T20:17:51.836Z] [1]   '--color-primary': '#001A3D',
[2026-06-14T20:17:51.836Z] [1]   '--color-background': '#F8F9FA',
[2026-06-14T20:17:51.836Z] [1]   '--color-surface': '#FFFFFF',
[2026-06-14T20:17:51.836Z] [1]   '--color-foreground': '#0A0F1A',
[2026-06-14T20:17:51.836Z] [1]   '--color-muted': '#6B7280',
[2026-06-14T20:17:51.836Z] [1]   '--color-border': '#E5E7EB',
[2026-06-14T20:17:51.836Z] [1]   '--color-success': '#22C55E',
[2026-06-14T20:17:51.836Z] [1]   '--color-warning': '#F59E0B',
[2026-06-14T20:17:51.836Z] [1]   '--color-error': '#EF4444'
[2026-06-14T20:17:51.836Z] [1] }
[2026-06-14T20:17:51.927Z] [1] λ  WARN  props.pointerEvents is deprecated. Use style.pointerEvents
[2026-06-14T20:17:51.977Z] [1] Web node_modules/expo-router/entry.js ░░░░░░░░░░░░░░░░  0.0% (0/1)
[2026-06-14T20:17:51.977Z] [1] Web node_modules/expo-router/entry.js ░░░░░░░░░░░░░░░░  0.0% (0/1)
[2026-06-14T20:17:52.143Z] [1] [expo-notifications] Listening to push token changes is not yet fully supported on web. Adding a listener will have no effect.
[2026-06-14T20:17:52.179Z] [1] λ  LOG  { colorScheme: 'light', setColorScheme: [Function (anonymous)] } {
[2026-06-14T20:17:52.179Z] [1]   '--color-primary': '#001A3D',
[2026-06-14T20:17:52.179Z] [1]   '--color-background': '#F8F9FA',
[2026-06-14T20:17:52.179Z] [1]   '--color-surface': '#FFFFFF',
[2026-06-14T20:17:52.179Z] [1]   '--color-foreground': '#0A0F1A',
[2026-06-14T20:17:52.179Z] [1]   '--color-muted': '#6B7280',
[2026-06-14T20:17:52.179Z] [1]   '--color-border': '#E5E7EB',
[2026-06-14T20:17:52.179Z] [1]   '--color-success': '#22C55E',
[2026-06-14T20:17:52.179Z] [1]   '--color-warning': '#F59E0B',
[2026-06-14T20:17:52.179Z] [1]   '--color-error': '#EF4444'
[2026-06-14T20:17:52.179Z] [1] }
[2026-06-14T20:17:52.250Z] [1] λ  WARN  props.pointerEvents is deprecated. Use style.pointerEvents
[2026-06-14T20:17:52.294Z] [1] Web node_modules/expo-router/entry.js ░░░░░░░░░░░░░░░░  0.0% (0/1)
[2026-06-14T20:17:52.294Z] [1] Web node_modules/expo-router/entry.js ░░░░░░░░░░░░░░░░  0.0% (0/1)
[2026-06-14T20:17:52.317Z] [1] Web Bundled 1223ms node_modules/expo-router/entry.js (1 module)
[2026-06-14T20:17:52.394Z] [1] Web Bundled 963ms node_modules/expo-router/entry.js (1 module)
[2026-06-14T20:17:52.487Z] [1] Web Bundled 68ms node_modules/expo-router/entry.js (1 module)
[2026-06-14T20:17:52.699Z] [1] Web Bundled 57ms node_modules/expo-router/entry.js (1 module)
[2026-06-14T20:17:52.782Z] [1] EXPO_USE_METRO_WORKSPACE_ROOT is enabled by default, use EXPO_NO_METRO_WORKSPACE_ROOT instead to disable.
[2026-06-14T20:17:52.783Z] [1] EXPO_USE_METRO_WORKSPACE_ROOT is enabled by default, use EXPO_NO_METRO_WORKSPACE_ROOT instead to disable.
[2026-06-14T20:17:52.960Z] [1] λ Bundled 43ms node_modules/expo-router/node/render.js (1 module)
[2026-06-14T20:17:53.118Z] [1] [expo-notifications] Listening to push token changes is not yet fully supported on web. Adding a listener will have no effect.
[2026-06-14T20:17:53.153Z] [1] λ  LOG  { colorScheme: 'light', setColorScheme: [Function (anonymous)] } {
[2026-06-14T20:17:53.153Z] [1]   '--color-primary': '#001A3D',
[2026-06-14T20:17:53.153Z] [1]   '--color-background': '#F8F9FA',
[2026-06-14T20:17:53.153Z] [1]   '--color-surface': '#FFFFFF',
[2026-06-14T20:17:53.153Z] [1]   '--color-foreground': '#0A0F1A',
[2026-06-14T20:17:53.153Z] [1]   '--color-muted': '#6B7280',
[2026-06-14T20:17:53.153Z] [1]   '--color-border': '#E5E7EB',
[2026-06-14T20:17:53.154Z] [1]   '--color-success': '#22C55E',
[2026-06-14T20:17:53.154Z] [1]   '--color-warning': '#F59E0B',
[2026-06-14T20:17:53.154Z] [1]   '--color-error': '#EF4444'
[2026-06-14T20:17:53.154Z] [1] }
[2026-06-14T20:17:53.217Z] [1] λ  WARN  props.pointerEvents is deprecated. Use style.pointerEvents
[2026-06-14T20:17:53.251Z] [1] Web node_modules/expo-router/entry.js ░░░░░░░░░░░░░░░░  0.0% (0/1)
[2026-06-14T20:17:53.257Z] [1]  LOG  [web] Logs will appear in the browser console
[2026-06-14T20:17:53.312Z] [1] Web Bundled 497ms node_modules/expo-router/entry.js (1 module)
[2026-06-14T20:17:53.712Z] [1] Web Bundled 62ms node_modules/expo-router/entry.js (1 module)
[2026-06-14T20:17:53.922Z] [1]  LOG  [web] Logs will appear in the browser console
[2026-06-14T20:17:55.944Z] [1] EXPO_USE_METRO_WORKSPACE_ROOT is enabled by default, use EXPO_NO_METRO_WORKSPACE_ROOT instead to disable.
[2026-06-14T20:17:55.946Z] [1] EXPO_USE_METRO_WORKSPACE_ROOT is enabled by default, use EXPO_NO_METRO_WORKSPACE_ROOT instead to disable.
[2026-06-14T20:17:56.129Z] [1] λ Bundled 48ms node_modules/expo-router/node/render.js (1 module)
[2026-06-14T20:17:56.269Z] [1] [expo-notifications] Listening to push token changes is not yet fully supported on web. Adding a listener will have no effect.
[2026-06-14T20:17:56.303Z] [1] λ  LOG  { colorScheme: 'light', setColorScheme: [Function (anonymous)] } {
[2026-06-14T20:17:56.303Z] [1]   '--color-primary': '#001A3D',
[2026-06-14T20:17:56.303Z] [1]   '--color-background': '#F8F9FA',
[2026-06-14T20:17:56.303Z] [1]   '--color-surface': '#FFFFFF',
[2026-06-14T20:17:56.303Z] [1]   '--color-foreground': '#0A0F1A',
[2026-06-14T20:17:56.303Z] [1]   '--color-muted': '#6B7280',
[2026-06-14T20:17:56.303Z] [1]   '--color-border': '#E5E7EB',
[2026-06-14T20:17:56.303Z] [1]   '--color-success': '#22C55E',
[2026-06-14T20:17:56.303Z] [1]   '--color-warning': '#F59E0B',
[2026-06-14T20:17:56.303Z] [1]   '--color-error': '#EF4444'
[2026-06-14T20:17:56.303Z] [1] }
[2026-06-14T20:17:56.361Z] [1]
[2026-06-14T20:17:56.361Z] λ  WARN  props.pointerEvents is deprecated. Use style.pointerEvents
[2026-06-14T20:17:56.384Z] [1] Web node_modules/expo-router/entry.js ░░░░░░░░░░░░░░░░  0.0% (0/1)
[2026-06-14T20:17:56.404Z] [1] Web Bundled 456ms node_modules/expo-router/entry.js (1 module)
[2026-06-14T20:17:56.649Z] [1]  LOG  [web] Logs will appear in the browser console
[2026-06-14T20:17:57.099Z] ELIFECYCLE  Command failed.
[2026-06-14T20:17:57.117Z] [1]
[2026-06-14T20:17:57.117Z] ELIFECYCLE  Command failed.
[2026-06-14T20:17:57.117Z] [0]
[2026-06-14T20:17:57.118Z] ELIFECYCLE  Command failed.
[2026-06-14T20:17:57.143Z] [0] 8:17:57 PM [tsx] Previous process hasn't exited yet. Force killing...
[2026-06-14T20:17:57.174Z] [0] pnpm dev:server exited with code SIGTERM
[2026-06-14T20:17:57.174Z] --> Sending SIGTERM to other processes..
[2026-06-14T20:17:57.902Z] [1] pnpm dev:metro exited with code SIGTERM
[2026-06-14T20:17:58.533Z] Lockfile is up to date, resolution step is skipped
[2026-06-14T20:17:59.125Z] Dev server exited with code -1
[2026-06-14T20:18:00.157Z] Starting dev server with command: pnpm run dev
[2026-06-14T20:18:01.402Z] > app-template@1.0.0 dev /home/ubuntu/aldwych-mobile-app
[2026-06-14T20:18:01.402Z] > concurrently -k "pnpm dev:server" "pnpm dev:metro"
[2026-06-14T20:18:02.159Z] [0]
[2026-06-14T20:18:02.159Z] [0] > app-template@1.0.0 dev:server /home/ubuntu/aldwych-mobile-app
[2026-06-14T20:18:02.159Z] [0] > cross-env NODE_ENV=development tsx watch server/_core/index.ts
[2026-06-14T20:18:02.159Z] [0]
[2026-06-14T20:18:02.185Z] [1]
[2026-06-14T20:18:02.185Z] [1] > app-template@1.0.0 dev:metro /home/ubuntu/aldwych-mobile-app
[2026-06-14T20:18:02.185Z] [1] > cross-env EXPO_USE_METRO_WORKSPACE_ROOT=1 npx expo start --web --port ${EXPO_PORT:-8081}
[2026-06-14T20:18:02.185Z] [1]
[2026-06-14T20:18:03.112Z] [1] Starting project at /home/ubuntu/aldwych-mobile-app
[2026-06-14T20:18:03.657Z] [1]
[2026-06-14T20:18:03.657Z] EXPO_USE_METRO_WORKSPACE_ROOT is enabled by default, use EXPO_NO_METRO_WORKSPACE_ROOT instead to disable.
[2026-06-14T20:18:04.108Z] [1]
[2026-06-14T20:18:04.108Z] EXPO_USE_METRO_WORKSPACE_ROOT is enabled by default, use EXPO_NO_METRO_WORKSPACE_ROOT instead to disable.
[2026-06-14T20:18:04.108Z] [1] EXPO_USE_METRO_WORKSPACE_ROOT is enabled by default, use EXPO_NO_METRO_WORKSPACE_ROOT instead to disable.
[2026-06-14T20:18:04.110Z] [1] EXPO_USE_METRO_WORKSPACE_ROOT is enabled by default, use EXPO_NO_METRO_WORKSPACE_ROOT instead to disable.
[2026-06-14T20:18:04.436Z] [1]
[2026-06-14T20:18:04.437Z] React Compiler enabled
[2026-06-14T20:18:04.667Z] [1] Starting Metro Bundler
[2026-06-14T20:18:04.711Z] [1] EXPO_USE_METRO_WORKSPACE_ROOT is enabled by default, use EXPO_NO_METRO_WORKSPACE_ROOT instead to disable.
[2026-06-14T20:18:05.233Z] [1] EXPO_USE_METRO_WORKSPACE_ROOT is enabled by default, use EXPO_NO_METRO_WORKSPACE_ROOT instead to disable.
[2026-06-14T20:18:05.236Z] [1] EXPO_USE_METRO_WORKSPACE_ROOT is enabled by default, use EXPO_NO_METRO_WORKSPACE_ROOT instead to disable.
[2026-06-14T20:18:06.267Z] [0] [OAuth] Initialized with baseURL: https://api.manus.im
[2026-06-14T20:18:06.421Z] [0] [api] server listening on port 3000
[2026-06-14T20:18:06.644Z] [1] EXPO_USE_METRO_WORKSPACE_ROOT is enabled by default, use EXPO_NO_METRO_WORKSPACE_ROOT instead to disable.
[2026-06-14T20:18:06.646Z] [1] EXPO_USE_METRO_WORKSPACE_ROOT is enabled by default, use EXPO_NO_METRO_WORKSPACE_ROOT instead to disable.
[2026-06-14T20:18:09.502Z] [1] EXPO_USE_METRO_WORKSPACE_ROOT is enabled by default, use EXPO_NO_METRO_WORKSPACE_ROOT instead to disable.
[2026-06-14T20:18:09.503Z] [1] EXPO_USE_METRO_WORKSPACE_ROOT is enabled by default, use EXPO_NO_METRO_WORKSPACE_ROOT instead to disable.
[2026-06-14T20:18:10.393Z] [1] EXPO_USE_METRO_WORKSPACE_ROOT is enabled by default, use EXPO_NO_METRO_WORKSPACE_ROOT instead to disable.
[2026-06-14T20:18:10.394Z] [1] EXPO_USE_METRO_WORKSPACE_ROOT is enabled by default, use EXPO_NO_METRO_WORKSPACE_ROOT instead to disable.
[2026-06-14T20:18:11.081Z] [1] EXPO_USE_METRO_WORKSPACE_ROOT is enabled by default, use EXPO_NO_METRO_WORKSPACE_ROOT instead to disable.
[2026-06-14T20:18:11.082Z] [1] EXPO_USE_METRO_WORKSPACE_ROOT is enabled by default, use EXPO_NO_METRO_WORKSPACE_ROOT instead to disable.
[2026-06-14T20:18:11.457Z] [1] EXPO_USE_METRO_WORKSPACE_ROOT is enabled by default, use EXPO_NO_METRO_WORKSPACE_ROOT instead to disable.
[2026-06-14T20:18:11.458Z] [1] EXPO_USE_METRO_WORKSPACE_ROOT is enabled by default, use EXPO_NO_METRO_WORKSPACE_ROOT instead to disable.
[2026-06-14T20:18:11.906Z] [1] EXPO_USE_METRO_WORKSPACE_ROOT is enabled by default, use EXPO_NO_METRO_WORKSPACE_ROOT instead to disable.
[2026-06-14T20:18:11.907Z] [1] EXPO_USE_METRO_WORKSPACE_ROOT is enabled by default, use EXPO_NO_METRO_WORKSPACE_ROOT instead to disable.
[2026-06-14T20:18:12.275Z] [1]
[2026-06-14T20:18:12.275Z] Web node_modules/expo-router/entry.js ░░░░░░░░░░░░░░░░  0.0% (0/1)
[2026-06-14T20:18:12.275Z] [1] λ node_modules/expo-router/node/render.js ░░░░░░░░░░░░░░░░  0.0% (0/1)
[2026-06-14T20:18:12.275Z] [1] Web node_modules/expo-router/entry.js ░░░░░░░░░░░░░░░░  0.0% (0/1)
[2026-06-14T20:18:12.275Z] [1] λ node_modules/expo-router/node/render.js ░░░░░░░░░░░░░░░░  0.0% (0/1)
[2026-06-14T20:18:12.275Z] [1] Web node_modules/expo-router/entry.js ░░░░░░░░░░░░░░░░  0.0% (0/1)
[2026-06-14T20:18:12.275Z] [1] λ node_modules/expo-router/node/render.js ░░░░░░░░░░░░░░░░  0.0% (0/1)
[2026-06-14T20:18:12.275Z] [1] Web node_modules/expo-router/entry.js ░░░░░░░░░░░░░░░░  0.0% (0/1)
[2026-06-14T20:18:12.275Z] [1] λ node_modules/expo-router/node/render.js ░░░░░░░░░░░░░░░░  0.0% (0/1)
[2026-06-14T20:18:12.275Z] [1] Web node_modules/expo-router/entry.js ░░░░░░░░░░░░░░░░  0.0% (0/1)
[2026-06-14T20:18:12.276Z] [1] λ node_modules/expo-router/node/render.js ░░░░░░░░░░░░░░░░  0.0% (0/1)
[2026-06-14T20:18:12.276Z] [1] Web node_modules/expo-router/entry.js ░░░░░░░░░░░░░░░░  0.0% (0/1)
[2026-06-14T20:18:12.276Z] [1] λ node_modules/expo-router/node/render.js ░░░░░░░░░░░░░░░░  0.0% (0/1)
[2026-06-14T20:18:12.276Z] [1] Web node_modules/expo-router/entry.js ░░░░░░░░░░░░░░░░  0.0% (0/1)
[2026-06-14T20:18:12.276Z] [1] λ node_modules/expo-router/node/render.js ░░░░░░░░░░░░░░░░  0.0% (0/1)
[2026-06-14T20:18:12.322Z] [1] The following packages should be updated for best compatibility with the installed expo version:
[2026-06-14T20:18:12.323Z] [1]   expo@54.0.29 - expected version: ~54.0.35
[2026-06-14T20:18:12.323Z] [1]   expo-audio@1.1.0 - expected version: ~1.1.1
[2026-06-14T20:18:12.323Z] [1]   expo-constants@18.0.12 - expected version: ~18.0.13
[2026-06-14T20:18:12.323Z] [1]   expo-device@56.0.4 - expected version: ~8.0.10
[2026-06-14T20:18:12.323Z] [1]   expo-font@14.0.10 - expected version: ~14.0.12
[2026-06-14T20:18:12.323Z] [1]   expo-linking@8.0.10 - expected version: ~8.0.12
[2026-06-14T20:18:12.323Z] [1]   expo-local-authentication@56.0.4 - expected version: ~17.0.8
[2026-06-14T20:18:12.323Z] [1]   expo-notifications@0.32.15 - expected version: ~0.32.17
[2026-06-14T20:18:12.324Z] [1]   expo-router@6.0.19 - expected version: ~6.0.24
[2026-06-14T20:18:12.324Z] [1]   expo-splash-screen@31.0.12 - expected version: ~31.0.13
[2026-06-14T20:18:12.324Z] [1]   expo-video@3.0.15 - expected version: ~3.0.16
[2026-06-14T20:18:12.324Z] [1]   expo-web-browser@15.0.10 - expected version: ~15.0.11
[2026-06-14T20:18:12.324Z] [1] Your project may not work correctly until you install the expected versions of the packages.
[2026-06-14T20:18:12.329Z] [1] EXPO_USE_METRO_WORKSPACE_ROOT is enabled by default, use EXPO_NO_METRO_WORKSPACE_ROOT instead to disable.
[2026-06-14T20:18:12.329Z] [1] EXPO_USE_METRO_WORKSPACE_ROOT is enabled by default, use EXPO_NO_METRO_WORKSPACE_ROOT instead to disable.
[2026-06-14T20:18:12.364Z] [1] Waiting on http://localhost:8081
[2026-06-14T20:18:12.364Z] [1] Logs for your project will appear below.
[2026-06-14T20:18:12.364Z] [1] Web node_modules/expo-router/entry.js ░░░░░░░░░░░░░░░░  0.0% (0/1)
[2026-06-14T20:18:12.364Z] [1] λ node_modules/expo-router/node/render.js ░░░░░░░░░░░░░░░░  0.0% (0/1)
[2026-06-14T20:18:12.364Z] [1] Web node_modules/expo-router/entry.js ░░░░░░░░░░░░░░░░  0.0% (0/1)
[2026-06-14T20:18:12.364Z] [1] λ node_modules/expo-router/node/render.js ░░░░░░░░░░░░░░░░  0.0% (0/1)
[2026-06-14T20:18:12.364Z] [1] Web node_modules/expo-router/entry.js ░░░░░░░░░░░░░░░░  0.0% (0/1)
[2026-06-14T20:18:12.364Z] [1] λ node_modules/expo-router/node/render.js ░░░░░░░░░░░░░░░░  0.0% (0/1)
[2026-06-14T20:18:12.364Z] [1] Web node_modules/expo-router/entry.js ░░░░░░░░░░░░░░░░  0.0% (0/1)
[2026-06-14T20:18:12.364Z] [1] λ node_modules/expo-router/node/render.js ░░░░░░░░░░░░░░░░  0.0% (0/1)
[2026-06-14T20:18:12.364Z] [1] Web node_modules/expo-router/entry.js ░░░░░░░░░░░░░░░░  0.0% (0/1)
[2026-06-14T20:18:12.364Z] [1] λ node_modules/expo-router/node/render.js ░░░░░░░░░░░░░░░░  0.0% (0/1)
[2026-06-14T20:18:12.364Z] [1] Web node_modules/expo-router/entry.js ░░░░░░░░░░░░░░░░  0.0% (0/1)
[2026-06-14T20:18:12.364Z] [1] λ node_modules/expo-router/node/render.js ░░░░░░░░░░░░░░░░  0.0% (0/1)
[2026-06-14T20:18:12.364Z] [1] Web node_modules/expo-router/entry.js ░░░░░░░░░░░░░░░░  0.0% (0/1)
[2026-06-14T20:18:12.364Z] [1] λ node_modules/expo-router/node/render.js ░░░░░░░░░░░░░░░░  0.0% (0/1)
[2026-06-14T20:18:12.364Z] [1] Web node_modules/expo-router/entry.js ░░░░░░░░░░░░░░░░  0.0% (0/1)
[2026-06-14T20:18:12.364Z] [1] λ node_modules/expo-router/node/render.js ░░░░░░░░░░░░░░░░  0.0% (0/1)
[2026-06-14T20:18:12.546Z] [1] EXPO_USE_METRO_WORKSPACE_ROOT is enabled by default, use EXPO_NO_METRO_WORKSPACE_ROOT instead to disable.
[2026-06-14T20:18:12.547Z] [1] EXPO_USE_METRO_WORKSPACE_ROOT is enabled by default, use EXPO_NO_METRO_WORKSPACE_ROOT instead to disable.
[2026-06-14T20:18:13.496Z] [1] EXPO_USE_METRO_WORKSPACE_ROOT is enabled by default, use EXPO_NO_METRO_WORKSPACE_ROOT instead to disable.
[2026-06-14T20:18:13.497Z] [1] EXPO_USE_METRO_WORKSPACE_ROOT is enabled by default, use EXPO_NO_METRO_WORKSPACE_ROOT instead to disable.
[2026-06-14T20:18:14.549Z] [1] EXPO_USE_METRO_WORKSPACE_ROOT is enabled by default, use EXPO_NO_METRO_WORKSPACE_ROOT instead to disable.
[2026-06-14T20:18:14.550Z] [1] EXPO_USE_METRO_WORKSPACE_ROOT is enabled by default, use EXPO_NO_METRO_WORKSPACE_ROOT instead to disable.
[2026-06-14T20:18:15.393Z] [1] EXPO_USE_METRO_WORKSPACE_ROOT is enabled by default, use EXPO_NO_METRO_WORKSPACE_ROOT instead to disable.
[2026-06-14T20:18:15.393Z] [1] EXPO_USE_METRO_WORKSPACE_ROOT is enabled by default, use EXPO_NO_METRO_WORKSPACE_ROOT instead to disable.
[2026-06-14T20:18:15.845Z] [1] Web Bundled 3588ms node_modules/expo-router/entry.js (1 module)
[2026-06-14T20:18:15.873Z] [1]
[2026-06-14T20:18:15.873Z] Web node_modules/expo-router/entry.js ▓▓▓▓▓▓▓▓▓▓▓▓▓▓▓░ 94.2% (1/1)
[2026-06-14T20:18:15.873Z] [1] λ node_modules/expo-router/node/render.js ▓▓▓▓▓▓▓▓▓▓▓▓▓▓▓░ 99.9% (1415/1416)
[2026-06-14T20:18:15.873Z] [1] Web node_modules/expo-router/entry.js ░░░░░░░░░░░░░░░░  0.0% (0/1)
[2026-06-14T20:18:15.873Z] [1] λ node_modules/expo-router/node/render.js ░░░░░░░░░░░░░░░░  0.0% (0/1)
[2026-06-14T20:18:15.873Z] [1] Web node_modules/expo-router/entry.js ░░░░░░░░░░░░░░░░  0.0% (0/1)
[2026-06-14T20:18:15.873Z] [1] λ node_modules/expo-router/node/render.js ░░░░░░░░░░░░░░░░  0.0% (0/1)
[2026-06-14T20:18:15.873Z] [1] Web node_modules/expo-router/entry.js ░░░░░░░░░░░░░░░░  0.0% (0/1)
[2026-06-14T20:18:15.873Z] [1] λ node_modules/expo-router/node/render.js ░░░░░░░░░░░░░░░░  0.0% (0/1)
[2026-06-14T20:18:15.873Z] [1] Web node_modules/expo-router/entry.js ░░░░░░░░░░░░░░░░  0.0% (0/1)
[2026-06-14T20:18:15.873Z] [1] λ node_modules/expo-router/node/render.js ░░░░░░░░░░░░░░░░  0.0% (0/1)
[2026-06-14T20:18:15.873Z] [1] Web node_modules/expo-router/entry.js ░░░░░░░░░░░░░░░░  0.0% (0/1)
[2026-06-14T20:18:15.873Z] [1] λ node_modules/expo-router/node/render.js ░░░░░░░░░░░░░░░░  0.0% (0/1)
[2026-06-14T20:18:15.873Z] [1] Web node_modules/expo-router/entry.js ░░░░░░░░░░░░░░░░  0.0% (0/1)
[2026-06-14T20:18:15.873Z] [1] λ node_modules/expo-router/node/render.js ░░░░░░░░░░░░░░░░  0.0% (0/1)
[2026-06-14T20:18:15.873Z] [1] Web node_modules/expo-router/entry.js ░░░░░░░░░░░░░░░░  0.0% (0/1)
[2026-06-14T20:18:15.873Z] [1] λ node_modules/expo-router/node/render.js ░░░░░░░░░░░░░░░░  0.0% (0/1)
[2026-06-14T20:18:15.873Z] [1] Web node_modules/expo-router/entry.js ░░░░░░░░░░░░░░░░  0.0% (0/1)
[2026-06-14T20:18:15.873Z] [1] λ node_modules/expo-router/node/render.js ░░░░░░░░░░░░░░░░  0.0% (0/1)
[2026-06-14T20:18:15.873Z] [1] Web node_modules/expo-router/entry.js ░░░░░░░░░░░░░░░░  0.0% (0/1)
[2026-06-14T20:18:15.873Z] [1] λ node_modules/expo-router/node/render.js ░░░░░░░░░░░░░░░░  0.0% (0/1)
[2026-06-14T20:18:15.873Z] [1] Web node_modules/expo-router/entry.js ░░░░░░░░░░░░░░░░  0.0% (0/1)
[2026-06-14T20:18:15.873Z] [1] λ node_modules/expo-router/node/render.js ░░░░░░░░░░░░░░░░  0.0% (0/1)
[2026-06-14T20:18:15.873Z] [1] Web node_modules/expo-router/entry.js ░░░░░░░░░░░░░░░░  0.0% (0/1)
[2026-06-14T20:18:15.873Z] [1] λ node_modules/expo-router/node/render.js ░░░░░░░░░░░░░░░░  0.0% (0/1)
[2026-06-14T20:18:16.325Z] [1] Web Bundled 3643ms node_modules/expo-router/entry.js (1 module)
[2026-06-14T20:18:16.328Z] [1] Web Bundled 3676ms node_modules/expo-router/entry.js (1 module)
[2026-06-14T20:18:16.328Z] [1] Web Bundled 3724ms node_modules/expo-router/entry.js (1 module)
[2026-06-14T20:18:16.328Z] [1] Web Bundled 3752ms node_modules/expo-router/entry.js (1 module)
[2026-06-14T20:18:16.328Z] [1] Web Bundled 3784ms node_modules/expo-router/entry.js (1 module)
[2026-06-14T20:18:16.328Z] [1] Web Bundled 3821ms node_modules/expo-router/entry.js (1 module)
[2026-06-14T20:18:16.329Z] [1] Web Bundled 3821ms node_modules/expo-router/entry.js (1 module)
[2026-06-14T20:18:16.329Z] [1] Web Bundled 3639ms node_modules/expo-router/entry.js (1 module)
[2026-06-14T20:18:16.329Z] [1] Web Bundled 2724ms node_modules/expo-router/entry.js (1 module)
[2026-06-14T20:18:16.329Z] [1] Web Bundled 1705ms node_modules/expo-router/entry.js (1 module)
[2026-06-14T20:18:16.329Z] [1] Web Bundled 895ms node_modules/expo-router/entry.js (1 module)
[2026-06-14T20:18:16.348Z] [1] λ Bundled 4090ms node_modules/expo-router/node/render.js (1 module)
[2026-06-14T20:18:18.463Z] [1] [expo-notifications] Listening to push token changes is not yet fully supported on web. Adding a listener will have no effect.
[2026-06-14T20:18:18.622Z] [1] λ  LOG  { colorScheme: 'light', setColorScheme: [Function (anonymous)] } {
[2026-06-14T20:18:18.622Z] [1]   '--color-primary': '#001A3D',
[2026-06-14T20:18:18.622Z] [1]   '--color-background': '#F8F9FA',
[2026-06-14T20:18:18.622Z] [1]   '--color-surface': '#FFFFFF',
[2026-06-14T20:18:18.623Z] [1]   '--color-foreground': '#0A0F1A',
[2026-06-14T20:18:18.623Z] [1]   '--color-muted': '#6B7280',
[2026-06-14T20:18:18.623Z] [1]   '--color-border': '#E5E7EB',
[2026-06-14T20:18:18.623Z] [1]   '--color-success': '#22C55E',
[2026-06-14T20:18:18.623Z] [1]   '--color-warning': '#F59E0B',
[2026-06-14T20:18:18.623Z] [1]   '--color-error': '#EF4444'
[2026-06-14T20:18:18.623Z] [1] }
[2026-06-14T20:18:18.742Z] [1] λ  WARN  props.pointerEvents is deprecated. Use style.pointerEvents
[2026-06-14T20:18:18.769Z] [1] λ node_modules/expo-router/node/render.js ░░░░░░░░░░░░░░░░  0.0% (0/1)
[2026-06-14T20:18:18.769Z] [1] λ node_modules/expo-router/node/render.js ░░░░░░░░░░░░░░░░  0.0% (0/1)
[2026-06-14T20:18:18.769Z] [1] λ node_modules/expo-router/node/render.js ░░░░░░░░░░░░░░░░  0.0% (0/1)
[2026-06-14T20:18:18.769Z] [1] λ node_modules/expo-router/node/render.js ░░░░░░░░░░░░░░░░  0.0% (0/1)
[2026-06-14T20:18:18.769Z] [1] λ node_modules/expo-router/node/render.js ░░░░░░░░░░░░░░░░  0.0% (0/1)
[2026-06-14T20:18:18.769Z] [1] λ node_modules/expo-router/node/render.js ░░░░░░░░░░░░░░░░  0.0% (0/1)
[2026-06-14T20:18:18.769Z] [1] λ node_modules/expo-router/node/render.js ░░░░░░░░░░░░░░░░  0.0% (0/1)
[2026-06-14T20:18:18.769Z] [1] λ node_modules/expo-router/node/render.js ░░░░░░░░░░░░░░░░  0.0% (0/1)
[2026-06-14T20:18:18.769Z] [1] λ node_modules/expo-router/node/render.js ░░░░░░░░░░░░░░░░  0.0% (0/1)
[2026-06-14T20:18:18.769Z] [1] λ node_modules/expo-router/node/render.js ░░░░░░░░░░░░░░░░  0.0% (0/1)
[2026-06-14T20:18:18.769Z] [1] λ node_modules/expo-router/node/render.js ░░░░░░░░░░░░░░░░  0.0% (0/1)
[2026-06-14T20:18:18.794Z] [1] EXPO_USE_METRO_WORKSPACE_ROOT is enabled by default, use EXPO_NO_METRO_WORKSPACE_ROOT instead to disable.
[2026-06-14T20:18:18.796Z] [1] EXPO_USE_METRO_WORKSPACE_ROOT is enabled by default, use EXPO_NO_METRO_WORKSPACE_ROOT instead to disable.
[2026-06-14T20:18:20.596Z] [1]
[2026-06-14T20:18:20.596Z] λ Bundled 6750ms node_modules/expo-router/node/render.js (1 module)
[2026-06-14T20:18:20.596Z] [1] λ Bundled 6833ms node_modules/expo-router/node/render.js (1 module)
[2026-06-14T20:18:20.596Z] [1] λ Bundled 6858ms node_modules/expo-router/node/render.js (1 module)
[2026-06-14T20:18:20.596Z] [1] λ Bundled 6889ms node_modules/expo-router/node/render.js (1 module)
[2026-06-14T20:18:20.596Z] [1] λ Bundled 6920ms node_modules/expo-router/node/render.js (1 module)
[2026-06-14T20:18:20.596Z] [1] λ Bundled 6956ms node_modules/expo-router/node/render.js (1 module)
[2026-06-14T20:18:20.596Z] [1] λ Bundled 6917ms node_modules/expo-router/node/render.js (1 module)
[2026-06-14T20:18:20.597Z] [1] λ Bundled 6730ms node_modules/expo-router/node/render.js (1 module)
[2026-06-14T20:18:20.597Z] [1] λ Bundled 5802ms node_modules/expo-router/node/render.js (1 module)
[2026-06-14T20:18:20.597Z] [1] λ Bundled 4779ms node_modules/expo-router/node/render.js (1 module)
[2026-06-14T20:18:20.597Z] [1] λ Bundled 3964ms node_modules/expo-router/node/render.js (1 module)
[2026-06-14T20:18:20.597Z] [1] λ Bundled 588ms node_modules/expo-router/node/render.js (1 module)
[2026-06-14T20:18:20.942Z] [1] [expo-notifications] Listening to push token changes is not yet fully supported on web. Adding a listener will have no effect.
[2026-06-14T20:18:20.980Z] [1] λ  LOG  { colorScheme: 'light', setColorScheme: [Function (anonymous)] } {
[2026-06-14T20:18:20.981Z] [1]   '--color-primary': '#001A3D',
[2026-06-14T20:18:20.981Z] [1]   '--color-background': '#F8F9FA',
[2026-06-14T20:18:20.981Z] [1]   '--color-surface': '#FFFFFF',
[2026-06-14T20:18:20.981Z] [1]   '--color-foreground': '#0A0F1A',
[2026-06-14T20:18:20.981Z] [1]   '--color-muted': '#6B7280',
[2026-06-14T20:18:20.981Z] [1]   '--color-border': '#E5E7EB',
[2026-06-14T20:18:20.981Z] [1]   '--color-success': '#22C55E',
[2026-06-14T20:18:20.981Z] [1]   '--color-warning': '#F59E0B',
[2026-06-14T20:18:20.981Z] [1]   '--color-error': '#EF4444'
[2026-06-14T20:18:20.981Z] [1] }
[2026-06-14T20:18:21.054Z] [1] λ  WARN  props.pointerEvents is deprecated. Use style.pointerEvents
[2026-06-14T20:18:21.089Z] [1]
[2026-06-14T20:18:21.089Z] Web node_modules/expo-router/entry.js ░░░░░░░░░░░░░░░░  0.0% (0/1)
[2026-06-14T20:18:21.236Z] [1] [expo-notifications] Listening to push token changes is not yet fully supported on web. Adding a listener will have no effect.
[2026-06-14T20:18:21.269Z] [1] λ  LOG  { colorScheme: 'light', setColorScheme: [Function (anonymous)] } {
[2026-06-14T20:18:21.269Z] [1]   '--color-primary': '#001A3D',
[2026-06-14T20:18:21.269Z] [1]   '--color-background': '#F8F9FA',
[2026-06-14T20:18:21.269Z] [1]   '--color-surface': '#FFFFFF',
[2026-06-14T20:18:21.269Z] [1]   '--color-foreground': '#0A0F1A',
[2026-06-14T20:18:21.269Z] [1]   '--color-muted': '#6B7280',
[2026-06-14T20:18:21.269Z] [1]   '--color-border': '#E5E7EB',
[2026-06-14T20:18:21.269Z] [1]   '--color-success': '#22C55E',
[2026-06-14T20:18:21.269Z] [1]   '--color-warning': '#F59E0B',
[2026-06-14T20:18:21.269Z] [1]   '--color-error': '#EF4444'
[2026-06-14T20:18:21.269Z] [1] }
[2026-06-14T20:18:21.335Z] [1] λ  WARN  props.pointerEvents is deprecated. Use style.pointerEvents
[2026-06-14T20:18:21.361Z] [1] Web node_modules/expo-router/entry.js ░░░░░░░░░░░░░░░░  0.0% (0/1)
[2026-06-14T20:18:21.518Z] [1] [expo-notifications] Listening to push token changes is not yet fully supported on web. Adding a listener will have no effect.
[2026-06-14T20:18:21.552Z] [1] λ  LOG  { colorScheme: 'light', setColorScheme: [Function (anonymous)] } {
[2026-06-14T20:18:21.552Z] [1]   '--color-primary': '#001A3D',
[2026-06-14T20:18:21.552Z] [1]   '--color-background': '#F8F9FA',
[2026-06-14T20:18:21.552Z] [1]   '--color-surface': '#FFFFFF',
[2026-06-14T20:18:21.552Z] [1]   '--color-foreground': '#0A0F1A',
[2026-06-14T20:18:21.552Z] [1]   '--color-muted': '#6B7280',
[2026-06-14T20:18:21.552Z] [1]   '--color-border': '#E5E7EB',
[2026-06-14T20:18:21.552Z] [1]   '--color-success': '#22C55E',
[2026-06-14T20:18:21.552Z] [1]   '--color-warning': '#F59E0B',
[2026-06-14T20:18:21.552Z] [1]   '--color-error': '#EF4444'
[2026-06-14T20:18:21.552Z] [1] }
[2026-06-14T20:18:21.611Z] [1] λ  WARN  props.pointerEvents is deprecated. Use style.pointerEvents
[2026-06-14T20:18:21.636Z] [1] Web node_modules/expo-router/entry.js ░░░░░░░░░░░░░░░░  0.0% (0/1)
[2026-06-14T20:18:21.789Z] [1] [expo-notifications] Listening to push token changes is not yet fully supported on web. Adding a listener will have no effect.
[2026-06-14T20:18:21.825Z] [1] λ  LOG  { colorScheme: 'light', setColorScheme: [Function (anonymous)] } {
[2026-06-14T20:18:21.825Z] [1]   '--color-primary': '#001A3D',
[2026-06-14T20:18:21.825Z] [1]   '--color-background': '#F8F9FA',
[2026-06-14T20:18:21.825Z] [1]   '--color-surface': '#FFFFFF',
[2026-06-14T20:18:21.825Z] [1]   '--color-foreground': '#0A0F1A',
[2026-06-14T20:18:21.825Z] [1]   '--color-muted': '#6B7280',
[2026-06-14T20:18:21.825Z] [1]   '--color-border': '#E5E7EB',
[2026-06-14T20:18:21.825Z] [1]   '--color-success': '#22C55E',
[2026-06-14T20:18:21.825Z] [1]   '--color-warning': '#F59E0B',
[2026-06-14T20:18:21.825Z] [1]   '--color-error': '#EF4444'
[2026-06-14T20:18:21.825Z] [1] }
[2026-06-14T20:18:21.942Z] [1] λ  WARN  props.pointerEvents is deprecated. Use style.pointerEvents
[2026-06-14T20:18:21.958Z] [1] Web node_modules/expo-router/entry.js ░░░░░░░░░░░░░░░░  0.0% (0/1)
[2026-06-14T20:18:22.099Z] [1] [expo-notifications] Listening to push token changes is not yet fully supported on web. Adding a listener will have no effect.
[2026-06-14T20:18:22.128Z] [1] λ  LOG  { colorScheme: 'light', setColorScheme: [Function (anonymous)] } {
[2026-06-14T20:18:22.129Z] [1]   '--color-primary': '#001A3D',
[2026-06-14T20:18:22.129Z] [1]   '--color-background': '#F8F9FA',
[2026-06-14T20:18:22.129Z] [1]   '--color-surface': '#FFFFFF',
[2026-06-14T20:18:22.129Z] [1]   '--color-foreground': '#0A0F1A',
[2026-06-14T20:18:22.129Z] [1]   '--color-muted': '#6B7280',
[2026-06-14T20:18:22.129Z] [1]   '--color-border': '#E5E7EB',
[2026-06-14T20:18:22.129Z] [1]   '--color-success': '#22C55E',
[2026-06-14T20:18:22.129Z] [1]   '--color-warning': '#F59E0B',
[2026-06-14T20:18:22.129Z] [1]   '--color-error': '#EF4444'
[2026-06-14T20:18:22.129Z] [1] }
[2026-06-14T20:18:22.184Z] [1] λ  WARN  props.pointerEvents is deprecated. Use style.pointerEvents
[2026-06-14T20:18:22.207Z] [1] Web node_modules/expo-router/entry.js ░░░░░░░░░░░░░░░░  0.0% (0/1)
[2026-06-14T20:18:22.403Z] [1] [expo-notifications] Listening to push token changes is not yet fully supported on web. Adding a listener will have no effect.
[2026-06-14T20:18:22.433Z] [1] λ  LOG  { colorScheme: 'light', setColorScheme: [Function (anonymous)] } {
[2026-06-14T20:18:22.433Z] [1]   '--color-primary': '#001A3D',
[2026-06-14T20:18:22.433Z] [1]   '--color-background': '#F8F9FA',
[2026-06-14T20:18:22.433Z] [1]   '--color-surface': '#FFFFFF',
[2026-06-14T20:18:22.433Z] [1]   '--color-foreground': '#0A0F1A',
[2026-06-14T20:18:22.433Z] [1]   '--color-muted': '#6B7280',
[2026-06-14T20:18:22.433Z] [1]   '--color-border': '#E5E7EB',
[2026-06-14T20:18:22.433Z] [1]   '--color-success': '#22C55E',
[2026-06-14T20:18:22.433Z] [1]   '--color-warning': '#F59E0B',
[2026-06-14T20:18:22.433Z] [1]   '--color-error': '#EF4444'
[2026-06-14T20:18:22.433Z] [1] }
[2026-06-14T20:18:22.484Z] [1] λ  WARN  props.pointerEvents is deprecated. Use style.pointerEvents
[2026-06-14T20:18:22.504Z] [1] Web node_modules/expo-router/entry.js ░░░░░░░░░░░░░░░░  0.0% (0/1)
[2026-06-14T20:18:22.743Z] [1] [expo-notifications] Listening to push token changes is not yet fully supported on web. Adding a listener will have no effect.
[2026-06-14T20:18:22.773Z] [1] λ  LOG  { colorScheme: 'light', setColorScheme: [Function (anonymous)] } {
[2026-06-14T20:18:22.773Z] [1]   '--color-primary': '#001A3D',
[2026-06-14T20:18:22.773Z] [1]   '--color-background': '#F8F9FA',
[2026-06-14T20:18:22.773Z] [1]   '--color-surface': '#FFFFFF',
[2026-06-14T20:18:22.773Z] [1]   '--color-foreground': '#0A0F1A',
[2026-06-14T20:18:22.773Z] [1]   '--color-muted': '#6B7280',
[2026-06-14T20:18:22.773Z] [1]   '--color-border': '#E5E7EB',
[2026-06-14T20:18:22.774Z] [1]   '--color-success': '#22C55E',
[2026-06-14T20:18:22.774Z] [1]   '--color-warning': '#F59E0B',
[2026-06-14T20:18:22.774Z] [1]   '--color-error': '#EF4444'
[2026-06-14T20:18:22.774Z] [1] }
[2026-06-14T20:18:22.826Z] [1] λ  WARN  props.pointerEvents is deprecated. Use style.pointerEvents
[2026-06-14T20:18:22.846Z] [1] Web node_modules/expo-router/entry.js ░░░░░░░░░░░░░░░░  0.0% (0/1)
[2026-06-14T20:18:22.952Z] [1] [expo-notifications] Listening to push token changes is not yet fully supported on web. Adding a listener will have no effect.
[2026-06-14T20:18:22.982Z] [1] λ  LOG  { colorScheme: 'light', setColorScheme: [Function (anonymous)] } {
[2026-06-14T20:18:22.982Z] [1]   '--color-primary': '#001A3D',
[2026-06-14T20:18:22.982Z] [1]   '--color-background': '#F8F9FA',
[2026-06-14T20:18:22.982Z] [1]   '--color-surface': '#FFFFFF',
[2026-06-14T20:18:22.982Z] [1]   '--color-foreground': '#0A0F1A',
[2026-06-14T20:18:22.982Z] [1]   '--color-muted': '#6B7280',
[2026-06-14T20:18:22.982Z] [1]   '--color-border': '#E5E7EB',
[2026-06-14T20:18:22.982Z] [1]   '--color-success': '#22C55E',
[2026-06-14T20:18:22.982Z] [1]   '--color-warning': '#F59E0B',
[2026-06-14T20:18:22.982Z] [1]   '--color-error': '#EF4444'
[2026-06-14T20:18:22.982Z] [1] }
[2026-06-14T20:18:23.038Z] [1] λ  WARN  props.pointerEvents is deprecated. Use style.pointerEvents
[2026-06-14T20:18:23.062Z] [1] Web node_modules/expo-router/entry.js ░░░░░░░░░░░░░░░░  0.0% (0/1)
[2026-06-14T20:18:23.158Z] [1] [expo-notifications] Listening to push token changes is not yet fully supported on web. Adding a listener will have no effect.
[2026-06-14T20:18:23.190Z] [1]
[2026-06-14T20:18:23.190Z] λ  LOG  { colorScheme: 'light', setColorScheme: [Function (anonymous)] } {
[2026-06-14T20:18:23.190Z] [1]   '--color-primary': '#001A3D',
[2026-06-14T20:18:23.190Z] [1]   '--color-background': '#F8F9FA',
[2026-06-14T20:18:23.190Z] [1]   '--color-surface': '#FFFFFF',
[2026-06-14T20:18:23.190Z] [1]   '--color-foreground': '#0A0F1A',
[2026-06-14T20:18:23.190Z] [1]   '--color-muted': '#6B7280',
[2026-06-14T20:18:23.190Z] [1]   '--color-border': '#E5E7EB',
[2026-06-14T20:18:23.190Z] [1]   '--color-success': '#22C55E',
[2026-06-14T20:18:23.190Z] [1]   '--color-warning': '#F59E0B',
[2026-06-14T20:18:23.190Z] [1]   '--color-error': '#EF4444'
[2026-06-14T20:18:23.191Z] [1] }
[2026-06-14T20:18:23.241Z] [1] λ  WARN  props.pointerEvents is deprecated. Use style.pointerEvents
[2026-06-14T20:18:23.262Z] [1] Web node_modules/expo-router/entry.js ░░░░░░░░░░░░░░░░  0.0% (0/1)
[2026-06-14T20:18:23.372Z] [1] [expo-notifications] Listening to push token changes is not yet fully supported on web. Adding a listener will have no effect.
[2026-06-14T20:18:23.407Z] [1] λ  LOG  { colorScheme: 'light', setColorScheme: [Function (anonymous)] } {
[2026-06-14T20:18:23.407Z] [1]   '--color-primary': '#001A3D',
[2026-06-14T20:18:23.407Z] [1]   '--color-background': '#F8F9FA',
[2026-06-14T20:18:23.407Z] [1]   '--color-surface': '#FFFFFF',
[2026-06-14T20:18:23.407Z] [1]   '--color-foreground': '#0A0F1A',
[2026-06-14T20:18:23.407Z] [1]   '--color-muted': '#6B7280',
[2026-06-14T20:18:23.407Z] [1]   '--color-border': '#E5E7EB',
[2026-06-14T20:18:23.407Z] [1]   '--color-success': '#22C55E',
[2026-06-14T20:18:23.407Z] [1]   '--color-warning': '#F59E0B',
[2026-06-14T20:18:23.407Z] [1]   '--color-error': '#EF4444'
[2026-06-14T20:18:23.407Z] [1] }
[2026-06-14T20:18:23.475Z] [1] λ  WARN  props.pointerEvents is deprecated. Use style.pointerEvents
[2026-06-14T20:18:23.556Z] [1] Web node_modules/expo-router/entry.js ░░░░░░░░░░░░░░░░  0.0% (0/1)
[2026-06-14T20:18:23.710Z] [1] [expo-notifications] Listening to push token changes is not yet fully supported on web. Adding a listener will have no effect.
[2026-06-14T20:18:23.740Z] [1] λ  LOG  { colorScheme: 'light', setColorScheme: [Function (anonymous)] } {
[2026-06-14T20:18:23.740Z] [1]   '--color-primary': '#001A3D',
[2026-06-14T20:18:23.740Z] [1]   '--color-background': '#F8F9FA',
[2026-06-14T20:18:23.740Z] [1]   '--color-surface': '#FFFFFF',
[2026-06-14T20:18:23.740Z] [1]   '--color-foreground': '#0A0F1A',
[2026-06-14T20:18:23.740Z] [1]   '--color-muted': '#6B7280',
[2026-06-14T20:18:23.740Z] [1]   '--color-border': '#E5E7EB',
[2026-06-14T20:18:23.740Z] [1]   '--color-success': '#22C55E',
[2026-06-14T20:18:23.740Z] [1]   '--color-warning': '#F59E0B',
[2026-06-14T20:18:23.740Z] [1]   '--color-error': '#EF4444'
[2026-06-14T20:18:23.740Z] [1] }
[2026-06-14T20:18:23.793Z] [1] λ  WARN  props.pointerEvents is deprecated. Use style.pointerEvents
[2026-06-14T20:18:23.817Z] [1] Web node_modules/expo-router/entry.js ░░░░░░░░░░░░░░░░  0.0% (0/1)
[2026-06-14T20:18:23.934Z] [1] [expo-notifications] Listening to push token changes is not yet fully supported on web. Adding a listener will have no effect.
[2026-06-14T20:18:23.965Z] [1] λ  LOG  { colorScheme: 'light', setColorScheme: [Function (anonymous)] } {
[2026-06-14T20:18:23.965Z] [1]   '--color-primary': '#001A3D',
[2026-06-14T20:18:23.965Z] [1]   '--color-background': '#F8F9FA',
[2026-06-14T20:18:23.965Z] [1]   '--color-surface': '#FFFFFF',
[2026-06-14T20:18:23.965Z] [1]   '--color-foreground': '#0A0F1A',
[2026-06-14T20:18:23.965Z] [1]   '--color-muted': '#6B7280',
[2026-06-14T20:18:23.965Z] [1]   '--color-border': '#E5E7EB',
[2026-06-14T20:18:23.965Z] [1]   '--color-success': '#22C55E',
[2026-06-14T20:18:23.965Z] [1]   '--color-warning': '#F59E0B',
[2026-06-14T20:18:23.965Z] [1]   '--color-error': '#EF4444'
[2026-06-14T20:18:23.965Z] [1] }
[2026-06-14T20:18:24.018Z] [1] λ  WARN  props.pointerEvents is deprecated. Use style.pointerEvents
[2026-06-14T20:18:24.040Z] [1] Web node_modules/expo-router/entry.js ░░░░░░░░░░░░░░░░  0.0% (0/1)
[2026-06-14T20:18:24.045Z] [1] EXPO_USE_METRO_WORKSPACE_ROOT is enabled by default, use EXPO_NO_METRO_WORKSPACE_ROOT instead to disable.
[2026-06-14T20:18:24.049Z] [1]
[2026-06-14T20:18:24.049Z] EXPO_USE_METRO_WORKSPACE_ROOT is enabled by default, use EXPO_NO_METRO_WORKSPACE_ROOT instead to disable.
[2026-06-14T20:18:24.217Z] [1] λ Bundled 58ms node_modules/expo-router/node/render.js (1 module)
[2026-06-14T20:18:24.223Z] [1] EXPO_USE_METRO_WORKSPACE_ROOT is enabled by default, use EXPO_NO_METRO_WORKSPACE_ROOT instead to disable.
[2026-06-14T20:18:24.224Z] [1] EXPO_USE_METRO_WORKSPACE_ROOT is enabled by default, use EXPO_NO_METRO_WORKSPACE_ROOT instead to disable.
[2026-06-14T20:18:24.335Z] [1] Error: Premature close
[2026-06-14T20:18:24.335Z] [1]     at onclose (node:internal/streams/end-of-stream:158:30)
[2026-06-14T20:18:24.335Z] [1]     at processTicksAndRejections (node:internal/process/task_queues:85:11)
[2026-06-14T20:18:24.335Z] [1]     at runNextTicks (node:internal/process/task_queues:69:3)
[2026-06-14T20:18:24.335Z] [1]     at processImmediate (node:internal/timers:459:9)
[2026-06-14T20:18:24.335Z] [1]     at process.callbackTrampoline (node:internal/async_hooks:130:17)
[2026-06-14T20:18:24.335Z] [1] Error: Premature close
[2026-06-14T20:18:24.335Z] [1]     at onclose (node:internal/streams/end-of-stream:158:30)
[2026-06-14T20:18:24.335Z] [1]     at processTicksAndRejections (node:internal/process/task_queues:85:11)
[2026-06-14T20:18:24.335Z] [1]     at runNextTicks (node:internal/process/task_queues:69:3)
[2026-06-14T20:18:24.335Z] [1]     at processImmediate (node:internal/timers:459:9)
[2026-06-14T20:18:24.335Z] [1]     at process.callbackTrampoline (node:internal/async_hooks:130:17)
[2026-06-14T20:18:24.335Z] [1] Error: Premature close
[2026-06-14T20:18:24.335Z] [1]     at onclose (node:internal/streams/end-of-stream:158:30)
[2026-06-14T20:18:24.335Z] [1]     at processTicksAndRejections (node:internal/process/task_queues:85:11)
[2026-06-14T20:18:24.335Z] [1]     at runNextTicks (node:internal/process/task_queues:69:3)
[2026-06-14T20:18:24.335Z] [1]     at processImmediate (node:internal/timers:459:9)
[2026-06-14T20:18:24.335Z] [1]     at process.callbackTrampoline (node:internal/async_hooks:130:17)
[2026-06-14T20:18:24.335Z] [1] Error: Premature close
[2026-06-14T20:18:24.335Z] [1]     at onclose (node:internal/streams/end-of-stream:158:30)
[2026-06-14T20:18:24.335Z] [1]     at processTicksAndRejections (node:internal/process/task_queues:85:11)
[2026-06-14T20:18:24.335Z] [1]     at runNextTicks (node:internal/process/task_queues:69:3)
[2026-06-14T20:18:24.335Z] [1]     at processImmediate (node:internal/timers:459:9)
[2026-06-14T20:18:24.335Z] [1]     at process.callbackTrampoline (node:internal/async_hooks:130:17)
[2026-06-14T20:18:24.437Z] [1] λ Bundled 53ms node_modules/expo-router/node/render.js (1 module)
[2026-06-14T20:18:24.452Z] [1] EXPO_USE_METRO_WORKSPACE_ROOT is enabled by default, use EXPO_NO_METRO_WORKSPACE_ROOT instead to disable.
[2026-06-14T20:18:24.453Z] [1]
[2026-06-14T20:18:24.453Z] EXPO_USE_METRO_WORKSPACE_ROOT is enabled by default, use EXPO_NO_METRO_WORKSPACE_ROOT instead to disable.
[2026-06-14T20:18:24.748Z] [1] λ Bundled 42ms node_modules/expo-router/node/render.js (1 module)
[2026-06-14T20:18:24.753Z] [1] EXPO_USE_METRO_WORKSPACE_ROOT is enabled by default, use EXPO_NO_METRO_WORKSPACE_ROOT instead to disable.
[2026-06-14T20:18:24.754Z] [1] EXPO_USE_METRO_WORKSPACE_ROOT is enabled by default, use EXPO_NO_METRO_WORKSPACE_ROOT instead to disable.
[2026-06-14T20:18:25.080Z] [1] λ Bundled 41ms node_modules/expo-router/node/render.js (1 module)
[2026-06-14T20:18:25.262Z] [1] [expo-notifications] Listening to push token changes is not yet fully supported on web. Adding a listener will have no effect.
[2026-06-14T20:18:25.292Z] [1] λ  LOG  { colorScheme: 'light', setColorScheme: [Function (anonymous)] } {
[2026-06-14T20:18:25.293Z] [1]   '--color-primary': '#001A3D',
[2026-06-14T20:18:25.293Z] [1]   '--color-background': '#F8F9FA',
[2026-06-14T20:18:25.293Z] [1]   '--color-surface': '#FFFFFF',
[2026-06-14T20:18:25.293Z] [1]   '--color-foreground': '#0A0F1A',
[2026-06-14T20:18:25.293Z] [1]   '--color-muted': '#6B7280',
[2026-06-14T20:18:25.293Z] [1]   '--color-border': '#E5E7EB',
[2026-06-14T20:18:25.293Z] [1]   '--color-success': '#22C55E',
[2026-06-14T20:18:25.293Z] [1]   '--color-warning': '#F59E0B',
[2026-06-14T20:18:25.293Z] [1]   '--color-error': '#EF4444'
[2026-06-14T20:18:25.293Z] [1] }
[2026-06-14T20:18:25.342Z] [1] λ  WARN  props.pointerEvents is deprecated. Use style.pointerEvents
[2026-06-14T20:18:25.363Z] [1] Web node_modules/expo-router/entry.js ░░░░░░░░░░░░░░░░  0.0% (0/1)
[2026-06-14T20:18:25.363Z] [1] Web node_modules/expo-router/entry.js ░░░░░░░░░░░░░░░░  0.0% (0/1)
[2026-06-14T20:18:25.363Z] [1] Web node_modules/expo-router/entry.js ░░░░░░░░░░░░░░░░  0.0% (0/1)
[2026-06-14T20:18:25.363Z] [1] Web node_modules/expo-router/entry.js ░░░░░░░░░░░░░░░░  0.0% (0/1)
[2026-06-14T20:18:25.363Z] [1] Web node_modules/expo-router/entry.js ░░░░░░░░░░░░░░░░  0.0% (0/1)
[2026-06-14T20:18:25.363Z] [1] Web node_modules/expo-router/entry.js ░░░░░░░░░░░░░░░░  0.0% (0/1)
[2026-06-14T20:18:25.509Z] [1] [expo-notifications] Listening to push token changes is not yet fully supported on web. Adding a listener will have no effect.
[2026-06-14T20:18:25.546Z] [1] λ  LOG  { colorScheme: 'light', setColorScheme: [Function (anonymous)] } {
[2026-06-14T20:18:25.547Z] [1]   '--color-primary': '#001A3D',
[2026-06-14T20:18:25.547Z] [1]   '--color-background': '#F8F9FA',
[2026-06-14T20:18:25.547Z] [1]   '--color-surface': '#FFFFFF',
[2026-06-14T20:18:25.547Z] [1]   '--color-foreground': '#0A0F1A',
[2026-06-14T20:18:25.547Z] [1]   '--color-muted': '#6B7280',
[2026-06-14T20:18:25.547Z] [1]   '--color-border': '#E5E7EB',
[2026-06-14T20:18:25.547Z] [1]   '--color-success': '#22C55E',
[2026-06-14T20:18:25.547Z] [1]   '--color-warning': '#F59E0B',
[2026-06-14T20:18:25.547Z] [1]   '--color-error': '#EF4444'
[2026-06-14T20:18:25.547Z] [1] }
[2026-06-14T20:18:25.600Z] [1] λ  WARN  props.pointerEvents is deprecated. Use style.pointerEvents
[2026-06-14T20:18:25.620Z] [1] Web node_modules/expo-router/entry.js ░░░░░░░░░░░░░░░░  0.0% (0/1)
[2026-06-14T20:18:25.621Z] [1] Web node_modules/expo-router/entry.js ░░░░░░░░░░░░░░░░  0.0% (0/1)
[2026-06-14T20:18:25.621Z] [1] Web node_modules/expo-router/entry.js ░░░░░░░░░░░░░░░░  0.0% (0/1)
[2026-06-14T20:18:25.621Z] [1] Web node_modules/expo-router/entry.js ░░░░░░░░░░░░░░░░  0.0% (0/1)
[2026-06-14T20:18:25.621Z] [1] Web node_modules/expo-router/entry.js ░░░░░░░░░░░░░░░░  0.0% (0/1)
[2026-06-14T20:18:25.621Z] [1] Web node_modules/expo-router/entry.js ░░░░░░░░░░░░░░░░  0.0% (0/1)
[2026-06-14T20:18:25.770Z] [1] [expo-notifications] Listening to push token changes is not yet fully supported on web. Adding a listener will have no effect.
[2026-06-14T20:18:25.804Z] [1] λ  LOG  { colorScheme: 'light', setColorScheme: [Function (anonymous)] } {
[2026-06-14T20:18:25.804Z] [1]   '--color-primary': '#001A3D',
[2026-06-14T20:18:25.804Z] [1]   '--color-background': '#F8F9FA',
[2026-06-14T20:18:25.804Z] [1]   '--color-surface': '#FFFFFF',
[2026-06-14T20:18:25.804Z] [1]   '--color-foreground': '#0A0F1A',
[2026-06-14T20:18:25.804Z] [1]   '--color-muted': '#6B7280',
[2026-06-14T20:18:25.805Z] [1]   '--color-border': '#E5E7EB',
[2026-06-14T20:18:25.805Z] [1]   '--color-success': '#22C55E',
[2026-06-14T20:18:25.805Z] [1]   '--color-warning': '#F59E0B',
[2026-06-14T20:18:25.805Z] [1]   '--color-error': '#EF4444'
[2026-06-14T20:18:25.805Z] [1] }
[2026-06-14T20:18:25.865Z] [1] λ  WARN  props.pointerEvents is deprecated. Use style.pointerEvents
[2026-06-14T20:18:25.892Z] [1]
[2026-06-14T20:18:25.892Z] Web node_modules/expo-router/entry.js ░░░░░░░░░░░░░░░░  0.0% (0/1)
[2026-06-14T20:18:25.892Z] [1] Web node_modules/expo-router/entry.js ░░░░░░░░░░░░░░░░  0.0% (0/1)
[2026-06-14T20:18:25.892Z] [1] Web node_modules/expo-router/entry.js ░░░░░░░░░░░░░░░░  0.0% (0/1)
[2026-06-14T20:18:25.892Z] [1] Web node_modules/expo-router/entry.js ░░░░░░░░░░░░░░░░  0.0% (0/1)
[2026-06-14T20:18:25.892Z] [1] Web node_modules/expo-router/entry.js ░░░░░░░░░░░░░░░░  0.0% (0/1)
[2026-06-14T20:18:25.892Z] [1] Web node_modules/expo-router/entry.js ░░░░░░░░░░░░░░░░  0.0% (0/1)
[2026-06-14T20:18:26.087Z] [1] [expo-notifications] Listening to push token changes is not yet fully supported on web. Adding a listener will have no effect.
[2026-06-14T20:18:26.118Z] [1] λ  LOG  { colorScheme: 'light', setColorScheme: [Function (anonymous)] } {
[2026-06-14T20:18:26.118Z] [1]   '--color-primary': '#001A3D',
[2026-06-14T20:18:26.118Z] [1]   '--color-background': '#F8F9FA',
[2026-06-14T20:18:26.118Z] [1]   '--color-surface': '#FFFFFF',
[2026-06-14T20:18:26.118Z] [1]   '--color-foreground': '#0A0F1A',
[2026-06-14T20:18:26.119Z] [1]   '--color-muted': '#6B7280',
[2026-06-14T20:18:26.119Z] [1]   '--color-border': '#E5E7EB',
[2026-06-14T20:18:26.119Z] [1]   '--color-success': '#22C55E',
[2026-06-14T20:18:26.119Z] [1]   '--color-warning': '#F59E0B',
[2026-06-14T20:18:26.119Z] [1]   '--color-error': '#EF4444'
[2026-06-14T20:18:26.119Z] [1] }
[2026-06-14T20:18:26.172Z] [1] λ  WARN  props.pointerEvents is deprecated. Use style.pointerEvents
[2026-06-14T20:18:26.195Z] [1] Web node_modules/expo-router/entry.js ░░░░░░░░░░░░░░░░  0.0% (0/1)
[2026-06-14T20:18:26.195Z] [1] Web node_modules/expo-router/entry.js ░░░░░░░░░░░░░░░░  0.0% (0/1)
[2026-06-14T20:18:26.195Z] [1] Web node_modules/expo-router/entry.js ░░░░░░░░░░░░░░░░  0.0% (0/1)
[2026-06-14T20:18:26.195Z] [1] Web node_modules/expo-router/entry.js ░░░░░░░░░░░░░░░░  0.0% (0/1)
[2026-06-14T20:18:26.195Z] [1] Web node_modules/expo-router/entry.js ░░░░░░░░░░░░░░░░  0.0% (0/1)
[2026-06-14T20:18:26.195Z] [1] Web node_modules/expo-router/entry.js ░░░░░░░░░░░░░░░░  0.0% (0/1)
[2026-06-14T20:18:26.237Z] [1] Web Bundled 7439ms node_modules/expo-router/entry.js (1 module)
[2026-06-14T20:18:26.276Z] [1] Error: Premature close
[2026-06-14T20:18:26.276Z] [1]     at onclose (node:internal/streams/end-of-stream:158:30)
[2026-06-14T20:18:26.276Z] [1]     at processTicksAndRejections (node:internal/process/task_queues:85:11)
[2026-06-14T20:18:26.325Z] [1] Web Bundled 2228ms node_modules/expo-router/entry.js (1 module)
[2026-06-14T20:18:26.325Z] [1] Web Bundled 2099ms node_modules/expo-router/entry.js (1 module)
[2026-06-14T20:18:26.361Z] [1] Error: Premature close
[2026-06-14T20:18:26.361Z] [1]     at onclose (node:internal/streams/end-of-stream:158:30)
[2026-06-14T20:18:26.361Z] [1]     at processTicksAndRejections (node:internal/process/task_queues:85:11)
[2026-06-14T20:18:26.396Z] [1] Error: Premature close
[2026-06-14T20:18:26.396Z] [1]     at onclose (node:internal/streams/end-of-stream:158:30)
[2026-06-14T20:18:26.396Z] [1]     at processTicksAndRejections (node:internal/process/task_queues:85:11)
[2026-06-14T20:18:26.396Z] [1] Web Bundled 1907ms node_modules/expo-router/entry.js (1 module)
[2026-06-14T20:18:26.397Z] [1] Web Bundled 1641ms node_modules/expo-router/entry.js (1 module)
[2026-06-14T20:18:28.275Z] [1] Web Bundled 3529ms node_modules/expo-router/entry.js (1455 modules)
[2026-06-14T20:18:28.420Z] [1] Web Bundled 1876ms node_modules/expo-router/entry.js (1 module)
[2026-06-14T20:18:28.420Z] [1] Web Bundled 1688ms node_modules/expo-router/entry.js (1 module)
[2026-06-14T20:18:29.133Z] [1]  LOG  [web] Logs will appear in the browser console
[2026-06-14T20:18:29.183Z] [1]
[2026-06-14T20:18:29.184Z] LOG  [web] Logs will appear in the browser console
[2026-06-14T20:18:31.164Z] [1]  LOG  [web] Logs will appear in the browser console
[2026-06-14T20:25:15.307Z] [1]
[2026-06-14T20:25:15.308Z] EXPO_USE_METRO_WORKSPACE_ROOT is enabled by default, use EXPO_NO_METRO_WORKSPACE_ROOT instead to disable.
[2026-06-14T20:25:15.311Z] [1] EXPO_USE_METRO_WORKSPACE_ROOT is enabled by default, use EXPO_NO_METRO_WORKSPACE_ROOT instead to disable.
[2026-06-14T20:25:15.311Z] [1] Web node_modules/expo-router/entry.js ░░░░░░░░░░░░░░░░  0.0% (0/1)
[2026-06-14T20:25:15.391Z] [1] λ Bundled 85ms node_modules/expo-router/node/render.js (1 module)
[2026-06-14T20:25:16.049Z] [1] [expo-notifications] Listening to push token changes is not yet fully supported on web. Adding a listener will have no effect.
[2026-06-14T20:25:16.153Z] [1] λ  LOG  { colorScheme: 'light', setColorScheme: [Function (anonymous)] } {
[2026-06-14T20:25:16.153Z] [1]   '--color-primary': '#001A3D',
[2026-06-14T20:25:16.153Z] [1]   '--color-background': '#F8F9FA',
[2026-06-14T20:25:16.153Z] [1]   '--color-surface': '#FFFFFF',
[2026-06-14T20:25:16.153Z] [1]   '--color-foreground': '#0A0F1A',
[2026-06-14T20:25:16.153Z] [1]   '--color-muted': '#6B7280',
[2026-06-14T20:25:16.153Z] [1]   '--color-border': '#E5E7EB',
[2026-06-14T20:25:16.153Z] [1]   '--color-success': '#22C55E',
[2026-06-14T20:25:16.153Z] [1]   '--color-warning': '#F59E0B',
[2026-06-14T20:25:16.153Z] [1]   '--color-error': '#EF4444'
[2026-06-14T20:25:16.153Z] [1] }
[2026-06-14T20:25:16.281Z] [1] λ  WARN  props.pointerEvents is deprecated. Use style.pointerEvents
[2026-06-14T20:25:16.305Z] [1] Web node_modules/expo-router/entry.js ░░░░░░░░░░░░░░░░  0.0% (0/1)
[2026-06-14T20:25:16.308Z] [1] Web Bundled 1003ms node_modules/expo-router/entry.js (1 module)
[2026-06-14T20:25:16.719Z] [1] Web Bundled 74ms node_modules/expo-router/entry.js (1 module)
[2026-06-14T20:25:18.647Z] [0]
[2026-06-14T20:25:18.648Z] ELIFECYCLE  Command failed.
[2026-06-14T20:25:18.653Z] [1]  ELIFECYCLE  Command failed.
[2026-06-14T20:25:18.663Z] ELIFECYCLE  Command failed.
[2026-06-14T20:25:18.699Z] [0] 8:25:18 PM [tsx] Previous process hasn't exited yet. Force killing...
[2026-06-14T20:25:18.750Z] [0] pnpm dev:server exited with code SIGTERM
[2026-06-14T20:25:18.751Z] --> Sending SIGTERM to other processes..
[2026-06-14T20:25:19.683Z] [1] pnpm dev:metro exited with code SIGTERM
[2026-06-14T20:25:20.332Z] Lockfile is up to date, resolution step is skipped
[2026-06-14T20:25:20.581Z] Dev server exited with code -1
[2026-06-14T20:25:21.606Z] Starting dev server with command: pnpm run dev
[2026-06-14T20:25:22.827Z] > app-template@1.0.0 dev /home/ubuntu/aldwych-mobile-app
[2026-06-14T20:25:22.827Z] > concurrently -k "pnpm dev:server" "pnpm dev:metro"
[2026-06-14T20:25:23.633Z] [0]
[2026-06-14T20:25:23.633Z] [0] > app-template@1.0.0 dev:server /home/ubuntu/aldwych-mobile-app
[2026-06-14T20:25:23.633Z] [0] > cross-env NODE_ENV=development tsx watch server/_core/index.ts
[2026-06-14T20:25:23.633Z] [0]
[2026-06-14T20:25:23.633Z] [1]
[2026-06-14T20:25:23.634Z] [1] > app-template@1.0.0 dev:metro /home/ubuntu/aldwych-mobile-app
[2026-06-14T20:25:23.634Z] [1] > cross-env EXPO_USE_METRO_WORKSPACE_ROOT=1 npx expo start --web --port ${EXPO_PORT:-8081}
[2026-06-14T20:25:23.634Z] [1]
[2026-06-14T20:25:24.702Z] [1] Starting project at /home/ubuntu/aldwych-mobile-app
[2026-06-14T20:25:25.289Z] [1]
[2026-06-14T20:25:25.289Z] EXPO_USE_METRO_WORKSPACE_ROOT is enabled by default, use EXPO_NO_METRO_WORKSPACE_ROOT instead to disable.
[2026-06-14T20:25:25.868Z] [1]
[2026-06-14T20:25:25.868Z] EXPO_USE_METRO_WORKSPACE_ROOT is enabled by default, use EXPO_NO_METRO_WORKSPACE_ROOT instead to disable.
[2026-06-14T20:25:25.868Z] [1] EXPO_USE_METRO_WORKSPACE_ROOT is enabled by default, use EXPO_NO_METRO_WORKSPACE_ROOT instead to disable.
[2026-06-14T20:25:25.869Z] [1] EXPO_USE_METRO_WORKSPACE_ROOT is enabled by default, use EXPO_NO_METRO_WORKSPACE_ROOT instead to disable.
[2026-06-14T20:25:26.190Z] [1] React Compiler enabled
[2026-06-14T20:25:26.437Z] [1] Starting Metro Bundler
[2026-06-14T20:25:26.478Z] [1] EXPO_USE_METRO_WORKSPACE_ROOT is enabled by default, use EXPO_NO_METRO_WORKSPACE_ROOT instead to disable.
[2026-06-14T20:25:27.801Z] [0] [OAuth] Initialized with baseURL: https://api.manus.im
[2026-06-14T20:25:28.102Z] [0] [api] server listening on port 3000
[2026-06-14T20:25:32.198Z] [1] EXPO_USE_METRO_WORKSPACE_ROOT is enabled by default, use EXPO_NO_METRO_WORKSPACE_ROOT instead to disable.
[2026-06-14T20:25:32.201Z] [1] EXPO_USE_METRO_WORKSPACE_ROOT is enabled by default, use EXPO_NO_METRO_WORKSPACE_ROOT instead to disable.
[2026-06-14T20:25:34.191Z] [1] Web node_modules/expo-router/entry.js ░░░░░░░░░░░░░░░░  0.0% (0/1)
[2026-06-14T20:25:34.191Z] [1] λ node_modules/expo-router/node/render.js ░░░░░░░░░░░░░░░░  0.0% (0/1)
[2026-06-14T20:25:37.273Z] [1] The following packages should be updated for best compatibility with the installed expo version:
[2026-06-14T20:25:37.274Z] [1]   expo@54.0.29 - expected version: ~54.0.35
[2026-06-14T20:25:37.274Z] [1]   expo-audio@1.1.0 - expected version: ~1.1.1
[2026-06-14T20:25:37.274Z] [1]
[2026-06-14T20:25:37.274Z] expo-constants@18.0.12 - expected version: ~18.0.13
[2026-06-14T20:25:37.274Z] [1]
[2026-06-14T20:25:37.274Z] expo-device@56.0.4 - expected version: ~8.0.10
[2026-06-14T20:25:37.274Z] [1]   expo-font@14.0.10 - expected version: ~14.0.12
[2026-06-14T20:25:37.274Z] [1]
[2026-06-14T20:25:37.274Z] expo-linking@8.0.10 - expected version: ~8.0.12
[2026-06-14T20:25:37.274Z] [1]   expo-local-authentication@56.0.4 - expected version: ~17.0.8
[2026-06-14T20:25:37.274Z] [1]
[2026-06-14T20:25:37.274Z] expo-notifications@0.32.15 - expected version: ~0.32.17
[2026-06-14T20:25:37.274Z] [1]
[2026-06-14T20:25:37.274Z] expo-router@6.0.19 - expected version: ~6.0.24
[2026-06-14T20:25:37.274Z] [1]
[2026-06-14T20:25:37.274Z] expo-splash-screen@31.0.12 - expected version: ~31.0.13
[2026-06-14T20:25:37.274Z] [1]   expo-video@3.0.15 - expected version: ~3.0.16
[2026-06-14T20:25:37.274Z] [1]
[2026-06-14T20:25:37.274Z] expo-web-browser@15.0.10 - expected version: ~15.0.11
[2026-06-14T20:25:37.274Z] [1]
[2026-06-14T20:25:37.274Z] Your project may not work correctly until you install the expected versions of the packages.
[2026-06-14T20:25:37.286Z] [1] Waiting on http://localhost:8081
[2026-06-14T20:25:37.286Z] [1] Logs for your project will appear below.
[2026-06-14T20:25:37.286Z] [1] Web node_modules/expo-router/entry.js ▓▓▓▓▓▓▓▓▓▓▓▓▓▓░░ 88.9% (1259/1335)
[2026-06-14T20:25:37.286Z] [1] λ node_modules/expo-router/node/render.js ▓▓▓▓▓▓▓▓▓▓▓▓▓░░░ 84.2% (1092/1190)
[2026-06-14T20:25:37.527Z] [1] λ Bundled 3360ms node_modules/expo-router/node/render.js (1408 modules)
[2026-06-14T20:25:39.656Z] [1] [expo-notifications] Listening to push token changes is not yet fully supported on web. Adding a listener will have no effect.
[2026-06-14T20:25:39.892Z] [1] λ  LOG  { colorScheme: 'light', setColorScheme: [Function (anonymous)] } {
[2026-06-14T20:25:39.892Z] [1]   '--color-primary': '#001A3D',
[2026-06-14T20:25:39.892Z] [1]   '--color-background': '#F8F9FA',
[2026-06-14T20:25:39.892Z] [1]   '--color-surface': '#FFFFFF',
[2026-06-14T20:25:39.892Z] [1]   '--color-foreground': '#0A0F1A',
[2026-06-14T20:25:39.892Z] [1]   '--color-muted': '#6B7280',
[2026-06-14T20:25:39.892Z] [1]   '--color-border': '#E5E7EB',
[2026-06-14T20:25:39.892Z] [1]   '--color-success': '#22C55E',
[2026-06-14T20:25:39.892Z] [1]   '--color-warning': '#F59E0B',
[2026-06-14T20:25:39.892Z] [1]   '--color-error': '#EF4444'
[2026-06-14T20:25:39.892Z] [1] }
[2026-06-14T20:25:40.003Z] [1] λ  WARN  props.pointerEvents is deprecated. Use style.pointerEvents
[2026-06-14T20:25:40.026Z] [1] Web node_modules/expo-router/entry.js ▓▓▓▓▓▓▓▓▓▓▓▓▓▓▓░ 99.9% (1538/1538)
[2026-06-14T20:25:40.053Z] [1] EXPO_USE_METRO_WORKSPACE_ROOT is enabled by default, use EXPO_NO_METRO_WORKSPACE_ROOT instead to disable.
[2026-06-14T20:25:40.055Z] [1] EXPO_USE_METRO_WORKSPACE_ROOT is enabled by default, use EXPO_NO_METRO_WORKSPACE_ROOT instead to disable.
[2026-06-14T20:25:40.069Z] [1] EXPO_USE_METRO_WORKSPACE_ROOT is enabled by default, use EXPO_NO_METRO_WORKSPACE_ROOT instead to disable.
[2026-06-14T20:25:40.071Z] [1] EXPO_USE_METRO_WORKSPACE_ROOT is enabled by default, use EXPO_NO_METRO_WORKSPACE_ROOT instead to disable.
[2026-06-14T20:25:40.434Z] [1] λ Bundled 117ms node_modules/expo-router/node/render.js (1 module)
[2026-06-14T20:25:40.434Z] [1] λ Bundled 183ms node_modules/expo-router/node/render.js (1 module)
[2026-06-14T20:25:40.571Z] [1] [expo-notifications] Listening to push token changes is not yet fully supported on web. Adding a listener will have no effect.
[2026-06-14T20:25:40.604Z] [1] λ  LOG  { colorScheme: 'light', setColorScheme: [Function (anonymous)] } {
[2026-06-14T20:25:40.604Z] [1]   '--color-primary': '#001A3D',
[2026-06-14T20:25:40.604Z] [1]   '--color-background': '#F8F9FA',
[2026-06-14T20:25:40.604Z] [1]   '--color-surface': '#FFFFFF',
[2026-06-14T20:25:40.604Z] [1]   '--color-foreground': '#0A0F1A',
[2026-06-14T20:25:40.604Z] [1]   '--color-muted': '#6B7280',
[2026-06-14T20:25:40.604Z] [1]   '--color-border': '#E5E7EB',
[2026-06-14T20:25:40.604Z] [1]   '--color-success': '#22C55E',
[2026-06-14T20:25:40.604Z] [1]   '--color-warning': '#F59E0B',
[2026-06-14T20:25:40.604Z] [1]   '--color-error': '#EF4444'
[2026-06-14T20:25:40.604Z] [1] }
[2026-06-14T20:25:40.678Z] [1] λ  WARN  props.pointerEvents is deprecated. Use style.pointerEvents
[2026-06-14T20:25:40.701Z] [1]
[2026-06-14T20:25:40.701Z] Web node_modules/expo-router/entry.js ▓▓▓▓▓▓▓▓▓▓▓▓▓▓▓░ 99.9% (0/1)
[2026-06-14T20:25:40.701Z] [1] Web node_modules/expo-router/entry.js ░░░░░░░░░░░░░░░░  0.0% (0/1)
[2026-06-14T20:25:40.701Z] [1] Web node_modules/expo-router/entry.js ░░░░░░░░░░░░░░░░  0.0% (0/1)
[2026-06-14T20:25:40.839Z] [1] [expo-notifications] Listening to push token changes is not yet fully supported on web. Adding a listener will have no effect.
[2026-06-14T20:25:40.872Z] [1] λ  LOG  { colorScheme: 'light', setColorScheme: [Function (anonymous)] } {
[2026-06-14T20:25:40.872Z] [1]   '--color-primary': '#001A3D',
[2026-06-14T20:25:40.872Z] [1]   '--color-background': '#F8F9FA',
[2026-06-14T20:25:40.872Z] [1]   '--color-surface': '#FFFFFF',
[2026-06-14T20:25:40.872Z] [1]   '--color-foreground': '#0A0F1A',
[2026-06-14T20:25:40.872Z] [1]   '--color-muted': '#6B7280',
[2026-06-14T20:25:40.872Z] [1]   '--color-border': '#E5E7EB',
[2026-06-14T20:25:40.872Z] [1]   '--color-success': '#22C55E',
[2026-06-14T20:25:40.873Z] [1]   '--color-warning': '#F59E0B',
[2026-06-14T20:25:40.873Z] [1]   '--color-error': '#EF4444'
[2026-06-14T20:25:40.873Z] [1] }
[2026-06-14T20:25:40.943Z] [1] λ  WARN  props.pointerEvents is deprecated. Use style.pointerEvents
[2026-06-14T20:25:40.966Z] [1] Web node_modules/expo-router/entry.js ▓▓▓▓▓▓▓▓▓▓▓▓▓▓▓░ 99.9% (0/1)
[2026-06-14T20:25:40.966Z] [1] Web node_modules/expo-router/entry.js ░░░░░░░░░░░░░░░░  0.0% (0/1)
[2026-06-14T20:25:40.966Z] [1] Web node_modules/expo-router/entry.js ░░░░░░░░░░░░░░░░  0.0% (0/1)
[2026-06-14T20:25:40.980Z] [1] Web Bundled 6814ms node_modules/expo-router/entry.js (1 module)
[2026-06-14T20:25:41.015Z] [1] Error: Premature close
[2026-06-14T20:25:41.015Z] [1]     at onclose (node:internal/streams/end-of-stream:158:30)
[2026-06-14T20:25:41.015Z] [1]     at processTicksAndRejections (node:internal/process/task_queues:85:11)
[2026-06-14T20:25:41.055Z] [1] Web Bundled 966ms node_modules/expo-router/entry.js (1 module)
[2026-06-14T20:25:41.056Z] [1] Web Bundled 983ms node_modules/expo-router/entry.js (1 module)
[2026-06-14T20:25:42.718Z] [1] EXPO_USE_METRO_WORKSPACE_ROOT is enabled by default, use EXPO_NO_METRO_WORKSPACE_ROOT instead to disable.
[2026-06-14T20:25:42.719Z] [1] EXPO_USE_METRO_WORKSPACE_ROOT is enabled by default, use EXPO_NO_METRO_WORKSPACE_ROOT instead to disable.
[2026-06-14T20:25:42.820Z] [1] λ Bundled 99ms node_modules/expo-router/node/render.js (1 module)
[2026-06-14T20:25:43.091Z] [1] [expo-notifications] Listening to push token changes is not yet fully supported on web. Adding a listener will have no effect.
[2026-06-14T20:25:43.131Z] [1] λ  LOG  { colorScheme: 'light', setColorScheme: [Function (anonymous)] } {
[2026-06-14T20:25:43.131Z] [1]   '--color-primary': '#001A3D',
[2026-06-14T20:25:43.131Z] [1]   '--color-background': '#F8F9FA',
[2026-06-14T20:25:43.131Z] [1]   '--color-surface': '#FFFFFF',
[2026-06-14T20:25:43.131Z] [1]   '--color-foreground': '#0A0F1A',
[2026-06-14T20:25:43.132Z] [1]   '--color-muted': '#6B7280',
[2026-06-14T20:25:43.132Z] [1]   '--color-border': '#E5E7EB',
[2026-06-14T20:25:43.132Z] [1]   '--color-success': '#22C55E',
[2026-06-14T20:25:43.132Z] [1]   '--color-warning': '#F59E0B',
[2026-06-14T20:25:43.132Z] [1]   '--color-error': '#EF4444'
[2026-06-14T20:25:43.132Z] [1] }
[2026-06-14T20:25:43.198Z] [1] λ  WARN  props.pointerEvents is deprecated. Use style.pointerEvents
[2026-06-14T20:25:43.234Z] [1] Web node_modules/expo-router/entry.js ▓▓▓▓▓▓▓▓▓▓▓▓▓▓░░ 92.0% (1312/1368)
[2026-06-14T20:25:43.234Z] [1] Web node_modules/expo-router/entry.js ░░░░░░░░░░░░░░░░  0.0% (0/1)
[2026-06-14T20:25:43.351Z] [1] Web Bundled 631ms node_modules/expo-router/entry.js (1 module)
[2026-06-14T20:25:43.468Z] [1] Web Bundled 2359ms node_modules/expo-router/entry.js (1511 modules)
[2026-06-14T20:25:43.717Z] [1] Web Bundled 57ms node_modules/expo-router/entry.js (1 module)
[2026-06-14T20:25:43.951Z] [1]
[2026-06-14T20:25:43.951Z] LOG  [web] Logs will appear in the browser console
[2026-06-14T20:25:47.765Z] [1]  LOG  [web] Logs will appear in the browser console
[2026-06-14T20:26:09.298Z] [1] EXPO_USE_METRO_WORKSPACE_ROOT is enabled by default, use EXPO_NO_METRO_WORKSPACE_ROOT instead to disable.
[2026-06-14T20:26:09.300Z] [1] EXPO_USE_METRO_WORKSPACE_ROOT is enabled by default, use EXPO_NO_METRO_WORKSPACE_ROOT instead to disable.
[2026-06-14T20:26:09.302Z] [1] Web node_modules/expo-router/entry.js ░░░░░░░░░░░░░░░░  0.0% (0/1)
[2026-06-14T20:26:09.479Z] [1] λ Bundled 46ms node_modules/expo-router/node/render.js (1 module)
[2026-06-14T20:26:09.622Z] [1] [expo-notifications] Listening to push token changes is not yet fully supported on web. Adding a listener will have no effect.
[2026-06-14T20:26:09.652Z] [1] λ  LOG  { colorScheme: 'light', setColorScheme: [Function (anonymous)] } {
[2026-06-14T20:26:09.652Z] [1]   '--color-primary': '#001A3D',
[2026-06-14T20:26:09.652Z] [1]   '--color-background': '#F8F9FA',
[2026-06-14T20:26:09.652Z] [1]   '--color-surface': '#FFFFFF',
[2026-06-14T20:26:09.652Z] [1]   '--color-foreground': '#0A0F1A',
[2026-06-14T20:26:09.652Z] [1]   '--color-muted': '#6B7280',
[2026-06-14T20:26:09.652Z] [1]   '--color-border': '#E5E7EB',
[2026-06-14T20:26:09.652Z] [1]   '--color-success': '#22C55E',
[2026-06-14T20:26:09.652Z] [1]   '--color-warning': '#F59E0B',
[2026-06-14T20:26:09.652Z] [1]   '--color-error': '#EF4444'
[2026-06-14T20:26:09.652Z] [1] }
[2026-06-14T20:26:09.707Z] [1] λ  WARN  props.pointerEvents is deprecated. Use style.pointerEvents
[2026-06-14T20:26:09.729Z] [1] Web node_modules/expo-router/entry.js ░░░░░░░░░░░░░░░░  0.0% (0/1)
[2026-06-14T20:26:09.740Z] [1] Web Bundled 438ms node_modules/expo-router/entry.js (1 module)
[2026-06-14T20:26:09.901Z] [1]
[2026-06-14T20:26:09.901Z] Web Bundled 63ms node_modules/expo-router/entry.js (1 module)
[2026-06-14T20:26:10.605Z] [1]  LOG  [web] Logs will appear in the browser console
[2026-06-14T20:37:24.312Z] [1] EXPO_USE_METRO_WORKSPACE_ROOT is enabled by default, use EXPO_NO_METRO_WORKSPACE_ROOT instead to disable.
[2026-06-14T20:37:24.313Z] [1] EXPO_USE_METRO_WORKSPACE_ROOT is enabled by default, use EXPO_NO_METRO_WORKSPACE_ROOT instead to disable.
[2026-06-14T20:37:24.317Z] [1] Web node_modules/expo-router/entry.js ░░░░░░░░░░░░░░░░  0.0% (0/1)
[2026-06-14T20:37:24.533Z] [1] λ Bundled 72ms node_modules/expo-router/node/render.js (1 module)
[2026-06-14T20:37:24.715Z] [1] [expo-notifications] Listening to push token changes is not yet fully supported on web. Adding a listener will have no effect.
[2026-06-14T20:37:24.764Z] [1] λ  LOG  { colorScheme: 'light', setColorScheme: [Function (anonymous)] } {
[2026-06-14T20:37:24.764Z] [1]   '--color-primary': '#001A3D',
[2026-06-14T20:37:24.764Z] [1]   '--color-background': '#F8F9FA',
[2026-06-14T20:37:24.764Z] [1]   '--color-surface': '#FFFFFF',
[2026-06-14T20:37:24.764Z] [1]   '--color-foreground': '#0A0F1A',
[2026-06-14T20:37:24.764Z] [1]   '--color-muted': '#6B7280',
[2026-06-14T20:37:24.764Z] [1]   '--color-border': '#E5E7EB',
[2026-06-14T20:37:24.764Z] [1]   '--color-success': '#22C55E',
[2026-06-14T20:37:24.764Z] [1]   '--color-warning': '#F59E0B',
[2026-06-14T20:37:24.764Z] [1]   '--color-error': '#EF4444'
[2026-06-14T20:37:24.764Z] [1] }
[2026-06-14T20:37:24.842Z] [1] λ  WARN  props.pointerEvents is deprecated. Use style.pointerEvents
[2026-06-14T20:37:24.877Z] [1] Web node_modules/expo-router/entry.js ░░░░░░░░░░░░░░░░  0.0% (0/1)
[2026-06-14T20:37:24.894Z] [1] Web Bundled 577ms node_modules/expo-router/entry.js (1 module)
[2026-06-14T20:37:25.294Z] [1] Web Bundled 54ms node_modules/expo-router/entry.js (1 module)
[2026-06-14T20:37:27.359Z] ELIFECYCLE  Command failed.
[2026-06-14T20:37:27.374Z] [0]
[2026-06-14T20:37:27.374Z] ELIFECYCLE  Command failed.
[2026-06-14T20:37:27.374Z] [1]
[2026-06-14T20:37:27.374Z] ELIFECYCLE  Command failed.
[2026-06-14T20:37:27.378Z] [0] 8:37:27 PM [tsx] Previous process hasn't exited yet. Force killing...
[2026-06-14T20:37:27.410Z] [0] pnpm dev:server exited with code SIGTERM
[2026-06-14T20:37:27.411Z] --> Sending SIGTERM to other processes..
[2026-06-14T20:37:28.138Z] [1] pnpm dev:metro exited with code SIGTERM
[2026-06-14T20:37:28.835Z] Lockfile is up to date, resolution step is skipped
[2026-06-14T20:37:29.383Z] Dev server exited with code -1
[2026-06-14T20:37:30.410Z] Starting dev server with command: pnpm run dev
[2026-06-14T20:37:31.709Z] > app-template@1.0.0 dev /home/ubuntu/aldwych-mobile-app
[2026-06-14T20:37:31.709Z] > concurrently -k "pnpm dev:server" "pnpm dev:metro"
[2026-06-14T20:37:32.631Z] [0]
[2026-06-14T20:37:32.631Z] [0] > app-template@1.0.0 dev:server /home/ubuntu/aldwych-mobile-app
[2026-06-14T20:37:32.631Z] [0] > cross-env NODE_ENV=development tsx watch server/_core/index.ts
[2026-06-14T20:37:32.631Z] [0]
[2026-06-14T20:37:32.632Z] [1]
[2026-06-14T20:37:32.632Z] [1] > app-template@1.0.0 dev:metro /home/ubuntu/aldwych-mobile-app
[2026-06-14T20:37:32.632Z] [1] > cross-env EXPO_USE_METRO_WORKSPACE_ROOT=1 npx expo start --web --port ${EXPO_PORT:-8081}
[2026-06-14T20:37:32.632Z] [1]
[2026-06-14T20:37:33.396Z] [1] Starting project at /home/ubuntu/aldwych-mobile-app
[2026-06-14T20:37:33.853Z] [1]
[2026-06-14T20:37:33.853Z] EXPO_USE_METRO_WORKSPACE_ROOT is enabled by default, use EXPO_NO_METRO_WORKSPACE_ROOT instead to disable.
[2026-06-14T20:37:34.230Z] [1]
[2026-06-14T20:37:34.230Z] EXPO_USE_METRO_WORKSPACE_ROOT is enabled by default, use EXPO_NO_METRO_WORKSPACE_ROOT instead to disable.
[2026-06-14T20:37:34.230Z] [1] EXPO_USE_METRO_WORKSPACE_ROOT is enabled by default, use EXPO_NO_METRO_WORKSPACE_ROOT instead to disable.
[2026-06-14T20:37:34.231Z] [1] EXPO_USE_METRO_WORKSPACE_ROOT is enabled by default, use EXPO_NO_METRO_WORKSPACE_ROOT instead to disable.
[2026-06-14T20:37:34.529Z] [1] React Compiler enabled
[2026-06-14T20:37:34.703Z] [1] Starting Metro Bundler
[2026-06-14T20:37:34.748Z] [1] EXPO_USE_METRO_WORKSPACE_ROOT is enabled by default, use EXPO_NO_METRO_WORKSPACE_ROOT instead to disable.
[2026-06-14T20:37:36.718Z] [0]
[2026-06-14T20:37:36.719Z] [OAuth] Initialized with baseURL: https://api.manus.im
[2026-06-14T20:37:36.931Z] [0] [api] server listening on port 3000
[2026-06-14T20:37:40.931Z] [1] EXPO_USE_METRO_WORKSPACE_ROOT is enabled by default, use EXPO_NO_METRO_WORKSPACE_ROOT instead to disable.
[2026-06-14T20:37:40.945Z] [1] EXPO_USE_METRO_WORKSPACE_ROOT is enabled by default, use EXPO_NO_METRO_WORKSPACE_ROOT instead to disable.
[2026-06-14T20:37:42.047Z] [1]
[2026-06-14T20:37:42.047Z] Web node_modules/expo-router/entry.js ░░░░░░░░░░░░░░░░  0.0% (0/1)
[2026-06-14T20:37:42.047Z] [1] λ node_modules/expo-router/node/render.js ░░░░░░░░░░░░░░░░  0.0% (0/1)
[2026-06-14T20:37:42.589Z] [1] The following packages should be updated for best compatibility with the installed expo version:
[2026-06-14T20:37:42.589Z] [1]   expo@54.0.29 - expected version: ~54.0.35
[2026-06-14T20:37:42.589Z] [1]   expo-audio@1.1.0 - expected version: ~1.1.1
[2026-06-14T20:37:42.589Z] [1]   expo-constants@18.0.12 - expected version: ~18.0.13
[2026-06-14T20:37:42.590Z] [1]   expo-device@56.0.4 - expected version: ~8.0.10
[2026-06-14T20:37:42.590Z] [1]   expo-font@14.0.10 - expected version: ~14.0.12
[2026-06-14T20:37:42.590Z] [1]   expo-linking@8.0.10 - expected version: ~8.0.12
[2026-06-14T20:37:42.590Z] [1]   expo-local-authentication@56.0.4 - expected version: ~17.0.8
[2026-06-14T20:37:42.590Z] [1]   expo-notifications@0.32.15 - expected version: ~0.32.17
[2026-06-14T20:37:42.590Z] [1]   expo-router@6.0.19 - expected version: ~6.0.24
[2026-06-14T20:37:42.590Z] [1]   expo-splash-screen@31.0.12 - expected version: ~31.0.13
[2026-06-14T20:37:42.590Z] [1]   expo-video@3.0.15 - expected version: ~3.0.16
[2026-06-14T20:37:42.590Z] [1]   expo-web-browser@15.0.10 - expected version: ~15.0.11
[2026-06-14T20:37:42.590Z] [1] Your project may not work correctly until you install the expected versions of the packages.
[2026-06-14T20:37:42.598Z] [1] Waiting on http://localhost:8081
[2026-06-14T20:37:42.598Z] [1] Logs for your project will appear below.
[2026-06-14T20:37:42.598Z] [1] Web node_modules/expo-router/entry.js ░░░░░░░░░░░░░░░░  0.0% (0/1)
[2026-06-14T20:37:42.598Z] [1] λ node_modules/expo-router/node/render.js ░░░░░░░░░░░░░░░░  0.0% (0/1)
[2026-06-14T20:37:42.790Z] [1] EXPO_USE_METRO_WORKSPACE_ROOT is enabled by default, use EXPO_NO_METRO_WORKSPACE_ROOT instead to disable.
[2026-06-14T20:37:42.794Z] [1] EXPO_USE_METRO_WORKSPACE_ROOT is enabled by default, use EXPO_NO_METRO_WORKSPACE_ROOT instead to disable.
[2026-06-14T20:37:45.214Z] [1] λ Bundled 3190ms node_modules/expo-router/node/render.js (1329 modules)
[2026-06-14T20:37:47.321Z] [1] [expo-notifications] Listening to push token changes is not yet fully supported on web. Adding a listener will have no effect.
[2026-06-14T20:37:47.475Z] [1] λ  LOG  { colorScheme: 'light', setColorScheme: [Function (anonymous)] } {
[2026-06-14T20:37:47.475Z] [1]   '--color-primary': '#001A3D',
[2026-06-14T20:37:47.475Z] [1]   '--color-background': '#F8F9FA',
[2026-06-14T20:37:47.475Z] [1]   '--color-surface': '#FFFFFF',
[2026-06-14T20:37:47.475Z] [1]   '--color-foreground': '#0A0F1A',
[2026-06-14T20:37:47.475Z] [1]   '--color-muted': '#6B7280',
[2026-06-14T20:37:47.475Z] [1]   '--color-border': '#E5E7EB',
[2026-06-14T20:37:47.475Z] [1]   '--color-success': '#22C55E',
[2026-06-14T20:37:47.475Z] [1]   '--color-warning': '#F59E0B',
[2026-06-14T20:37:47.475Z] [1]   '--color-error': '#EF4444'
[2026-06-14T20:37:47.475Z] [1] }
[2026-06-14T20:37:47.580Z] [1] λ  WARN  props.pointerEvents is deprecated. Use style.pointerEvents
[2026-06-14T20:37:47.601Z] [1] Web node_modules/expo-router/entry.js ▓▓▓▓▓▓▓▓▓▓▓▓▓▓▓░ 96.5% (1499/1526)
[2026-06-14T20:37:47.601Z] [1] Web node_modules/expo-router/entry.js ░░░░░░░░░░░░░░░░  0.0% (0/1)
[2026-06-14T20:37:47.601Z] [1] λ node_modules/expo-router/node/render.js ░░░░░░░░░░░░░░░░  0.0% (0/1)
[2026-06-14T20:37:47.627Z] [1] λ Bundled 4823ms node_modules/expo-router/node/render.js (1 module)
[2026-06-14T20:37:47.984Z] [1] [expo-notifications] Listening to push token changes is not yet fully supported on web. Adding a listener will have no effect.
[2026-06-14T20:37:48.018Z] [1] λ  LOG  { colorScheme: 'light', setColorScheme: [Function (anonymous)] } {
[2026-06-14T20:37:48.018Z] [1]   '--color-primary': '#001A3D',
[2026-06-14T20:37:48.018Z] [1]   '--color-background': '#F8F9FA',
[2026-06-14T20:37:48.018Z] [1]   '--color-surface': '#FFFFFF',
[2026-06-14T20:37:48.018Z] [1]   '--color-foreground': '#0A0F1A',
[2026-06-14T20:37:48.018Z] [1]   '--color-muted': '#6B7280',
[2026-06-14T20:37:48.018Z] [1]   '--color-border': '#E5E7EB',
[2026-06-14T20:37:48.018Z] [1]   '--color-success': '#22C55E',
[2026-06-14T20:37:48.018Z] [1]   '--color-warning': '#F59E0B',
[2026-06-14T20:37:48.018Z] [1]   '--color-error': '#EF4444'
[2026-06-14T20:37:48.019Z] [1] }
[2026-06-14T20:37:48.087Z] [1] λ  WARN  props.pointerEvents is deprecated. Use style.pointerEvents
[2026-06-14T20:37:48.112Z] [1] Web node_modules/expo-router/entry.js ▓▓▓▓▓▓▓▓▓▓▓▓▓▓▓░ 98.7% (1527/1537)
[2026-06-14T20:37:48.112Z] [1] Web node_modules/expo-router/entry.js ░░░░░░░░░░░░░░░░  0.0% (0/1)
[2026-06-14T20:37:48.299Z] [1] Web Bundled 6277ms node_modules/expo-router/entry.js (1 module)
[2026-06-14T20:37:48.372Z] [1] Web Bundled 5538ms node_modules/expo-router/entry.js (1 module)
[2026-06-14T20:37:48.818Z] [1] EXPO_USE_METRO_WORKSPACE_ROOT is enabled by default, use EXPO_NO_METRO_WORKSPACE_ROOT instead to disable.
[2026-06-14T20:37:48.820Z] [1] EXPO_USE_METRO_WORKSPACE_ROOT is enabled by default, use EXPO_NO_METRO_WORKSPACE_ROOT instead to disable.
[2026-06-14T20:37:49.001Z] [1] λ Bundled 49ms node_modules/expo-router/node/render.js (1 module)
[2026-06-14T20:37:49.179Z] [1]
[2026-06-14T20:37:49.179Z] [expo-notifications] Listening to push token changes is not yet fully supported on web. Adding a listener will have no effect.
[2026-06-14T20:37:49.214Z] [1] λ  LOG  { colorScheme: 'light', setColorScheme: [Function (anonymous)] } {
[2026-06-14T20:37:49.214Z] [1]   '--color-primary': '#001A3D',
[2026-06-14T20:37:49.214Z] [1]   '--color-background': '#F8F9FA',
[2026-06-14T20:37:49.214Z] [1]   '--color-surface': '#FFFFFF',
[2026-06-14T20:37:49.214Z] [1]   '--color-foreground': '#0A0F1A',
[2026-06-14T20:37:49.214Z] [1]   '--color-muted': '#6B7280',
[2026-06-14T20:37:49.214Z] [1]   '--color-border': '#E5E7EB',
[2026-06-14T20:37:49.214Z] [1]   '--color-success': '#22C55E',
[2026-06-14T20:37:49.214Z] [1]   '--color-warning': '#F59E0B',
[2026-06-14T20:37:49.214Z] [1]   '--color-error': '#EF4444'
[2026-06-14T20:37:49.214Z] [1] }
[2026-06-14T20:37:49.280Z] [1] λ  WARN  props.pointerEvents is deprecated. Use style.pointerEvents
[2026-06-14T20:37:49.303Z] [1] Web node_modules/expo-router/entry.js ░░░░░░░░░░░░░░░░  0.0% (0/1)
[2026-06-14T20:37:49.303Z] [1] Web node_modules/expo-router/entry.js ░░░░░░░░░░░░░░░░  0.0% (0/1)
[2026-06-14T20:37:49.317Z] [1] Web Bundled 494ms node_modules/expo-router/entry.js (1 module)
[2026-06-14T20:37:50.332Z] [1] Web Bundled 1946ms node_modules/expo-router/entry.js (1502 modules)
[2026-06-14T20:37:50.778Z] [1] EXPO_USE_METRO_WORKSPACE_ROOT is enabled by default, use EXPO_NO_METRO_WORKSPACE_ROOT instead to disable.
[2026-06-14T20:37:50.779Z] [1] EXPO_USE_METRO_WORKSPACE_ROOT is enabled by default, use EXPO_NO_METRO_WORKSPACE_ROOT instead to disable.
[2026-06-14T20:37:50.834Z] [1] λ Bundled 52ms node_modules/expo-router/node/render.js (1 module)
[2026-06-14T20:37:50.966Z] [1]  LOG  [web] Logs will appear in the browser console
[2026-06-14T20:37:51.131Z] [1] [expo-notifications] Listening to push token changes is not yet fully supported on web. Adding a listener will have no effect.
[2026-06-14T20:37:51.179Z] [1] λ  LOG  { colorScheme: 'light', setColorScheme: [Function (anonymous)] } {
[2026-06-14T20:37:51.179Z] [1]   '--color-primary': '#001A3D',
[2026-06-14T20:37:51.179Z] [1]   '--color-background': '#F8F9FA',
[2026-06-14T20:37:51.179Z] [1]   '--color-surface': '#FFFFFF',
[2026-06-14T20:37:51.179Z] [1]   '--color-foreground': '#0A0F1A',
[2026-06-14T20:37:51.179Z] [1]   '--color-muted': '#6B7280',
[2026-06-14T20:37:51.179Z] [1]   '--color-border': '#E5E7EB',
[2026-06-14T20:37:51.179Z] [1]   '--color-success': '#22C55E',
[2026-06-14T20:37:51.179Z] [1]   '--color-warning': '#F59E0B',
[2026-06-14T20:37:51.179Z] [1]   '--color-error': '#EF4444'
[2026-06-14T20:37:51.179Z] [1] }
[2026-06-14T20:37:51.262Z] [1] λ  WARN  props.pointerEvents is deprecated. Use style.pointerEvents
[2026-06-14T20:37:51.290Z] [1] Web node_modules/expo-router/entry.js ░░░░░░░░░░░░░░░░  0.0% (0/1)
[2026-06-14T20:37:51.309Z] [1] Web Bundled 527ms node_modules/expo-router/entry.js (1 module)
[2026-06-14T20:37:51.711Z] [1] Web Bundled 60ms node_modules/expo-router/entry.js (1 module)
[2026-06-14T20:37:55.620Z] [1]  LOG  [web] Logs will appear in the browser console
[2026-06-14T20:39:32.106Z] [1]
[2026-06-14T20:39:32.106Z] /home/ubuntu/aldwych-mobile-app/node_modules/@expo/cli/build/src/utils/errors.js:130
[2026-06-14T20:39:32.106Z] [1]     throw error;
[2026-06-14T20:39:32.106Z] [1]     ^
[2026-06-14T20:39:32.106Z] [1]
[2026-06-14T20:39:32.106Z] [1] Error: ENOENT: no such file or directory, watch '/home/ubuntu/aldwych-mobile-app/node_modules/@pdf-lib/standard-fonts_tmp_19919/dist'
[2026-06-14T20:39:32.106Z] [1]     at FSWatcher.<computed> (node:internal/fs/watchers:247:19)
[2026-06-14T20:39:32.106Z] [1]     at Object.watch (node:fs:2550:36)
[2026-06-14T20:39:32.106Z] [1]     at FallbackWatcher._watchdir (/home/ubuntu/aldwych-mobile-app/node_modules/metro-file-map/src/watchers/FallbackWatcher.js:119:33)
[2026-06-14T20:39:32.106Z] [1]     at /home/ubuntu/aldwych-mobile-app/node_modules/metro-file-map/src/watchers/FallbackWatcher.js:219:22
[2026-06-14T20:39:32.106Z] [1]     at Walker.<anonymous> (/home/ubuntu/aldwych-mobile-app/node_modules/metro-file-map/src/watchers/FallbackWatcher.js:358:5)
[2026-06-14T20:39:32.106Z] [1]     at Walker.emit (node:events:524:28)
[2026-06-14T20:39:32.106Z] [1]     at /home/ubuntu/aldwych-mobile-app/node_modules/walker/lib/walker.js:69:16
[2026-06-14T20:39:32.106Z] [1]     at FSReqCallback.oncomplete (node:fs:188:23)
[2026-06-14T20:39:32.106Z] [1]     at FSReqCallback.callbackTrampoline (node:internal/async_hooks:130:17) {
[2026-06-14T20:39:32.106Z] [1]   errno: -2,
[2026-06-14T20:39:32.106Z] [1]   syscall: 'watch',
[2026-06-14T20:39:32.106Z] [1]   code: 'ENOENT',
[2026-06-14T20:39:32.106Z] [1]   path: '/home/ubuntu/aldwych-mobile-app/node_modules/@pdf-lib/standard-fonts_tmp_19919/dist',
[2026-06-14T20:39:32.106Z] [1]   filename: '/home/ubuntu/aldwych-mobile-app/node_modules/@pdf-lib/standard-fonts_tmp_19919/dist'
[2026-06-14T20:39:32.106Z] [1] }
[2026-06-14T20:39:32.106Z] [1]
[2026-06-14T20:39:32.106Z] [1] Node.js v22.13.0
[2026-06-14T20:39:32.211Z] [1]  ELIFECYCLE  Command failed with exit code 7.
[2026-06-14T20:39:32.241Z] [1] pnpm dev:metro exited with code 7
[2026-06-14T20:39:32.242Z] -->
[2026-06-14T20:39:32.242Z] Sending SIGTERM to other processes..
[2026-06-14T20:39:32.314Z] [0]  ELIFECYCLE  Command failed.
[2026-06-14T20:39:32.347Z] [0] 8:39:32 PM [tsx] Previous process hasn't exited yet. Force killing...
[2026-06-14T20:39:32.359Z] [0] pnpm dev:server exited with code SIGTERM
[2026-06-14T20:39:32.367Z] ELIFECYCLE  Command failed with exit code 1.
[2026-06-14T20:39:32.404Z] Dev server exited with code 1
[2026-06-14T20:41:33.514Z] Starting dev server with command: pnpm run dev
[2026-06-14T20:41:34.376Z] Dev server exited with code -1
[2026-06-14T20:41:35.455Z] Starting dev server with command: pnpm run dev
[2026-06-14T20:41:36.778Z] > app-template@1.0.0 dev /home/ubuntu/aldwych-mobile-app
[2026-06-14T20:41:36.778Z] > concurrently -k "pnpm dev:server" "pnpm dev:metro"
[2026-06-14T20:41:37.605Z] [1]
[2026-06-14T20:41:37.605Z] [1] > app-template@1.0.0 dev:metro /home/ubuntu/aldwych-mobile-app
[2026-06-14T20:41:37.605Z] [1] > cross-env EXPO_USE_METRO_WORKSPACE_ROOT=1 npx expo start --web --port ${EXPO_PORT:-8081}
[2026-06-14T20:41:37.606Z] [1]
[2026-06-14T20:41:37.624Z] [0]
[2026-06-14T20:41:37.624Z] [0] > app-template@1.0.0 dev:server /home/ubuntu/aldwych-mobile-app
[2026-06-14T20:41:37.624Z] [0] > cross-env NODE_ENV=development tsx watch server/_core/index.ts
[2026-06-14T20:41:37.624Z] [0]
[2026-06-14T20:41:39.064Z] [1] Starting project at /home/ubuntu/aldwych-mobile-app
[2026-06-14T20:41:39.748Z] [1]
[2026-06-14T20:41:39.748Z] EXPO_USE_METRO_WORKSPACE_ROOT is enabled by default, use EXPO_NO_METRO_WORKSPACE_ROOT instead to disable.
[2026-06-14T20:41:40.421Z] [1] EXPO_USE_METRO_WORKSPACE_ROOT is enabled by default, use EXPO_NO_METRO_WORKSPACE_ROOT instead to disable.
[2026-06-14T20:41:40.421Z] [1] EXPO_USE_METRO_WORKSPACE_ROOT is enabled by default, use EXPO_NO_METRO_WORKSPACE_ROOT instead to disable.
[2026-06-14T20:41:40.422Z] [1] EXPO_USE_METRO_WORKSPACE_ROOT is enabled by default, use EXPO_NO_METRO_WORKSPACE_ROOT instead to disable.
[2026-06-14T20:41:40.786Z] [1] React Compiler enabled
[2026-06-14T20:41:41.006Z] [1] Starting Metro Bundler
[2026-06-14T20:41:41.040Z] [1] EXPO_USE_METRO_WORKSPACE_ROOT is enabled by default, use EXPO_NO_METRO_WORKSPACE_ROOT instead to disable.
[2026-06-14T20:41:41.416Z] [1] EXPO_USE_METRO_WORKSPACE_ROOT is enabled by default, use EXPO_NO_METRO_WORKSPACE_ROOT instead to disable.
[2026-06-14T20:41:41.418Z] [1] EXPO_USE_METRO_WORKSPACE_ROOT is enabled by default, use EXPO_NO_METRO_WORKSPACE_ROOT instead to disable.
[2026-06-14T20:41:41.642Z] [0] [OAuth] Initialized with baseURL: https://api.manus.im
[2026-06-14T20:41:42.156Z] [0] [api] server listening on port 3000
[2026-06-14T20:41:42.754Z] [0] 8:41:42 PM [tsx] change in ./server/_core/index.ts Restarting...
[2026-06-14T20:41:42.773Z] [0] c
[2026-06-14T20:41:42.906Z] [1] EXPO_USE_METRO_WORKSPACE_ROOT is enabled by default, use EXPO_NO_METRO_WORKSPACE_ROOT instead to disable.
[2026-06-14T20:41:42.909Z] [1] EXPO_USE_METRO_WORKSPACE_ROOT is enabled by default, use EXPO_NO_METRO_WORKSPACE_ROOT instead to disable.
[2026-06-14T20:41:45.918Z] [1]
[2026-06-14T20:41:45.919Z] EXPO_USE_METRO_WORKSPACE_ROOT is enabled by default, use EXPO_NO_METRO_WORKSPACE_ROOT instead to disable.
[2026-06-14T20:41:45.920Z] [1]
[2026-06-14T20:41:45.920Z] EXPO_USE_METRO_WORKSPACE_ROOT is enabled by default, use EXPO_NO_METRO_WORKSPACE_ROOT instead to disable.
[2026-06-14T20:41:46.040Z] [1] The following packages should be updated for best compatibility with the installed expo version:
[2026-06-14T20:41:46.040Z] [1]   expo@54.0.29 - expected version: ~54.0.35
[2026-06-14T20:41:46.040Z] [1]   expo-audio@1.1.0 - expected version: ~1.1.1
[2026-06-14T20:41:46.040Z] [1]   expo-constants@18.0.12 - expected version: ~18.0.13
[2026-06-14T20:41:46.041Z] [1]   expo-device@56.0.4 - expected version: ~8.0.10
[2026-06-14T20:41:46.041Z] [1]
[2026-06-14T20:41:46.041Z] expo-font@14.0.10 - expected version: ~14.0.12
[2026-06-14T20:41:46.041Z] [1]
[2026-06-14T20:41:46.041Z] expo-linking@8.0.10 - expected version: ~8.0.12
[2026-06-14T20:41:46.041Z] [1]   expo-local-authentication@56.0.4 - expected version: ~17.0.8
[2026-06-14T20:41:46.041Z] [1]
[2026-06-14T20:41:46.041Z] expo-notifications@0.32.15 - expected version: ~0.32.17
[2026-06-14T20:41:46.041Z] [1]
[2026-06-14T20:41:46.041Z] expo-router@6.0.19 - expected version: ~6.0.24
[2026-06-14T20:41:46.041Z] [1]   expo-splash-screen@31.0.12 - expected version: ~31.0.13
[2026-06-14T20:41:46.041Z] [1]
[2026-06-14T20:41:46.041Z] expo-video@3.0.15 - expected version: ~3.0.16
[2026-06-14T20:41:46.041Z] [1]
[2026-06-14T20:41:46.041Z] expo-web-browser@15.0.10 - expected version: ~15.0.11
[2026-06-14T20:41:46.041Z] [1] Your project may not work correctly until you install the expected versions of the packages.
[2026-06-14T20:41:46.400Z] [0] [OAuth] Initialized with baseURL: https://api.manus.im
[2026-06-14T20:41:46.831Z] [0] [api] server listening on port 3000
[2026-06-14T20:41:46.987Z] [1] Waiting on http://localhost:8081
[2026-06-14T20:41:46.987Z] [1] Logs for your project will appear below.
[2026-06-14T20:41:47.342Z] [1] EXPO_USE_METRO_WORKSPACE_ROOT is enabled by default, use EXPO_NO_METRO_WORKSPACE_ROOT instead to disable.
[2026-06-14T20:41:47.344Z] [1] EXPO_USE_METRO_WORKSPACE_ROOT is enabled by default, use EXPO_NO_METRO_WORKSPACE_ROOT instead to disable.
[2026-06-14T20:41:48.011Z] [1] EXPO_USE_METRO_WORKSPACE_ROOT is enabled by default, use EXPO_NO_METRO_WORKSPACE_ROOT instead to disable.
[2026-06-14T20:41:48.012Z] [1]
[2026-06-14T20:41:48.012Z] EXPO_USE_METRO_WORKSPACE_ROOT is enabled by default, use EXPO_NO_METRO_WORKSPACE_ROOT instead to disable.
[2026-06-14T20:41:48.396Z] [1] EXPO_USE_METRO_WORKSPACE_ROOT is enabled by default, use EXPO_NO_METRO_WORKSPACE_ROOT instead to disable.
[2026-06-14T20:41:48.397Z] [1] EXPO_USE_METRO_WORKSPACE_ROOT is enabled by default, use EXPO_NO_METRO_WORKSPACE_ROOT instead to disable.
[2026-06-14T20:41:48.698Z] [1] EXPO_USE_METRO_WORKSPACE_ROOT is enabled by default, use EXPO_NO_METRO_WORKSPACE_ROOT instead to disable.
[2026-06-14T20:41:48.700Z] [1] EXPO_USE_METRO_WORKSPACE_ROOT is enabled by default, use EXPO_NO_METRO_WORKSPACE_ROOT instead to disable.
[2026-06-14T20:41:48.800Z] [1] EXPO_USE_METRO_WORKSPACE_ROOT is enabled by default, use EXPO_NO_METRO_WORKSPACE_ROOT instead to disable.
[2026-06-14T20:41:48.801Z] [1] EXPO_USE_METRO_WORKSPACE_ROOT is enabled by default, use EXPO_NO_METRO_WORKSPACE_ROOT instead to disable.
[2026-06-14T20:41:48.915Z] [1] EXPO_USE_METRO_WORKSPACE_ROOT is enabled by default, use EXPO_NO_METRO_WORKSPACE_ROOT instead to disable.
[2026-06-14T20:41:48.915Z] [1] EXPO_USE_METRO_WORKSPACE_ROOT is enabled by default, use EXPO_NO_METRO_WORKSPACE_ROOT instead to disable.
[2026-06-14T20:41:50.520Z] [1] Web node_modules/expo-router/entry.js ░░░░░░░░░░░░░░░░  0.0% (0/1)
[2026-06-14T20:41:50.520Z] [1] λ node_modules/expo-router/node/render.js ░░░░░░░░░░░░░░░░  0.0% (0/1)
[2026-06-14T20:41:50.520Z] [1] Web node_modules/expo-router/entry.js ░░░░░░░░░░░░░░░░  0.0% (0/1)
[2026-06-14T20:41:50.520Z] [1] λ node_modules/expo-router/node/render.js ░░░░░░░░░░░░░░░░  0.0% (0/1)
[2026-06-14T20:41:50.520Z] [1] Web node_modules/expo-router/entry.js ░░░░░░░░░░░░░░░░  0.0% (0/1)
[2026-06-14T20:41:50.520Z] [1] λ node_modules/expo-router/node/render.js ░░░░░░░░░░░░░░░░  0.0% (0/1)
[2026-06-14T20:41:50.520Z] [1] Web node_modules/expo-router/entry.js ░░░░░░░░░░░░░░░░  0.0% (0/1)
[2026-06-14T20:41:50.520Z] [1] λ node_modules/expo-router/node/render.js ░░░░░░░░░░░░░░░░  0.0% (0/1)
[2026-06-14T20:41:50.520Z] [1] Web node_modules/expo-router/entry.js ░░░░░░░░░░░░░░░░  0.0% (0/1)
[2026-06-14T20:41:50.520Z] [1] λ node_modules/expo-router/node/render.js ░░░░░░░░░░░░░░░░  0.0% (0/1)
[2026-06-14T20:41:50.520Z] [1] Web node_modules/expo-router/entry.js ░░░░░░░░░░░░░░░░  0.0% (0/1)
[2026-06-14T20:41:50.520Z] [1] λ node_modules/expo-router/node/render.js ░░░░░░░░░░░░░░░░  0.0% (0/1)
[2026-06-14T20:41:50.520Z] [1] Web node_modules/expo-router/entry.js ░░░░░░░░░░░░░░░░  0.0% (0/1)
[2026-06-14T20:41:50.520Z] [1] λ node_modules/expo-router/node/render.js ░░░░░░░░░░░░░░░░  0.0% (0/1)
[2026-06-14T20:41:50.520Z] [1] Web node_modules/expo-router/entry.js ░░░░░░░░░░░░░░░░  0.0% (0/1)
[2026-06-14T20:41:50.520Z] [1] λ node_modules/expo-router/node/render.js ░░░░░░░░░░░░░░░░  0.0% (0/1)
[2026-06-14T20:41:50.520Z] [1] Web node_modules/expo-router/entry.js ░░░░░░░░░░░░░░░░  0.0% (0/1)
[2026-06-14T20:41:50.520Z] [1] λ node_modules/expo-router/node/render.js ░░░░░░░░░░░░░░░░  0.0% (0/1)
[2026-06-14T20:41:50.904Z] [1] Killed
[2026-06-14T20:41:50.922Z] [1]  ELIFECYCLE  Command failed with exit code 137.
[2026-06-14T20:41:50.955Z] [1] pnpm dev:metro exited with code 137
[2026-06-14T20:41:50.956Z] -->
[2026-06-14T20:41:50.956Z] Sending SIGTERM to other processes..
[2026-06-14T20:41:51.023Z] [0]
[2026-06-14T20:41:51.023Z] 8:41:51 PM [tsx] Previous process hasn't exited yet. Force killing...
[2026-06-14T20:41:51.024Z] [0]
[2026-06-14T20:41:51.024Z] ELIFECYCLE  Command failed.
[2026-06-14T20:41:51.850Z] Starting dev server with command: pnpm run dev
[2026-06-14T20:41:51.889Z] Dev server exited with code -1
[2026-06-14T20:41:53.050Z] Starting dev server with command: pnpm run dev
[2026-06-14T20:41:54.458Z] > app-template@1.0.0 dev /home/ubuntu/aldwych-mobile-app
[2026-06-14T20:41:54.459Z] > concurrently -k "pnpm dev:server" "pnpm dev:metro"
[2026-06-14T20:41:55.236Z] [1]
[2026-06-14T20:41:55.236Z] [1] > app-template@1.0.0 dev:metro /home/ubuntu/aldwych-mobile-app
[2026-06-14T20:41:55.236Z] [1] > cross-env EXPO_USE_METRO_WORKSPACE_ROOT=1 npx expo start --web --port ${EXPO_PORT:-8081}
[2026-06-14T20:41:55.236Z] [1]
[2026-06-14T20:41:55.276Z] [0]
[2026-06-14T20:41:55.276Z] [0] > app-template@1.0.0 dev:server /home/ubuntu/aldwych-mobile-app
[2026-06-14T20:41:55.276Z] [0] > cross-env NODE_ENV=development tsx watch server/_core/index.ts
[2026-06-14T20:41:55.276Z] [0]
[2026-06-14T20:41:55.966Z] [1] Starting project at /home/ubuntu/aldwych-mobile-app
[2026-06-14T20:41:56.024Z] [0] 8:41:56 PM [tsx] Process didn't exit in 5s. Force killing...
[2026-06-14T20:41:56.024Z] [0] 8:41:56 PM [tsx] Process didn't exit in 5s. Force killing...
[2026-06-14T20:41:56.440Z] [1]
[2026-06-14T20:41:56.440Z] EXPO_USE_METRO_WORKSPACE_ROOT is enabled by default, use EXPO_NO_METRO_WORKSPACE_ROOT instead to disable.
[2026-06-14T20:41:56.816Z] [1]
[2026-06-14T20:41:56.816Z] EXPO_USE_METRO_WORKSPACE_ROOT is enabled by default, use EXPO_NO_METRO_WORKSPACE_ROOT instead to disable.
[2026-06-14T20:41:56.816Z] [1]
[2026-06-14T20:41:56.816Z] EXPO_USE_METRO_WORKSPACE_ROOT is enabled by default, use EXPO_NO_METRO_WORKSPACE_ROOT instead to disable.
[2026-06-14T20:41:56.817Z] [1]
[2026-06-14T20:41:56.817Z] EXPO_USE_METRO_WORKSPACE_ROOT is enabled by default, use EXPO_NO_METRO_WORKSPACE_ROOT instead to disable.
[2026-06-14T20:41:57.118Z] [1] React Compiler enabled
[2026-06-14T20:41:57.271Z] [1] Starting Metro Bundler
[2026-06-14T20:41:57.312Z] [1] EXPO_USE_METRO_WORKSPACE_ROOT is enabled by default, use EXPO_NO_METRO_WORKSPACE_ROOT instead to disable.
[2026-06-14T20:41:57.606Z] [1] The following packages should be updated for best compatibility with the installed expo version:
[2026-06-14T20:41:57.606Z] [1]
[2026-06-14T20:41:57.606Z] expo@54.0.29 - expected version: ~54.0.35
[2026-06-14T20:41:57.606Z] [1]
[2026-06-14T20:41:57.606Z] expo-audio@1.1.0 - expected version: ~1.1.1
[2026-06-14T20:41:57.607Z] [1]
[2026-06-14T20:41:57.607Z] expo-constants@18.0.12 - expected version: ~18.0.13
[2026-06-14T20:41:57.607Z] [1]
[2026-06-14T20:41:57.607Z] expo-device@56.0.4 - expected version: ~8.0.10
[2026-06-14T20:41:57.607Z] [1]
[2026-06-14T20:41:57.607Z] expo-font@14.0.10 - expected version: ~14.0.12
[2026-06-14T20:41:57.607Z] [1]   expo-linking@8.0.10 - expected version: ~8.0.12
[2026-06-14T20:41:57.607Z] [1]   expo-local-authentication@56.0.4 - expected version: ~17.0.8
[2026-06-14T20:41:57.607Z] [1]
[2026-06-14T20:41:57.607Z] expo-notifications@0.32.15 - expected version: ~0.32.17
[2026-06-14T20:41:57.607Z] [1]
[2026-06-14T20:41:57.607Z] expo-router@6.0.19 - expected version: ~6.0.24
[2026-06-14T20:41:57.607Z] [1]
[2026-06-14T20:41:57.607Z] expo-splash-screen@31.0.12 - expected version: ~31.0.13
[2026-06-14T20:41:57.607Z] [1]   expo-video@3.0.15 - expected version: ~3.0.16
[2026-06-14T20:41:57.607Z] [1]   expo-web-browser@15.0.10 - expected version: ~15.0.11
[2026-06-14T20:41:57.607Z] [1] Your project may not work correctly until you install the expected versions of the packages.
[2026-06-14T20:41:57.615Z] [1] Waiting on http://localhost:8081
[2026-06-14T20:41:57.615Z] [1] Logs for your project will appear below.
[2026-06-14T20:41:57.863Z] [1] EXPO_USE_METRO_WORKSPACE_ROOT is enabled by default, use EXPO_NO_METRO_WORKSPACE_ROOT instead to disable.
[2026-06-14T20:41:57.867Z] [1] EXPO_USE_METRO_WORKSPACE_ROOT is enabled by default, use EXPO_NO_METRO_WORKSPACE_ROOT instead to disable.
[2026-06-14T20:41:58.218Z] [1] EXPO_USE_METRO_WORKSPACE_ROOT is enabled by default, use EXPO_NO_METRO_WORKSPACE_ROOT instead to disable.
[2026-06-14T20:41:58.219Z] [1] EXPO_USE_METRO_WORKSPACE_ROOT is enabled by default, use EXPO_NO_METRO_WORKSPACE_ROOT instead to disable.
[2026-06-14T20:41:59.159Z] [0] [OAuth] Initialized with baseURL: https://api.manus.im
[2026-06-14T20:41:59.240Z] [1] EXPO_USE_METRO_WORKSPACE_ROOT is enabled by default, use EXPO_NO_METRO_WORKSPACE_ROOT instead to disable.
[2026-06-14T20:41:59.241Z] [1] EXPO_USE_METRO_WORKSPACE_ROOT is enabled by default, use EXPO_NO_METRO_WORKSPACE_ROOT instead to disable.
[2026-06-14T20:41:59.624Z] [0] [api] server listening on port 3000
[2026-06-14T20:42:03.057Z] [1] EXPO_USE_METRO_WORKSPACE_ROOT is enabled by default, use EXPO_NO_METRO_WORKSPACE_ROOT instead to disable.
[2026-06-14T20:42:03.059Z] [1] EXPO_USE_METRO_WORKSPACE_ROOT is enabled by default, use EXPO_NO_METRO_WORKSPACE_ROOT instead to disable.
[2026-06-14T20:42:03.171Z] [1] EXPO_USE_METRO_WORKSPACE_ROOT is enabled by default, use EXPO_NO_METRO_WORKSPACE_ROOT instead to disable.
[2026-06-14T20:42:03.172Z] [1] EXPO_USE_METRO_WORKSPACE_ROOT is enabled by default, use EXPO_NO_METRO_WORKSPACE_ROOT instead to disable.
[2026-06-14T20:42:03.888Z] [1] EXPO_USE_METRO_WORKSPACE_ROOT is enabled by default, use EXPO_NO_METRO_WORKSPACE_ROOT instead to disable.
[2026-06-14T20:42:03.889Z] [1] EXPO_USE_METRO_WORKSPACE_ROOT is enabled by default, use EXPO_NO_METRO_WORKSPACE_ROOT instead to disable.
[2026-06-14T20:42:04.232Z] [1] EXPO_USE_METRO_WORKSPACE_ROOT is enabled by default, use EXPO_NO_METRO_WORKSPACE_ROOT instead to disable.
[2026-06-14T20:42:04.233Z] [1] EXPO_USE_METRO_WORKSPACE_ROOT is enabled by default, use EXPO_NO_METRO_WORKSPACE_ROOT instead to disable.
[2026-06-14T20:42:04.475Z] [1] EXPO_USE_METRO_WORKSPACE_ROOT is enabled by default, use EXPO_NO_METRO_WORKSPACE_ROOT instead to disable.
[2026-06-14T20:42:04.476Z] [1] EXPO_USE_METRO_WORKSPACE_ROOT is enabled by default, use EXPO_NO_METRO_WORKSPACE_ROOT instead to disable.
[2026-06-14T20:42:04.794Z] [1] EXPO_USE_METRO_WORKSPACE_ROOT is enabled by default, use EXPO_NO_METRO_WORKSPACE_ROOT instead to disable.
[2026-06-14T20:42:04.795Z] [1] EXPO_USE_METRO_WORKSPACE_ROOT is enabled by default, use EXPO_NO_METRO_WORKSPACE_ROOT instead to disable.
[2026-06-14T20:42:04.995Z] [1] Web node_modules/expo-router/entry.js ░░░░░░░░░░░░░░░░  0.0% (0/1)
[2026-06-14T20:42:04.995Z] [1] λ node_modules/expo-router/node/render.js ░░░░░░░░░░░░░░░░  0.0% (0/1)
[2026-06-14T20:42:04.995Z] [1] Web node_modules/expo-router/entry.js ░░░░░░░░░░░░░░░░  0.0% (0/1)
[2026-06-14T20:42:04.995Z] [1] λ node_modules/expo-router/node/render.js ░░░░░░░░░░░░░░░░  0.0% (0/1)
[2026-06-14T20:42:04.995Z] [1] Web node_modules/expo-router/entry.js ░░░░░░░░░░░░░░░░  0.0% (0/1)
[2026-06-14T20:42:04.995Z] [1] λ node_modules/expo-router/node/render.js ░░░░░░░░░░░░░░░░  0.0% (0/1)
[2026-06-14T20:42:04.995Z] [1] Web node_modules/expo-router/entry.js ░░░░░░░░░░░░░░░░  0.0% (0/1)
[2026-06-14T20:42:04.995Z] [1] λ node_modules/expo-router/node/render.js ░░░░░░░░░░░░░░░░  0.0% (0/1)
[2026-06-14T20:42:04.995Z] [1] Web node_modules/expo-router/entry.js ░░░░░░░░░░░░░░░░  0.0% (0/1)
[2026-06-14T20:42:04.995Z] [1] λ node_modules/expo-router/node/render.js ░░░░░░░░░░░░░░░░  0.0% (0/1)
[2026-06-14T20:42:04.995Z] [1] Web node_modules/expo-router/entry.js ░░░░░░░░░░░░░░░░  0.0% (0/1)
[2026-06-14T20:42:04.995Z] [1] λ node_modules/expo-router/node/render.js ░░░░░░░░░░░░░░░░  0.0% (0/1)
[2026-06-14T20:42:04.995Z] [1] Web node_modules/expo-router/entry.js ░░░░░░░░░░░░░░░░  0.0% (0/1)
[2026-06-14T20:42:04.996Z] [1] λ node_modules/expo-router/node/render.js ░░░░░░░░░░░░░░░░  0.0% (0/1)
[2026-06-14T20:42:04.996Z] [1] Web node_modules/expo-router/entry.js ░░░░░░░░░░░░░░░░  0.0% (0/1)
[2026-06-14T20:42:04.996Z] [1] λ node_modules/expo-router/node/render.js ░░░░░░░░░░░░░░░░  0.0% (0/1)
[2026-06-14T20:42:04.996Z] [1] Web node_modules/expo-router/entry.js ░░░░░░░░░░░░░░░░  0.0% (0/1)
[2026-06-14T20:42:04.996Z] [1] λ node_modules/expo-router/node/render.js ░░░░░░░░░░░░░░░░  0.0% (0/1)
[2026-06-14T20:42:05.306Z] [1] EXPO_USE_METRO_WORKSPACE_ROOT is enabled by default, use EXPO_NO_METRO_WORKSPACE_ROOT instead to disable.
[2026-06-14T20:42:05.307Z] [1] EXPO_USE_METRO_WORKSPACE_ROOT is enabled by default, use EXPO_NO_METRO_WORKSPACE_ROOT instead to disable.
[2026-06-14T20:42:06.480Z] [1] EXPO_USE_METRO_WORKSPACE_ROOT is enabled by default, use EXPO_NO_METRO_WORKSPACE_ROOT instead to disable.
[2026-06-14T20:42:06.482Z] [1] EXPO_USE_METRO_WORKSPACE_ROOT is enabled by default, use EXPO_NO_METRO_WORKSPACE_ROOT instead to disable.
[2026-06-14T20:42:07.519Z] [1] EXPO_USE_METRO_WORKSPACE_ROOT is enabled by default, use EXPO_NO_METRO_WORKSPACE_ROOT instead to disable.
[2026-06-14T20:42:07.521Z] [1]
[2026-06-14T20:42:07.521Z] EXPO_USE_METRO_WORKSPACE_ROOT is enabled by default, use EXPO_NO_METRO_WORKSPACE_ROOT instead to disable.
[2026-06-14T20:42:08.124Z] [1] λ Bundled 3150ms node_modules/expo-router/node/render.js (1408 modules)
[2026-06-14T20:42:10.236Z] [1] [expo-notifications] Listening to push token changes is not yet fully supported on web. Adding a listener will have no effect.
[2026-06-14T20:42:10.387Z] [1] λ  LOG  { colorScheme: 'light', setColorScheme: [Function (anonymous)] } {
[2026-06-14T20:42:10.387Z] [1]   '--color-primary': '#001A3D',
[2026-06-14T20:42:10.387Z] [1]   '--color-background': '#F8F9FA',
[2026-06-14T20:42:10.387Z] [1]   '--color-surface': '#FFFFFF',
[2026-06-14T20:42:10.387Z] [1]   '--color-foreground': '#0A0F1A',
[2026-06-14T20:42:10.387Z] [1]   '--color-muted': '#6B7280',
[2026-06-14T20:42:10.387Z] [1]   '--color-border': '#E5E7EB',
[2026-06-14T20:42:10.387Z] [1]   '--color-success': '#22C55E',
[2026-06-14T20:42:10.387Z] [1]   '--color-warning': '#F59E0B',
[2026-06-14T20:42:10.387Z] [1]   '--color-error': '#EF4444'
[2026-06-14T20:42:10.387Z] [1] }
[2026-06-14T20:42:10.490Z] [1] λ  WARN  props.pointerEvents is deprecated. Use style.pointerEvents
[2026-06-14T20:42:10.513Z] [1] Web node_modules/expo-router/entry.js ▓▓▓▓▓▓▓▓▓▓▓▓▓▓░░ 92.7% (1419/1498)
[2026-06-14T20:42:10.513Z] [1] Web node_modules/expo-router/entry.js ░░░░░░░░░░░░░░░░  0.0% (0/1)
[2026-06-14T20:42:10.513Z] [1] λ node_modules/expo-router/node/render.js ░░░░░░░░░░░░░░░░  0.0% (0/1)
[2026-06-14T20:42:10.513Z] [1] Web node_modules/expo-router/entry.js ░░░░░░░░░░░░░░░░  0.0% (0/1)
[2026-06-14T20:42:10.513Z] [1] λ node_modules/expo-router/node/render.js ░░░░░░░░░░░░░░░░  0.0% (0/1)
[2026-06-14T20:42:10.513Z] [1] Web node_modules/expo-router/entry.js ░░░░░░░░░░░░░░░░  0.0% (0/1)
[2026-06-14T20:42:10.513Z] [1] λ node_modules/expo-router/node/render.js ░░░░░░░░░░░░░░░░  0.0% (0/1)
[2026-06-14T20:42:10.513Z] [1] Web node_modules/expo-router/entry.js ░░░░░░░░░░░░░░░░  0.0% (0/1)
[2026-06-14T20:42:10.513Z] [1] λ node_modules/expo-router/node/render.js ░░░░░░░░░░░░░░░░  0.0% (0/1)
[2026-06-14T20:42:10.513Z] [1] Web node_modules/expo-router/entry.js ░░░░░░░░░░░░░░░░  0.0% (0/1)
[2026-06-14T20:42:10.513Z] [1] λ node_modules/expo-router/node/render.js ░░░░░░░░░░░░░░░░  0.0% (0/1)
[2026-06-14T20:42:10.513Z] [1] Web node_modules/expo-router/entry.js ░░░░░░░░░░░░░░░░  0.0% (0/1)
[2026-06-14T20:42:10.513Z] [1] λ node_modules/expo-router/node/render.js ░░░░░░░░░░░░░░░░  0.0% (0/1)
[2026-06-14T20:42:10.513Z] [1] Web node_modules/expo-router/entry.js ░░░░░░░░░░░░░░░░  0.0% (0/1)
[2026-06-14T20:42:10.514Z] [1] λ node_modules/expo-router/node/render.js ░░░░░░░░░░░░░░░░  0.0% (0/1)
[2026-06-14T20:42:10.514Z] [1] Web node_modules/expo-router/entry.js ░░░░░░░░░░░░░░░░  0.0% (0/1)
[2026-06-14T20:42:10.514Z] [1] λ node_modules/expo-router/node/render.js ░░░░░░░░░░░░░░░░  0.0% (0/1)
[2026-06-14T20:42:10.514Z] [1] Web node_modules/expo-router/entry.js ░░░░░░░░░░░░░░░░  0.0% (0/1)
[2026-06-14T20:42:10.514Z] [1] λ node_modules/expo-router/node/render.js ░░░░░░░░░░░░░░░░  0.0% (0/1)
[2026-06-14T20:42:10.514Z] [1] Web node_modules/expo-router/entry.js ░░░░░░░░░░░░░░░░  0.0% (0/1)
[2026-06-14T20:42:10.514Z] [1] λ node_modules/expo-router/node/render.js ░░░░░░░░░░░░░░░░  0.0% (0/1)
[2026-06-14T20:42:10.514Z] [1] Web node_modules/expo-router/entry.js ░░░░░░░░░░░░░░░░  0.0% (0/1)
[2026-06-14T20:42:10.514Z] [1] λ node_modules/expo-router/node/render.js ░░░░░░░░░░░░░░░░  0.0% (0/1)
[2026-06-14T20:42:10.684Z] [1] λ Bundled 5710ms node_modules/expo-router/node/render.js (1 module)
[2026-06-14T20:42:12.213Z] [1] λ Bundled 5794ms node_modules/expo-router/node/render.js (1 module)
[2026-06-14T20:42:12.213Z] [1] λ Bundled 5826ms node_modules/expo-router/node/render.js (1 module)
[2026-06-14T20:42:12.213Z] [1] λ Bundled 5856ms node_modules/expo-router/node/render.js (1 module)
[2026-06-14T20:42:12.213Z] [1] λ Bundled 5878ms node_modules/expo-router/node/render.js (1 module)
[2026-06-14T20:42:12.213Z] [1] λ Bundled 5910ms node_modules/expo-router/node/render.js (1 module)
[2026-06-14T20:42:12.213Z] [1] λ Bundled 5938ms node_modules/expo-router/node/render.js (1 module)
[2026-06-14T20:42:12.213Z] [1] λ Bundled 5973ms node_modules/expo-router/node/render.js (1 module)
[2026-06-14T20:42:12.213Z] [1] λ Bundled 5680ms node_modules/expo-router/node/render.js (1 module)
[2026-06-14T20:42:12.213Z] [1] λ Bundled 4538ms node_modules/expo-router/node/render.js (1 module)
[2026-06-14T20:42:12.213Z] [1] λ Bundled 3542ms node_modules/expo-router/node/render.js (1 module)
[2026-06-14T20:42:12.250Z] [1] EXPO_USE_METRO_WORKSPACE_ROOT is enabled by default, use EXPO_NO_METRO_WORKSPACE_ROOT instead to disable.
[2026-06-14T20:42:12.252Z] [1] EXPO_USE_METRO_WORKSPACE_ROOT is enabled by default, use EXPO_NO_METRO_WORKSPACE_ROOT instead to disable.
[2026-06-14T20:42:12.558Z] [1] [expo-notifications] Listening to push token changes is not yet fully supported on web. Adding a listener will have no effect.
[2026-06-14T20:42:12.679Z] [1] λ  WARN  props.pointerEvents is deprecated. Use style.pointerEvents
[2026-06-14T20:42:13.010Z] [1] [expo-notifications] Listening to push token changes is not yet fully supported on web. Adding a listener will have no effect.
[2026-06-14T20:42:13.114Z] [1] λ  WARN  props.pointerEvents is deprecated. Use style.pointerEvents
[2026-06-14T20:42:13.286Z] [1] [expo-notifications] Listening to push token changes is not yet fully supported on web. Adding a listener will have no effect.
[2026-06-14T20:42:13.375Z] [1] λ  WARN  props.pointerEvents is deprecated. Use style.pointerEvents
[2026-06-14T20:42:13.537Z] [1] [expo-notifications] Listening to push token changes is not yet fully supported on web. Adding a listener will have no effect.
[2026-06-14T20:42:13.624Z] [1] λ  WARN  props.pointerEvents is deprecated. Use style.pointerEvents
[2026-06-14T20:42:13.806Z] [1] [expo-notifications] Listening to push token changes is not yet fully supported on web. Adding a listener will have no effect.
[2026-06-14T20:42:13.909Z] [1] λ  WARN  props.pointerEvents is deprecated. Use style.pointerEvents
[2026-06-14T20:42:14.161Z] [1] [expo-notifications] Listening to push token changes is not yet fully supported on web. Adding a listener will have no effect.
[2026-06-14T20:42:14.261Z] [1] λ  WARN  props.pointerEvents is deprecated. Use style.pointerEvents
[2026-06-14T20:42:14.420Z] [1] [expo-notifications] Listening to push token changes is not yet fully supported on web. Adding a listener will have no effect.
[2026-06-14T20:42:14.510Z] [1] λ  WARN  props.pointerEvents is deprecated. Use style.pointerEvents
[2026-06-14T20:42:14.584Z] [1] λ Bundled 29ms node_modules/expo-router/node/render.js (1 module)
[2026-06-14T20:42:14.584Z] [1] λ  LOG  { colorScheme: 'light', setColorScheme: [Function (anonymous)] } {
[2026-06-14T20:42:14.584Z] [1]   '--color-primary': '#001A3D',
[2026-06-14T20:42:14.584Z] [1]   '--color-background': '#F8F9FA',
[2026-06-14T20:42:14.584Z] [1]   '--color-surface': '#FFFFFF',
[2026-06-14T20:42:14.584Z] [1]   '--color-foreground': '#0A0F1A',
[2026-06-14T20:42:14.584Z] [1]   '--color-muted': '#6B7280',
[2026-06-14T20:42:14.584Z] [1]   '--color-border': '#E5E7EB',
[2026-06-14T20:42:14.584Z] [1]   '--color-success': '#22C55E',
[2026-06-14T20:42:14.584Z] [1]   '--color-warning': '#F59E0B',
[2026-06-14T20:42:14.584Z] [1]   '--color-error': '#EF4444'
[2026-06-14T20:42:14.584Z] [1] }
[2026-06-14T20:42:14.584Z] [1] λ  LOG  { colorScheme: 'light', setColorScheme: [Function (anonymous)] } {
[2026-06-14T20:42:14.584Z] [1]   '--color-primary': '#001A3D',
[2026-06-14T20:42:14.584Z] [1]   '--color-background': '#F8F9FA',
[2026-06-14T20:42:14.584Z] [1]   '--color-surface': '#FFFFFF',
[2026-06-14T20:42:14.584Z] [1]   '--color-foreground': '#0A0F1A',
[2026-06-14T20:42:14.584Z] [1]   '--color-muted': '#6B7280',
[2026-06-14T20:42:14.584Z] [1]   '--color-border': '#E5E7EB',
[2026-06-14T20:42:14.584Z] [1]   '--color-success': '#22C55E',
[2026-06-14T20:42:14.584Z] [1]   '--color-warning': '#F59E0B',
[2026-06-14T20:42:14.584Z] [1]   '--color-error': '#EF4444'
[2026-06-14T20:42:14.584Z] [1] }
[2026-06-14T20:42:14.584Z] [1] λ  LOG  { colorScheme: 'light', setColorScheme: [Function (anonymous)] } {
[2026-06-14T20:42:14.584Z] [1]   '--color-primary': '#001A3D',
[2026-06-14T20:42:14.584Z] [1]   '--color-background': '#F8F9FA',
[2026-06-14T20:42:14.584Z] [1]   '--color-surface': '#FFFFFF',
[2026-06-14T20:42:14.584Z] [1]   '--color-foreground': '#0A0F1A',
[2026-06-14T20:42:14.584Z] [1]   '--color-muted': '#6B7280',
[2026-06-14T20:42:14.584Z] [1]   '--color-border': '#E5E7EB',
[2026-06-14T20:42:14.584Z] [1]   '--color-success': '#22C55E',
[2026-06-14T20:42:14.584Z] [1]   '--color-warning': '#F59E0B',
[2026-06-14T20:42:14.584Z] [1]   '--color-error': '#EF4444'
[2026-06-14T20:42:14.584Z] [1] }
[2026-06-14T20:42:14.584Z] [1] λ  LOG  { colorScheme: 'light', setColorScheme: [Function (anonymous)] } {
[2026-06-14T20:42:14.584Z] [1]   '--color-primary': '#001A3D',
[2026-06-14T20:42:14.584Z] [1]   '--color-background': '#F8F9FA',
[2026-06-14T20:42:14.584Z] [1]   '--color-surface': '#FFFFFF',
[2026-06-14T20:42:14.584Z] [1]   '--color-foreground': '#0A0F1A',
[2026-06-14T20:42:14.585Z] [1]   '--color-muted': '#6B7280',
[2026-06-14T20:42:14.585Z] [1]   '--color-border': '#E5E7EB',
[2026-06-14T20:42:14.585Z] [1]   '--color-success': '#22C55E',
[2026-06-14T20:42:14.585Z] [1]   '--color-warning': '#F59E0B',
[2026-06-14T20:42:14.585Z] [1]   '--color-error': '#EF4444'
[2026-06-14T20:42:14.585Z] [1] }
[2026-06-14T20:42:14.585Z] [1] λ  LOG  { colorScheme: 'light', setColorScheme: [Function (anonymous)] } {
[2026-06-14T20:42:14.585Z] [1]   '--color-primary': '#001A3D',
[2026-06-14T20:42:14.585Z] [1]   '--color-background': '#F8F9FA',
[2026-06-14T20:42:14.585Z] [1]   '--color-surface': '#FFFFFF',
[2026-06-14T20:42:14.585Z] [1]   '--color-foreground': '#0A0F1A',
[2026-06-14T20:42:14.585Z] [1]   '--color-muted': '#6B7280',
[2026-06-14T20:42:14.585Z] [1]   '--color-border': '#E5E7EB',
[2026-06-14T20:42:14.585Z] [1]   '--color-success': '#22C55E',
[2026-06-14T20:42:14.585Z] [1]   '--color-warning': '#F59E0B',
[2026-06-14T20:42:14.585Z] [1]   '--color-error': '#EF4444'
[2026-06-14T20:42:14.585Z] [1] }
[2026-06-14T20:42:14.585Z] [1] λ  LOG  { colorScheme: 'light', setColorScheme: [Function (anonymous)] } {
[2026-06-14T20:42:14.585Z] [1]   '--color-primary': '#001A3D',
[2026-06-14T20:42:14.585Z] [1]   '--color-background': '#F8F9FA',
[2026-06-14T20:42:14.585Z] [1]   '--color-surface': '#FFFFFF',
[2026-06-14T20:42:14.585Z] [1]   '--color-foreground': '#0A0F1A',
[2026-06-14T20:42:14.585Z] [1]   '--color-muted': '#6B7280',
[2026-06-14T20:42:14.585Z] [1]   '--color-border': '#E5E7EB',
[2026-06-14T20:42:14.585Z] [1]   '--color-success': '#22C55E',
[2026-06-14T20:42:14.585Z] [1]   '--color-warning': '#F59E0B',
[2026-06-14T20:42:14.585Z] [1]   '--color-error': '#EF4444'
[2026-06-14T20:42:14.585Z] [1] }
[2026-06-14T20:42:14.585Z] [1] λ  LOG  { colorScheme: 'light', setColorScheme: [Function (anonymous)] } {
[2026-06-14T20:42:14.585Z] [1]   '--color-primary': '#001A3D',
[2026-06-14T20:42:14.585Z] [1]   '--color-background': '#F8F9FA',
[2026-06-14T20:42:14.585Z] [1]   '--color-surface': '#FFFFFF',
[2026-06-14T20:42:14.585Z] [1]   '--color-foreground': '#0A0F1A',
[2026-06-14T20:42:14.585Z] [1]   '--color-muted': '#6B7280',
[2026-06-14T20:42:14.585Z] [1]   '--color-border': '#E5E7EB',
[2026-06-14T20:42:14.585Z] [1]   '--color-success': '#22C55E',
[2026-06-14T20:42:14.585Z] [1]   '--color-warning': '#F59E0B',
[2026-06-14T20:42:14.585Z] [1]   '--color-error': '#EF4444'
[2026-06-14T20:42:14.585Z] [1] }
[2026-06-14T20:42:14.585Z] [1] Web node_modules/expo-router/entry.js ▓▓▓▓▓▓▓▓▓▓▓▓▓▓▓░ 96.4% (1498/1526)
[2026-06-14T20:42:14.585Z] [1] Web node_modules/expo-router/entry.js ░░░░░░░░░░░░░░░░  0.0% (0/1)
[2026-06-14T20:42:14.585Z] [1] Web node_modules/expo-router/entry.js ░░░░░░░░░░░░░░░░  0.0% (0/1)
[2026-06-14T20:42:14.585Z] [1] Web node_modules/expo-router/entry.js ░░░░░░░░░░░░░░░░  0.0% (0/1)
[2026-06-14T20:42:14.585Z] [1] Web node_modules/expo-router/entry.js ░░░░░░░░░░░░░░░░  0.0% (0/1)
[2026-06-14T20:42:14.585Z] [1] Web node_modules/expo-router/entry.js ░░░░░░░░░░░░░░░░  0.0% (0/1)
[2026-06-14T20:42:14.585Z] [1] Web node_modules/expo-router/entry.js ░░░░░░░░░░░░░░░░  0.0% (0/1)
[2026-06-14T20:42:14.585Z] [1] Web node_modules/expo-router/entry.js ░░░░░░░░░░░░░░░░  0.0% (0/1)
[2026-06-14T20:42:14.585Z] [1] Web node_modules/expo-router/entry.js ░░░░░░░░░░░░░░░░  0.0% (0/1)
[2026-06-14T20:42:14.585Z] [1] Web node_modules/expo-router/entry.js ░░░░░░░░░░░░░░░░  0.0% (0/1)
[2026-06-14T20:42:14.585Z] [1] Web node_modules/expo-router/entry.js ░░░░░░░░░░░░░░░░  0.0% (0/1)
[2026-06-14T20:42:14.585Z] [1] Web node_modules/expo-router/entry.js ░░░░░░░░░░░░░░░░  0.0% (0/1)
[2026-06-14T20:42:14.585Z] [1] Web node_modules/expo-router/entry.js ░░░░░░░░░░░░░░░░  0.0% (0/1)
[2026-06-14T20:42:14.605Z] [1] EXPO_USE_METRO_WORKSPACE_ROOT is enabled by default, use EXPO_NO_METRO_WORKSPACE_ROOT instead to disable.
[2026-06-14T20:42:14.606Z] [1]
[2026-06-14T20:42:14.606Z] EXPO_USE_METRO_WORKSPACE_ROOT is enabled by default, use EXPO_NO_METRO_WORKSPACE_ROOT instead to disable.
[2026-06-14T20:42:14.838Z] [1] [expo-notifications] Listening to push token changes is not yet fully supported on web. Adding a listener will have no effect.
[2026-06-14T20:42:14.925Z] [1] λ  WARN  props.pointerEvents is deprecated. Use style.pointerEvents
[2026-06-14T20:42:15.043Z] [1] [expo-notifications] Listening to push token changes is not yet fully supported on web. Adding a listener will have no effect.
[2026-06-14T20:42:15.130Z] [1] λ  WARN  props.pointerEvents is deprecated. Use style.pointerEvents
[2026-06-14T20:42:15.248Z] [1] [expo-notifications] Listening to push token changes is not yet fully supported on web. Adding a listener will have no effect.
[2026-06-14T20:42:15.335Z] [1] λ  WARN  props.pointerEvents is deprecated. Use style.pointerEvents
[2026-06-14T20:42:15.464Z] [1] [expo-notifications] Listening to push token changes is not yet fully supported on web. Adding a listener will have no effect.
[2026-06-14T20:42:15.567Z] [1] λ  WARN  props.pointerEvents is deprecated. Use style.pointerEvents
[2026-06-14T20:42:15.720Z] [1] λ Bundled 26ms node_modules/expo-router/node/render.js (1 module)
[2026-06-14T20:42:15.720Z] [1] λ  LOG  { colorScheme: 'light', setColorScheme: [Function (anonymous)] } {
[2026-06-14T20:42:15.720Z] [1]   '--color-primary': '#001A3D',
[2026-06-14T20:42:15.720Z] [1]   '--color-background': '#F8F9FA',
[2026-06-14T20:42:15.720Z] [1]   '--color-surface': '#FFFFFF',
[2026-06-14T20:42:15.720Z] [1]   '--color-foreground': '#0A0F1A',
[2026-06-14T20:42:15.720Z] [1]   '--color-muted': '#6B7280',
[2026-06-14T20:42:15.720Z] [1]   '--color-border': '#E5E7EB',
[2026-06-14T20:42:15.720Z] [1]   '--color-success': '#22C55E',
[2026-06-14T20:42:15.720Z] [1]   '--color-warning': '#F59E0B',
[2026-06-14T20:42:15.720Z] [1]   '--color-error': '#EF4444'
[2026-06-14T20:42:15.720Z] [1] }
[2026-06-14T20:42:15.720Z] [1] λ  LOG  { colorScheme: 'light', setColorScheme: [Function (anonymous)] } {
[2026-06-14T20:42:15.720Z] [1]   '--color-primary': '#001A3D',
[2026-06-14T20:42:15.720Z] [1]   '--color-background': '#F8F9FA',
[2026-06-14T20:42:15.720Z] [1]   '--color-surface': '#FFFFFF',
[2026-06-14T20:42:15.720Z] [1]   '--color-foreground': '#0A0F1A',
[2026-06-14T20:42:15.720Z] [1]   '--color-muted': '#6B7280',
[2026-06-14T20:42:15.720Z] [1]   '--color-border': '#E5E7EB',
[2026-06-14T20:42:15.720Z] [1]   '--color-success': '#22C55E',
[2026-06-14T20:42:15.720Z] [1]   '--color-warning': '#F59E0B',
[2026-06-14T20:42:15.720Z] [1]   '--color-error': '#EF4444'
[2026-06-14T20:42:15.720Z] [1] }
[2026-06-14T20:42:15.720Z] [1] λ  LOG  { colorScheme: 'light', setColorScheme: [Function (anonymous)] } {
[2026-06-14T20:42:15.720Z] [1]   '--color-primary': '#001A3D',
[2026-06-14T20:42:15.720Z] [1]   '--color-background': '#F8F9FA',
[2026-06-14T20:42:15.720Z] [1]   '--color-surface': '#FFFFFF',
[2026-06-14T20:42:15.720Z] [1]   '--color-foreground': '#0A0F1A',
[2026-06-14T20:42:15.720Z] [1]   '--color-muted': '#6B7280',
[2026-06-14T20:42:15.720Z] [1]   '--color-border': '#E5E7EB',
[2026-06-14T20:42:15.720Z] [1]   '--color-success': '#22C55E',
[2026-06-14T20:42:15.720Z] [1]   '--color-warning': '#F59E0B',
[2026-06-14T20:42:15.720Z] [1]   '--color-error': '#EF4444'
[2026-06-14T20:42:15.720Z] [1] }
[2026-06-14T20:42:15.720Z] [1] λ  LOG  { colorScheme: 'light', setColorScheme: [Function (anonymous)] } {
[2026-06-14T20:42:15.720Z] [1]   '--color-primary': '#001A3D',
[2026-06-14T20:42:15.720Z] [1]   '--color-background': '#F8F9FA',
[2026-06-14T20:42:15.720Z] [1]   '--color-surface': '#FFFFFF',
[2026-06-14T20:42:15.720Z] [1]   '--color-foreground': '#0A0F1A',
[2026-06-14T20:42:15.720Z] [1]   '--color-muted': '#6B7280',
[2026-06-14T20:42:15.720Z] [1]   '--color-border': '#E5E7EB',
[2026-06-14T20:42:15.720Z] [1]   '--color-success': '#22C55E',
[2026-06-14T20:42:15.721Z] [1]   '--color-warning': '#F59E0B',
[2026-06-14T20:42:15.721Z] [1]   '--color-error': '#EF4444'
[2026-06-14T20:42:15.721Z] [1] }
[2026-06-14T20:42:15.721Z] [1] Web node_modules/expo-router/entry.js ▓▓▓▓▓▓▓▓▓▓▓▓▓▓▓░ 96.5% (1499/1526)
[2026-06-14T20:42:15.721Z] [1] Web node_modules/expo-router/entry.js ░░░░░░░░░░░░░░░░  0.0% (0/1)
[2026-06-14T20:42:15.721Z] [1] Web node_modules/expo-router/entry.js ░░░░░░░░░░░░░░░░  0.0% (0/1)
[2026-06-14T20:42:15.721Z] [1] Web node_modules/expo-router/entry.js ░░░░░░░░░░░░░░░░  0.0% (0/1)
[2026-06-14T20:42:15.721Z] [1] Web node_modules/expo-router/entry.js ░░░░░░░░░░░░░░░░  0.0% (0/1)
[2026-06-14T20:42:15.721Z] [1] Web node_modules/expo-router/entry.js ░░░░░░░░░░░░░░░░  0.0% (0/1)
[2026-06-14T20:42:15.721Z] [1] Web node_modules/expo-router/entry.js ░░░░░░░░░░░░░░░░  0.0% (0/1)
[2026-06-14T20:42:15.721Z] [1] Web node_modules/expo-router/entry.js ░░░░░░░░░░░░░░░░  0.0% (0/1)
[2026-06-14T20:42:15.721Z] [1] Web node_modules/expo-router/entry.js ░░░░░░░░░░░░░░░░  0.0% (0/1)
[2026-06-14T20:42:15.721Z] [1] Web node_modules/expo-router/entry.js ░░░░░░░░░░░░░░░░  0.0% (0/1)
[2026-06-14T20:42:15.721Z] [1] Web node_modules/expo-router/entry.js ░░░░░░░░░░░░░░░░  0.0% (0/1)
[2026-06-14T20:42:15.721Z] [1] Web node_modules/expo-router/entry.js ░░░░░░░░░░░░░░░░  0.0% (0/1)
[2026-06-14T20:42:15.721Z] [1] Web node_modules/expo-router/entry.js ░░░░░░░░░░░░░░░░  0.0% (0/1)
[2026-06-14T20:42:15.721Z] [1] Web node_modules/expo-router/entry.js ░░░░░░░░░░░░░░░░  0.0% (0/1)
[2026-06-14T20:42:15.724Z] [1] EXPO_USE_METRO_WORKSPACE_ROOT is enabled by default, use EXPO_NO_METRO_WORKSPACE_ROOT instead to disable.
[2026-06-14T20:42:15.726Z] [1] EXPO_USE_METRO_WORKSPACE_ROOT is enabled by default, use EXPO_NO_METRO_WORKSPACE_ROOT instead to disable.
[2026-06-14T20:42:15.965Z] [1] [expo-notifications] Listening to push token changes is not yet fully supported on web. Adding a listener will have no effect.
[2026-06-14T20:42:16.052Z] [1] λ  WARN  props.pointerEvents is deprecated. Use style.pointerEvents
[2026-06-14T20:42:16.221Z] [1] [expo-notifications] Listening to push token changes is not yet fully supported on web. Adding a listener will have no effect.
[2026-06-14T20:42:16.304Z] [1] λ  WARN  props.pointerEvents is deprecated. Use style.pointerEvents
[2026-06-14T20:42:16.375Z] [1] λ Bundled 15ms node_modules/expo-router/node/render.js (1 module)
[2026-06-14T20:42:16.375Z] [1] λ  LOG  { colorScheme: 'light', setColorScheme: [Function (anonymous)] } {
[2026-06-14T20:42:16.375Z] [1]   '--color-primary': '#001A3D',
[2026-06-14T20:42:16.375Z] [1]   '--color-background': '#F8F9FA',
[2026-06-14T20:42:16.375Z] [1]   '--color-surface': '#FFFFFF',
[2026-06-14T20:42:16.375Z] [1]   '--color-foreground': '#0A0F1A',
[2026-06-14T20:42:16.375Z] [1]   '--color-muted': '#6B7280',
[2026-06-14T20:42:16.375Z] [1]   '--color-border': '#E5E7EB',
[2026-06-14T20:42:16.375Z] [1]   '--color-success': '#22C55E',
[2026-06-14T20:42:16.375Z] [1]   '--color-warning': '#F59E0B',
[2026-06-14T20:42:16.375Z] [1]   '--color-error': '#EF4444'
[2026-06-14T20:42:16.375Z] [1] }
[2026-06-14T20:42:16.375Z] [1] λ  LOG  { colorScheme: 'light', setColorScheme: [Function (anonymous)] } {
[2026-06-14T20:42:16.375Z] [1]   '--color-primary': '#001A3D',
[2026-06-14T20:42:16.375Z] [1]   '--color-background': '#F8F9FA',
[2026-06-14T20:42:16.375Z] [1]   '--color-surface': '#FFFFFF',
[2026-06-14T20:42:16.375Z] [1]   '--color-foreground': '#0A0F1A',
[2026-06-14T20:42:16.375Z] [1]   '--color-muted': '#6B7280',
[2026-06-14T20:42:16.375Z] [1]   '--color-border': '#E5E7EB',
[2026-06-14T20:42:16.375Z] [1]   '--color-success': '#22C55E',
[2026-06-14T20:42:16.375Z] [1]   '--color-warning': '#F59E0B',
[2026-06-14T20:42:16.375Z] [1]   '--color-error': '#EF4444'
[2026-06-14T20:42:16.375Z] [1] }
[2026-06-14T20:42:16.375Z] [1] Web node_modules/expo-router/entry.js ▓▓▓▓▓▓▓▓▓▓▓▓▓▓▓░ 98.6% (1526/1537)
[2026-06-14T20:42:16.375Z] [1] Web node_modules/expo-router/entry.js ░░░░░░░░░░░░░░░░  0.0% (0/1)
[2026-06-14T20:42:16.375Z] [1] Web node_modules/expo-router/entry.js ░░░░░░░░░░░░░░░░  0.0% (0/1)
[2026-06-14T20:42:16.375Z] [1] Web node_modules/expo-router/entry.js ░░░░░░░░░░░░░░░░  0.0% (0/1)
[2026-06-14T20:42:16.375Z] [1] Web node_modules/expo-router/entry.js ░░░░░░░░░░░░░░░░  0.0% (0/1)
[2026-06-14T20:42:16.375Z] [1] Web node_modules/expo-router/entry.js ░░░░░░░░░░░░░░░░  0.0% (0/1)
[2026-06-14T20:42:16.375Z] [1] Web node_modules/expo-router/entry.js ░░░░░░░░░░░░░░░░  0.0% (0/1)
[2026-06-14T20:42:16.375Z] [1] Web node_modules/expo-router/entry.js ░░░░░░░░░░░░░░░░  0.0% (0/1)
[2026-06-14T20:42:16.375Z] [1] Web node_modules/expo-router/entry.js ░░░░░░░░░░░░░░░░  0.0% (0/1)
[2026-06-14T20:42:16.375Z] [1] Web node_modules/expo-router/entry.js ░░░░░░░░░░░░░░░░  0.0% (0/1)
[2026-06-14T20:42:16.375Z] [1] Web node_modules/expo-router/entry.js ░░░░░░░░░░░░░░░░  0.0% (0/1)
[2026-06-14T20:42:16.375Z] [1] Web node_modules/expo-router/entry.js ░░░░░░░░░░░░░░░░  0.0% (0/1)
[2026-06-14T20:42:16.375Z] [1] Web node_modules/expo-router/entry.js ░░░░░░░░░░░░░░░░  0.0% (0/1)
[2026-06-14T20:42:16.375Z] [1] Web node_modules/expo-router/entry.js ░░░░░░░░░░░░░░░░  0.0% (0/1)
[2026-06-14T20:42:16.375Z] [1] Web node_modules/expo-router/entry.js ░░░░░░░░░░░░░░░░  0.0% (0/1)
[2026-06-14T20:42:16.377Z] [1] EXPO_USE_METRO_WORKSPACE_ROOT is enabled by default, use EXPO_NO_METRO_WORKSPACE_ROOT instead to disable.
[2026-06-14T20:42:16.378Z] [1] EXPO_USE_METRO_WORKSPACE_ROOT is enabled by default, use EXPO_NO_METRO_WORKSPACE_ROOT instead to disable.
[2026-06-14T20:42:16.580Z] [1] λ Bundled 16ms node_modules/expo-router/node/render.js (1 module)
[2026-06-14T20:42:16.582Z] [1] EXPO_USE_METRO_WORKSPACE_ROOT is enabled by default, use EXPO_NO_METRO_WORKSPACE_ROOT instead to disable.
[2026-06-14T20:42:16.584Z] [1] EXPO_USE_METRO_WORKSPACE_ROOT is enabled by default, use EXPO_NO_METRO_WORKSPACE_ROOT instead to disable.
[2026-06-14T20:42:16.783Z] [1] [expo-notifications] Listening to push token changes is not yet fully supported on web. Adding a listener will have no effect.
[2026-06-14T20:42:16.864Z] [1] λ  WARN  props.pointerEvents is deprecated. Use style.pointerEvents
[2026-06-14T20:42:17.028Z] [1] [expo-notifications] Listening to push token changes is not yet fully supported on web. Adding a listener will have no effect.
[2026-06-14T20:42:17.109Z] [1] λ  WARN  props.pointerEvents is deprecated. Use style.pointerEvents
[2026-06-14T20:42:17.181Z] [1] λ Bundled 19ms node_modules/expo-router/node/render.js (1 module)
[2026-06-14T20:42:17.181Z] [1] λ  LOG  { colorScheme: 'light', setColorScheme: [Function (anonymous)] } {
[2026-06-14T20:42:17.181Z] [1]   '--color-primary': '#001A3D',
[2026-06-14T20:42:17.181Z] [1]   '--color-background': '#F8F9FA',
[2026-06-14T20:42:17.181Z] [1]   '--color-surface': '#FFFFFF',
[2026-06-14T20:42:17.181Z] [1]   '--color-foreground': '#0A0F1A',
[2026-06-14T20:42:17.181Z] [1]   '--color-muted': '#6B7280',
[2026-06-14T20:42:17.181Z] [1]   '--color-border': '#E5E7EB',
[2026-06-14T20:42:17.181Z] [1]   '--color-success': '#22C55E',
[2026-06-14T20:42:17.181Z] [1]   '--color-warning': '#F59E0B',
[2026-06-14T20:42:17.181Z] [1]   '--color-error': '#EF4444'
[2026-06-14T20:42:17.181Z] [1] }
[2026-06-14T20:42:17.181Z] [1] λ  LOG  { colorScheme: 'light', setColorScheme: [Function (anonymous)] } {
[2026-06-14T20:42:17.181Z] [1]   '--color-primary': '#001A3D',
[2026-06-14T20:42:17.182Z] [1]   '--color-background': '#F8F9FA',
[2026-06-14T20:42:17.182Z] [1]   '--color-surface': '#FFFFFF',
[2026-06-14T20:42:17.182Z] [1]   '--color-foreground': '#0A0F1A',
[2026-06-14T20:42:17.182Z] [1]   '--color-muted': '#6B7280',
[2026-06-14T20:42:17.182Z] [1]   '--color-border': '#E5E7EB',
[2026-06-14T20:42:17.182Z] [1]   '--color-success': '#22C55E',
[2026-06-14T20:42:17.182Z] [1]   '--color-warning': '#F59E0B',
[2026-06-14T20:42:17.182Z] [1]   '--color-error': '#EF4444'
[2026-06-14T20:42:17.182Z] [1] }
[2026-06-14T20:42:17.182Z] [1] Web node_modules/expo-router/entry.js ▓▓▓▓▓▓▓▓▓▓▓▓▓▓▓░ 98.6% (1526/1537)
[2026-06-14T20:42:17.182Z] [1] Web node_modules/expo-router/entry.js ░░░░░░░░░░░░░░░░  0.0% (0/1)
[2026-06-14T20:42:17.182Z] [1] Web node_modules/expo-router/entry.js ░░░░░░░░░░░░░░░░  0.0% (0/1)
[2026-06-14T20:42:17.182Z] [1] Web node_modules/expo-router/entry.js ░░░░░░░░░░░░░░░░  0.0% (0/1)
[2026-06-14T20:42:17.182Z] [1] Web node_modules/expo-router/entry.js ░░░░░░░░░░░░░░░░  0.0% (0/1)
[2026-06-14T20:42:17.182Z] [1] Web node_modules/expo-router/entry.js ░░░░░░░░░░░░░░░░  0.0% (0/1)
[2026-06-14T20:42:17.182Z] [1] Web node_modules/expo-router/entry.js ░░░░░░░░░░░░░░░░  0.0% (0/1)
[2026-06-14T20:42:17.182Z] [1] Web node_modules/expo-router/entry.js ░░░░░░░░░░░░░░░░  0.0% (0/1)
[2026-06-14T20:42:17.182Z] [1] Web node_modules/expo-router/entry.js ░░░░░░░░░░░░░░░░  0.0% (0/1)
[2026-06-14T20:42:17.182Z] [1] Web node_modules/expo-router/entry.js ░░░░░░░░░░░░░░░░  0.0% (0/1)
[2026-06-14T20:42:17.182Z] [1] Web node_modules/expo-router/entry.js ░░░░░░░░░░░░░░░░  0.0% (0/1)
[2026-06-14T20:42:17.182Z] [1] Web node_modules/expo-router/entry.js ░░░░░░░░░░░░░░░░  0.0% (0/1)
[2026-06-14T20:42:17.182Z] [1] Web node_modules/expo-router/entry.js ░░░░░░░░░░░░░░░░  0.0% (0/1)
[2026-06-14T20:42:17.182Z] [1] Web node_modules/expo-router/entry.js ░░░░░░░░░░░░░░░░  0.0% (0/1)
[2026-06-14T20:42:17.182Z] [1] Web node_modules/expo-router/entry.js ░░░░░░░░░░░░░░░░  0.0% (0/1)
[2026-06-14T20:42:17.182Z] [1] Web node_modules/expo-router/entry.js ░░░░░░░░░░░░░░░░  0.0% (0/1)
[2026-06-14T20:42:17.182Z] [1] Web node_modules/expo-router/entry.js ░░░░░░░░░░░░░░░░  0.0% (0/1)
[2026-06-14T20:42:17.186Z] [1] EXPO_USE_METRO_WORKSPACE_ROOT is enabled by default, use EXPO_NO_METRO_WORKSPACE_ROOT instead to disable.
[2026-06-14T20:42:17.187Z] [1] EXPO_USE_METRO_WORKSPACE_ROOT is enabled by default, use EXPO_NO_METRO_WORKSPACE_ROOT instead to disable.
[2026-06-14T20:42:17.377Z] [1] λ Bundled 16ms node_modules/expo-router/node/render.js (1 module)
[2026-06-14T20:42:17.379Z] [1] EXPO_USE_METRO_WORKSPACE_ROOT is enabled by default, use EXPO_NO_METRO_WORKSPACE_ROOT instead to disable.
[2026-06-14T20:42:17.381Z] [1] EXPO_USE_METRO_WORKSPACE_ROOT is enabled by default, use EXPO_NO_METRO_WORKSPACE_ROOT instead to disable.
[2026-06-14T20:42:17.574Z] [1] [expo-notifications] Listening to push token changes is not yet fully supported on web. Adding a listener will have no effect.
[2026-06-14T20:42:17.663Z] [1] λ  WARN  props.pointerEvents is deprecated. Use style.pointerEvents
[2026-06-14T20:42:17.788Z] [1] λ Bundled 14ms node_modules/expo-router/node/render.js (1 module)
[2026-06-14T20:42:17.788Z] [1] λ  LOG  { colorScheme: 'light', setColorScheme: [Function (anonymous)] } {
[2026-06-14T20:42:17.788Z] [1]   '--color-primary': '#001A3D',
[2026-06-14T20:42:17.788Z] [1]   '--color-background': '#F8F9FA',
[2026-06-14T20:42:17.788Z] [1]   '--color-surface': '#FFFFFF',
[2026-06-14T20:42:17.788Z] [1]   '--color-foreground': '#0A0F1A',
[2026-06-14T20:42:17.788Z] [1]   '--color-muted': '#6B7280',
[2026-06-14T20:42:17.788Z] [1]   '--color-border': '#E5E7EB',
[2026-06-14T20:42:17.788Z] [1]   '--color-success': '#22C55E',
[2026-06-14T20:42:17.788Z] [1]   '--color-warning': '#F59E0B',
[2026-06-14T20:42:17.788Z] [1]   '--color-error': '#EF4444'
[2026-06-14T20:42:17.788Z] [1] }
[2026-06-14T20:42:17.788Z] [1] Web node_modules/expo-router/entry.js ▓▓▓▓▓▓▓▓▓▓▓▓▓▓▓░ 99.9% (1537/1538)
[2026-06-14T20:42:17.788Z] [1] Web node_modules/expo-router/entry.js ░░░░░░░░░░░░░░░░  0.0% (0/1)
[2026-06-14T20:42:17.788Z] [1] Web node_modules/expo-router/entry.js ░░░░░░░░░░░░░░░░  0.0% (0/1)
[2026-06-14T20:42:17.788Z] [1] Web node_modules/expo-router/entry.js ░░░░░░░░░░░░░░░░  0.0% (0/1)
[2026-06-14T20:42:17.788Z] [1] Web node_modules/expo-router/entry.js ░░░░░░░░░░░░░░░░  0.0% (0/1)
[2026-06-14T20:42:17.788Z] [1] Web node_modules/expo-router/entry.js ░░░░░░░░░░░░░░░░  0.0% (0/1)
[2026-06-14T20:42:17.788Z] [1] Web node_modules/expo-router/entry.js ░░░░░░░░░░░░░░░░  0.0% (0/1)
[2026-06-14T20:42:17.788Z] [1] Web node_modules/expo-router/entry.js ░░░░░░░░░░░░░░░░  0.0% (0/1)
[2026-06-14T20:42:17.788Z] [1] Web node_modules/expo-router/entry.js ░░░░░░░░░░░░░░░░  0.0% (0/1)
[2026-06-14T20:42:17.788Z] [1] Web node_modules/expo-router/entry.js ░░░░░░░░░░░░░░░░  0.0% (0/1)
[2026-06-14T20:42:17.788Z] [1] Web node_modules/expo-router/entry.js ░░░░░░░░░░░░░░░░  0.0% (0/1)
[2026-06-14T20:42:17.788Z] [1] Web node_modules/expo-router/entry.js ░░░░░░░░░░░░░░░░  0.0% (0/1)
[2026-06-14T20:42:17.788Z] [1] Web node_modules/expo-router/entry.js ░░░░░░░░░░░░░░░░  0.0% (0/1)
[2026-06-14T20:42:17.788Z] [1] Web node_modules/expo-router/entry.js ░░░░░░░░░░░░░░░░  0.0% (0/1)
[2026-06-14T20:42:17.789Z] [1] Web node_modules/expo-router/entry.js ░░░░░░░░░░░░░░░░  0.0% (0/1)
[2026-06-14T20:42:17.789Z] [1] Web node_modules/expo-router/entry.js ░░░░░░░░░░░░░░░░  0.0% (0/1)
[2026-06-14T20:42:17.789Z] [1] Web node_modules/expo-router/entry.js ░░░░░░░░░░░░░░░░  0.0% (0/1)
[2026-06-14T20:42:17.789Z] [1] Web node_modules/expo-router/entry.js ░░░░░░░░░░░░░░░░  0.0% (0/1)
[2026-06-14T20:42:17.789Z] [1] Web node_modules/expo-router/entry.js ░░░░░░░░░░░░░░░░  0.0% (0/1)
[2026-06-14T20:42:17.789Z] [1] EXPO_USE_METRO_WORKSPACE_ROOT is enabled by default, use EXPO_NO_METRO_WORKSPACE_ROOT instead to disable.
[2026-06-14T20:42:17.791Z] [1] EXPO_USE_METRO_WORKSPACE_ROOT is enabled by default, use EXPO_NO_METRO_WORKSPACE_ROOT instead to disable.
[2026-06-14T20:42:18.082Z] [1] [expo-notifications] Listening to push token changes is not yet fully supported on web. Adding a listener will have no effect.
[2026-06-14T20:42:18.180Z] [1] λ  WARN  props.pointerEvents is deprecated. Use style.pointerEvents
[2026-06-14T20:42:18.246Z] [1] λ Bundled 20ms node_modules/expo-router/node/render.js (1 module)
[2026-06-14T20:42:18.246Z] [1] λ  LOG  { colorScheme: 'light', setColorScheme: [Function (anonymous)] } {
[2026-06-14T20:42:18.246Z] [1]   '--color-primary': '#001A3D',
[2026-06-14T20:42:18.246Z] [1]   '--color-background': '#F8F9FA',
[2026-06-14T20:42:18.246Z] [1]   '--color-surface': '#FFFFFF',
[2026-06-14T20:42:18.246Z] [1]   '--color-foreground': '#0A0F1A',
[2026-06-14T20:42:18.246Z] [1]   '--color-muted': '#6B7280',
[2026-06-14T20:42:18.246Z] [1]   '--color-border': '#E5E7EB',
[2026-06-14T20:42:18.246Z] [1]   '--color-success': '#22C55E',
[2026-06-14T20:42:18.246Z] [1]   '--color-warning': '#F59E0B',
[2026-06-14T20:42:18.246Z] [1]   '--color-error': '#EF4444'
[2026-06-14T20:42:18.246Z] [1] }
[2026-06-14T20:42:18.246Z] [1] Web node_modules/expo-router/entry.js ▓▓▓▓▓▓▓▓▓▓▓▓▓▓▓░ 99.9% (1537/1538)
[2026-06-14T20:42:18.246Z] [1] Web node_modules/expo-router/entry.js ░░░░░░░░░░░░░░░░  0.0% (0/1)
[2026-06-14T20:42:18.246Z] [1] Web node_modules/expo-router/entry.js ░░░░░░░░░░░░░░░░  0.0% (0/1)
[2026-06-14T20:42:18.246Z] [1] Web node_modules/expo-router/entry.js ░░░░░░░░░░░░░░░░  0.0% (0/1)
[2026-06-14T20:42:18.246Z] [1] Web node_modules/expo-router/entry.js ░░░░░░░░░░░░░░░░  0.0% (0/1)
[2026-06-14T20:42:18.246Z] [1] Web node_modules/expo-router/entry.js ░░░░░░░░░░░░░░░░  0.0% (0/1)
[2026-06-14T20:42:18.246Z] [1] Web node_modules/expo-router/entry.js ░░░░░░░░░░░░░░░░  0.0% (0/1)
[2026-06-14T20:42:18.246Z] [1] Web node_modules/expo-router/entry.js ░░░░░░░░░░░░░░░░  0.0% (0/1)
[2026-06-14T20:42:18.246Z] [1] Web node_modules/expo-router/entry.js ░░░░░░░░░░░░░░░░  0.0% (0/1)
[2026-06-14T20:42:18.246Z] [1] Web node_modules/expo-router/entry.js ░░░░░░░░░░░░░░░░  0.0% (0/1)
[2026-06-14T20:42:18.246Z] [1] Web node_modules/expo-router/entry.js ░░░░░░░░░░░░░░░░  0.0% (0/1)
[2026-06-14T20:42:18.246Z] [1] Web node_modules/expo-router/entry.js ░░░░░░░░░░░░░░░░  0.0% (0/1)
[2026-06-14T20:42:18.246Z] [1] Web node_modules/expo-router/entry.js ░░░░░░░░░░░░░░░░  0.0% (0/1)
[2026-06-14T20:42:18.246Z] [1] Web node_modules/expo-router/entry.js ░░░░░░░░░░░░░░░░  0.0% (0/1)
[2026-06-14T20:42:18.246Z] [1] Web node_modules/expo-router/entry.js ░░░░░░░░░░░░░░░░  0.0% (0/1)
[2026-06-14T20:42:18.246Z] [1] Web node_modules/expo-router/entry.js ░░░░░░░░░░░░░░░░  0.0% (0/1)
[2026-06-14T20:42:18.247Z] [1] Web node_modules/expo-router/entry.js ░░░░░░░░░░░░░░░░  0.0% (0/1)
[2026-06-14T20:42:18.247Z] [1] Web node_modules/expo-router/entry.js ░░░░░░░░░░░░░░░░  0.0% (0/1)
[2026-06-14T20:42:18.247Z] [1] Web node_modules/expo-router/entry.js ░░░░░░░░░░░░░░░░  0.0% (0/1)
[2026-06-14T20:42:18.247Z] [1] Web node_modules/expo-router/entry.js ░░░░░░░░░░░░░░░░  0.0% (0/1)
[2026-06-14T20:42:18.247Z] [1] EXPO_USE_METRO_WORKSPACE_ROOT is enabled by default, use EXPO_NO_METRO_WORKSPACE_ROOT instead to disable.
[2026-06-14T20:42:18.249Z] [1] EXPO_USE_METRO_WORKSPACE_ROOT is enabled by default, use EXPO_NO_METRO_WORKSPACE_ROOT instead to disable.
[2026-06-14T20:42:18.475Z] [1] [expo-notifications] Listening to push token changes is not yet fully supported on web. Adding a listener will have no effect.
[2026-06-14T20:42:18.568Z] [1] λ  WARN  props.pointerEvents is deprecated. Use style.pointerEvents
[2026-06-14T20:42:18.732Z] [1] [expo-notifications] Listening to push token changes is not yet fully supported on web. Adding a listener will have no effect.
[2026-06-14T20:42:18.818Z] [1] λ  WARN  props.pointerEvents is deprecated. Use style.pointerEvents
[2026-06-14T20:42:18.890Z] [1] λ Bundled 21ms node_modules/expo-router/node/render.js (1 module)
[2026-06-14T20:42:18.890Z] [1] λ  LOG  { colorScheme: 'light', setColorScheme: [Function (anonymous)] } {
[2026-06-14T20:42:18.890Z] [1]   '--color-primary': '#001A3D',
[2026-06-14T20:42:18.890Z] [1]   '--color-background': '#F8F9FA',
[2026-06-14T20:42:18.890Z] [1]   '--color-surface': '#FFFFFF',
[2026-06-14T20:42:18.890Z] [1]   '--color-foreground': '#0A0F1A',
[2026-06-14T20:42:18.890Z] [1]   '--color-muted': '#6B7280',
[2026-06-14T20:42:18.890Z] [1]   '--color-border': '#E5E7EB',
[2026-06-14T20:42:18.890Z] [1]   '--color-success': '#22C55E',
[2026-06-14T20:42:18.890Z] [1]   '--color-warning': '#F59E0B',
[2026-06-14T20:42:18.890Z] [1]   '--color-error': '#EF4444'
[2026-06-14T20:42:18.890Z] [1] }
[2026-06-14T20:42:18.890Z] [1] λ  LOG  { colorScheme: 'light', setColorScheme: [Function (anonymous)] } {
[2026-06-14T20:42:18.890Z] [1]   '--color-primary': '#001A3D',
[2026-06-14T20:42:18.890Z] [1]   '--color-background': '#F8F9FA',
[2026-06-14T20:42:18.890Z] [1]   '--color-surface': '#FFFFFF',
[2026-06-14T20:42:18.890Z] [1]   '--color-foreground': '#0A0F1A',
[2026-06-14T20:42:18.890Z] [1]   '--color-muted': '#6B7280',
[2026-06-14T20:42:18.890Z] [1]   '--color-border': '#E5E7EB',
[2026-06-14T20:42:18.890Z] [1]   '--color-success': '#22C55E',
[2026-06-14T20:42:18.890Z] [1]   '--color-warning': '#F59E0B',
[2026-06-14T20:42:18.890Z] [1]   '--color-error': '#EF4444'
[2026-06-14T20:42:18.890Z] [1] }
[2026-06-14T20:42:18.890Z] [1] Web node_modules/expo-router/entry.js ▓▓▓▓▓▓▓▓▓▓▓▓▓▓▓░ 99.9% (1537/1538)
[2026-06-14T20:42:18.890Z] [1] Web node_modules/expo-router/entry.js ░░░░░░░░░░░░░░░░  0.0% (0/1)
[2026-06-14T20:42:18.890Z] [1] Web node_modules/expo-router/entry.js ░░░░░░░░░░░░░░░░  0.0% (0/1)
[2026-06-14T20:42:18.890Z] [1] Web node_modules/expo-router/entry.js ░░░░░░░░░░░░░░░░  0.0% (0/1)
[2026-06-14T20:42:18.890Z] [1] Web node_modules/expo-router/entry.js ░░░░░░░░░░░░░░░░  0.0% (0/1)
[2026-06-14T20:42:18.890Z] [1] Web node_modules/expo-router/entry.js ░░░░░░░░░░░░░░░░  0.0% (0/1)
[2026-06-14T20:42:18.890Z] [1] Web node_modules/expo-router/entry.js ░░░░░░░░░░░░░░░░  0.0% (0/1)
[2026-06-14T20:42:18.890Z] [1] Web node_modules/expo-router/entry.js ░░░░░░░░░░░░░░░░  0.0% (0/1)
[2026-06-14T20:42:18.890Z] [1] Web node_modules/expo-router/entry.js ░░░░░░░░░░░░░░░░  0.0% (0/1)
[2026-06-14T20:42:18.890Z] [1] Web node_modules/expo-router/entry.js ░░░░░░░░░░░░░░░░  0.0% (0/1)
[2026-06-14T20:42:18.891Z] [1] Web node_modules/expo-router/entry.js ░░░░░░░░░░░░░░░░  0.0% (0/1)
[2026-06-14T20:42:18.891Z] [1] Web node_modules/expo-router/entry.js ░░░░░░░░░░░░░░░░  0.0% (0/1)
[2026-06-14T20:42:18.891Z] [1] Web node_modules/expo-router/entry.js ░░░░░░░░░░░░░░░░  0.0% (0/1)
[2026-06-14T20:42:18.891Z] [1] Web node_modules/expo-router/entry.js ░░░░░░░░░░░░░░░░  0.0% (0/1)
[2026-06-14T20:42:18.891Z] [1] Web node_modules/expo-router/entry.js ░░░░░░░░░░░░░░░░  0.0% (0/1)
[2026-06-14T20:42:18.891Z] [1] Web node_modules/expo-router/entry.js ░░░░░░░░░░░░░░░░  0.0% (0/1)
[2026-06-14T20:42:18.891Z] [1] Web node_modules/expo-router/entry.js ░░░░░░░░░░░░░░░░  0.0% (0/1)
[2026-06-14T20:42:18.891Z] [1] Web node_modules/expo-router/entry.js ░░░░░░░░░░░░░░░░  0.0% (0/1)
[2026-06-14T20:42:18.891Z] [1] Web node_modules/expo-router/entry.js ░░░░░░░░░░░░░░░░  0.0% (0/1)
[2026-06-14T20:42:18.891Z] [1] Web node_modules/expo-router/entry.js ░░░░░░░░░░░░░░░░  0.0% (0/1)
[2026-06-14T20:42:18.891Z] [1] Web node_modules/expo-router/entry.js ░░░░░░░░░░░░░░░░  0.0% (0/1)
[2026-06-14T20:42:18.911Z] [1] EXPO_USE_METRO_WORKSPACE_ROOT is enabled by default, use EXPO_NO_METRO_WORKSPACE_ROOT instead to disable.
[2026-06-14T20:42:18.912Z] [1] EXPO_USE_METRO_WORKSPACE_ROOT is enabled by default, use EXPO_NO_METRO_WORKSPACE_ROOT instead to disable.
[2026-06-14T20:42:19.123Z] [1] λ Bundled 21ms node_modules/expo-router/node/render.js (1 module)
[2026-06-14T20:42:19.126Z] [1] EXPO_USE_METRO_WORKSPACE_ROOT is enabled by default, use EXPO_NO_METRO_WORKSPACE_ROOT instead to disable.
[2026-06-14T20:42:19.127Z] [1] EXPO_USE_METRO_WORKSPACE_ROOT is enabled by default, use EXPO_NO_METRO_WORKSPACE_ROOT instead to disable.
[2026-06-14T20:42:19.368Z] [1] [expo-notifications] Listening to push token changes is not yet fully supported on web. Adding a listener will have no effect.
[2026-06-14T20:42:19.469Z] [1] λ  WARN  props.pointerEvents is deprecated. Use style.pointerEvents
[2026-06-14T20:42:19.593Z] [1] λ Bundled 55ms node_modules/expo-router/node/render.js (1 module)
[2026-06-14T20:42:19.593Z] [1] λ  LOG  { colorScheme: 'light', setColorScheme: [Function (anonymous)] } {
[2026-06-14T20:42:19.593Z] [1]   '--color-primary': '#001A3D',
[2026-06-14T20:42:19.593Z] [1]   '--color-background': '#F8F9FA',
[2026-06-14T20:42:19.593Z] [1]   '--color-surface': '#FFFFFF',
[2026-06-14T20:42:19.593Z] [1]   '--color-foreground': '#0A0F1A',
[2026-06-14T20:42:19.593Z] [1]   '--color-muted': '#6B7280',
[2026-06-14T20:42:19.593Z] [1]   '--color-border': '#E5E7EB',
[2026-06-14T20:42:19.593Z] [1]   '--color-success': '#22C55E',
[2026-06-14T20:42:19.593Z] [1]   '--color-warning': '#F59E0B',
[2026-06-14T20:42:19.593Z] [1]   '--color-error': '#EF4444'
[2026-06-14T20:42:19.593Z] [1] }
[2026-06-14T20:42:19.593Z] [1] Web node_modules/expo-router/entry.js ▓▓▓▓▓▓▓▓▓▓▓▓▓▓▓░ 99.9% (1538/1538)
[2026-06-14T20:42:19.593Z] [1] Web node_modules/expo-router/entry.js ░░░░░░░░░░░░░░░░  0.0% (0/1)
[2026-06-14T20:42:19.593Z] [1] Web node_modules/expo-router/entry.js ░░░░░░░░░░░░░░░░  0.0% (0/1)
[2026-06-14T20:42:19.594Z] [1] Web node_modules/expo-router/entry.js ░░░░░░░░░░░░░░░░  0.0% (0/1)
[2026-06-14T20:42:19.594Z] [1] Web node_modules/expo-router/entry.js ░░░░░░░░░░░░░░░░  0.0% (0/1)
[2026-06-14T20:42:19.594Z] [1] Web node_modules/expo-router/entry.js ░░░░░░░░░░░░░░░░  0.0% (0/1)
[2026-06-14T20:42:19.594Z] [1] Web node_modules/expo-router/entry.js ░░░░░░░░░░░░░░░░  0.0% (0/1)
[2026-06-14T20:42:19.594Z] [1] Web node_modules/expo-router/entry.js ░░░░░░░░░░░░░░░░  0.0% (0/1)
[2026-06-14T20:42:19.594Z] [1] Web node_modules/expo-router/entry.js ░░░░░░░░░░░░░░░░  0.0% (0/1)
[2026-06-14T20:42:19.594Z] [1] Web node_modules/expo-router/entry.js ░░░░░░░░░░░░░░░░  0.0% (0/1)
[2026-06-14T20:42:19.594Z] [1] Web node_modules/expo-router/entry.js ░░░░░░░░░░░░░░░░  0.0% (0/1)
[2026-06-14T20:42:19.594Z] [1] Web node_modules/expo-router/entry.js ░░░░░░░░░░░░░░░░  0.0% (0/1)
[2026-06-14T20:42:19.594Z] [1] Web node_modules/expo-router/entry.js ░░░░░░░░░░░░░░░░  0.0% (0/1)
[2026-06-14T20:42:19.594Z] [1] Web node_modules/expo-router/entry.js ░░░░░░░░░░░░░░░░  0.0% (0/1)
[2026-06-14T20:42:19.594Z] [1] Web node_modules/expo-router/entry.js ░░░░░░░░░░░░░░░░  0.0% (0/1)
[2026-06-14T20:42:19.594Z] [1] Web node_modules/expo-router/entry.js ░░░░░░░░░░░░░░░░  0.0% (0/1)
[2026-06-14T20:42:19.594Z] [1] Web node_modules/expo-router/entry.js ░░░░░░░░░░░░░░░░  0.0% (0/1)
[2026-06-14T20:42:19.594Z] [1] Web node_modules/expo-router/entry.js ░░░░░░░░░░░░░░░░  0.0% (0/1)
[2026-06-14T20:42:19.594Z] [1] Web node_modules/expo-router/entry.js ░░░░░░░░░░░░░░░░  0.0% (0/1)
[2026-06-14T20:42:19.594Z] [1] Web node_modules/expo-router/entry.js ░░░░░░░░░░░░░░░░  0.0% (0/1)
[2026-06-14T20:42:19.594Z] [1] Web node_modules/expo-router/entry.js ░░░░░░░░░░░░░░░░  0.0% (0/1)
[2026-06-14T20:42:19.594Z] [1] Web node_modules/expo-router/entry.js ░░░░░░░░░░░░░░░░  0.0% (0/1)
[2026-06-14T20:42:19.594Z] [1] Web node_modules/expo-router/entry.js ░░░░░░░░░░░░░░░░  0.0% (0/1)
[2026-06-14T20:42:19.711Z] [1] [expo-notifications] Listening to push token changes is not yet fully supported on web. Adding a listener will have no effect.
[2026-06-14T20:42:19.743Z] [1] λ  LOG  { colorScheme: 'light', setColorScheme: [Function (anonymous)] } {
[2026-06-14T20:42:19.743Z] [1]   '--color-primary': '#001A3D',
[2026-06-14T20:42:19.743Z] [1]   '--color-background': '#F8F9FA',
[2026-06-14T20:42:19.743Z] [1]   '--color-surface': '#FFFFFF',
[2026-06-14T20:42:19.743Z] [1]   '--color-foreground': '#0A0F1A',
[2026-06-14T20:42:19.743Z] [1]   '--color-muted': '#6B7280',
[2026-06-14T20:42:19.743Z] [1]   '--color-border': '#E5E7EB',
[2026-06-14T20:42:19.743Z] [1]   '--color-success': '#22C55E',
[2026-06-14T20:42:19.743Z] [1]   '--color-warning': '#F59E0B',
[2026-06-14T20:42:19.743Z] [1]   '--color-error': '#EF4444'
[2026-06-14T20:42:19.743Z] [1] }
[2026-06-14T20:42:19.804Z] [1] λ  WARN  props.pointerEvents is deprecated. Use style.pointerEvents
[2026-06-14T20:42:19.825Z] [1] Web node_modules/expo-router/entry.js ▓▓▓▓▓▓▓▓▓▓▓▓▓▓▓░ 99.9% (1538/1538)
[2026-06-14T20:42:19.826Z] [1] Web node_modules/expo-router/entry.js ░░░░░░░░░░░░░░░░  0.0% (0/1)
[2026-06-14T20:42:19.826Z] [1] Web node_modules/expo-router/entry.js ░░░░░░░░░░░░░░░░  0.0% (0/1)
[2026-06-14T20:42:19.826Z] [1] Web node_modules/expo-router/entry.js ░░░░░░░░░░░░░░░░  0.0% (0/1)
[2026-06-14T20:42:19.826Z] [1] Web node_modules/expo-router/entry.js ░░░░░░░░░░░░░░░░  0.0% (0/1)
[2026-06-14T20:42:19.826Z] [1] Web node_modules/expo-router/entry.js ░░░░░░░░░░░░░░░░  0.0% (0/1)
[2026-06-14T20:42:19.826Z] [1] Web node_modules/expo-router/entry.js ░░░░░░░░░░░░░░░░  0.0% (0/1)
[2026-06-14T20:42:19.826Z] [1] Web node_modules/expo-router/entry.js ░░░░░░░░░░░░░░░░  0.0% (0/1)
[2026-06-14T20:42:19.826Z] [1] Web node_modules/expo-router/entry.js ░░░░░░░░░░░░░░░░  0.0% (0/1)
[2026-06-14T20:42:19.826Z] [1] Web node_modules/expo-router/entry.js ░░░░░░░░░░░░░░░░  0.0% (0/1)
[2026-06-14T20:42:19.826Z] [1] Web node_modules/expo-router/entry.js ░░░░░░░░░░░░░░░░  0.0% (0/1)
[2026-06-14T20:42:19.826Z] [1] Web node_modules/expo-router/entry.js ░░░░░░░░░░░░░░░░  0.0% (0/1)
[2026-06-14T20:42:19.826Z] [1] Web node_modules/expo-router/entry.js ░░░░░░░░░░░░░░░░  0.0% (0/1)
[2026-06-14T20:42:19.826Z] [1] Web node_modules/expo-router/entry.js ░░░░░░░░░░░░░░░░  0.0% (0/1)
[2026-06-14T20:42:19.826Z] [1] Web node_modules/expo-router/entry.js ░░░░░░░░░░░░░░░░  0.0% (0/1)
[2026-06-14T20:42:19.826Z] [1] Web node_modules/expo-router/entry.js ░░░░░░░░░░░░░░░░  0.0% (0/1)
[2026-06-14T20:42:19.826Z] [1] Web node_modules/expo-router/entry.js ░░░░░░░░░░░░░░░░  0.0% (0/1)
[2026-06-14T20:42:19.826Z] [1] Web node_modules/expo-router/entry.js ░░░░░░░░░░░░░░░░  0.0% (0/1)
[2026-06-14T20:42:19.826Z] [1] Web node_modules/expo-router/entry.js ░░░░░░░░░░░░░░░░  0.0% (0/1)
[2026-06-14T20:42:19.826Z] [1] Web node_modules/expo-router/entry.js ░░░░░░░░░░░░░░░░  0.0% (0/1)
[2026-06-14T20:42:19.826Z] [1] Web node_modules/expo-router/entry.js ░░░░░░░░░░░░░░░░  0.0% (0/1)
[2026-06-14T20:42:19.826Z] [1] Web node_modules/expo-router/entry.js ░░░░░░░░░░░░░░░░  0.0% (0/1)
[2026-06-14T20:42:19.826Z] [1] Web node_modules/expo-router/entry.js ░░░░░░░░░░░░░░░░  0.0% (0/1)
[2026-06-14T20:42:19.879Z] [1] EXPO_USE_METRO_WORKSPACE_ROOT is enabled by default, use EXPO_NO_METRO_WORKSPACE_ROOT instead to disable.
[2026-06-14T20:42:19.881Z] [1] EXPO_USE_METRO_WORKSPACE_ROOT is enabled by default, use EXPO_NO_METRO_WORKSPACE_ROOT instead to disable.
[2026-06-14T20:42:20.074Z] [1] [expo-notifications] Listening to push token changes is not yet fully supported on web. Adding a listener will have no effect.
[2026-06-14T20:42:20.181Z] [1] λ  WARN  props.pointerEvents is deprecated. Use style.pointerEvents
[2026-06-14T20:42:20.245Z] [1] λ Bundled 13ms node_modules/expo-router/node/render.js (1 module)
[2026-06-14T20:42:20.246Z] [1] λ  LOG  { colorScheme: 'light', setColorScheme: [Function (anonymous)] } {
[2026-06-14T20:42:20.246Z] [1]   '--color-primary': '#001A3D',
[2026-06-14T20:42:20.246Z] [1]   '--color-background': '#F8F9FA',
[2026-06-14T20:42:20.246Z] [1]   '--color-surface': '#FFFFFF',
[2026-06-14T20:42:20.246Z] [1]   '--color-foreground': '#0A0F1A',
[2026-06-14T20:42:20.246Z] [1]   '--color-muted': '#6B7280',
[2026-06-14T20:42:20.246Z] [1]   '--color-border': '#E5E7EB',
[2026-06-14T20:42:20.246Z] [1]   '--color-success': '#22C55E',
[2026-06-14T20:42:20.246Z] [1]   '--color-warning': '#F59E0B',
[2026-06-14T20:42:20.246Z] [1]   '--color-error': '#EF4444'
[2026-06-14T20:42:20.246Z] [1] }
[2026-06-14T20:42:20.246Z] [1] Web node_modules/expo-router/entry.js ▓▓▓▓▓▓▓▓▓▓▓▓▓▓▓░ 99.9% (1538/1538)
[2026-06-14T20:42:20.246Z] [1] Web node_modules/expo-router/entry.js ░░░░░░░░░░░░░░░░  0.0% (0/1)
[2026-06-14T20:42:20.246Z] [1] Web node_modules/expo-router/entry.js ░░░░░░░░░░░░░░░░  0.0% (0/1)
[2026-06-14T20:42:20.246Z] [1] Web node_modules/expo-router/entry.js ░░░░░░░░░░░░░░░░  0.0% (0/1)
[2026-06-14T20:42:20.246Z] [1] Web node_modules/expo-router/entry.js ░░░░░░░░░░░░░░░░  0.0% (0/1)
[2026-06-14T20:42:20.246Z] [1] Web node_modules/expo-router/entry.js ░░░░░░░░░░░░░░░░  0.0% (0/1)
[2026-06-14T20:42:20.246Z] [1] Web node_modules/expo-router/entry.js ░░░░░░░░░░░░░░░░  0.0% (0/1)
[2026-06-14T20:42:20.246Z] [1] Web node_modules/expo-router/entry.js ░░░░░░░░░░░░░░░░  0.0% (0/1)
[2026-06-14T20:42:20.246Z] [1] Web node_modules/expo-router/entry.js ░░░░░░░░░░░░░░░░  0.0% (0/1)
[2026-06-14T20:42:20.246Z] [1] Web node_modules/expo-router/entry.js ░░░░░░░░░░░░░░░░  0.0% (0/1)
[2026-06-14T20:42:20.246Z] [1] Web node_modules/expo-router/entry.js ░░░░░░░░░░░░░░░░  0.0% (0/1)
[2026-06-14T20:42:20.246Z] [1] Web node_modules/expo-router/entry.js ░░░░░░░░░░░░░░░░  0.0% (0/1)
[2026-06-14T20:42:20.246Z] [1] Web node_modules/expo-router/entry.js ░░░░░░░░░░░░░░░░  0.0% (0/1)
[2026-06-14T20:42:20.246Z] [1] Web node_modules/expo-router/entry.js ░░░░░░░░░░░░░░░░  0.0% (0/1)
[2026-06-14T20:42:20.246Z] [1] Web node_modules/expo-router/entry.js ░░░░░░░░░░░░░░░░  0.0% (0/1)
[2026-06-14T20:42:20.246Z] [1] Web node_modules/expo-router/entry.js ░░░░░░░░░░░░░░░░  0.0% (0/1)
[2026-06-14T20:42:20.246Z] [1] Web node_modules/expo-router/entry.js ░░░░░░░░░░░░░░░░  0.0% (0/1)
[2026-06-14T20:42:20.246Z] [1] Web node_modules/expo-router/entry.js ░░░░░░░░░░░░░░░░  0.0% (0/1)
[2026-06-14T20:42:20.246Z] [1] Web node_modules/expo-router/entry.js ░░░░░░░░░░░░░░░░  0.0% (0/1)
[2026-06-14T20:42:20.246Z] [1] Web node_modules/expo-router/entry.js ░░░░░░░░░░░░░░░░  0.0% (0/1)
[2026-06-14T20:42:20.246Z] [1] Web node_modules/expo-router/entry.js ░░░░░░░░░░░░░░░░  0.0% (0/1)
[2026-06-14T20:42:20.246Z] [1] Web node_modules/expo-router/entry.js ░░░░░░░░░░░░░░░░  0.0% (0/1)
[2026-06-14T20:42:20.246Z] [1] Web node_modules/expo-router/entry.js ░░░░░░░░░░░░░░░░  0.0% (0/1)
[2026-06-14T20:42:20.246Z] [1] Web node_modules/expo-router/entry.js ░░░░░░░░░░░░░░░░  0.0% (0/1)
[2026-06-14T20:42:20.356Z] [1] EXPO_USE_METRO_WORKSPACE_ROOT is enabled by default, use EXPO_NO_METRO_WORKSPACE_ROOT instead to disable.
[2026-06-14T20:42:20.358Z] [1] EXPO_USE_METRO_WORKSPACE_ROOT is enabled by default, use EXPO_NO_METRO_WORKSPACE_ROOT instead to disable.
[2026-06-14T20:42:20.558Z] [1] [expo-notifications] Listening to push token changes is not yet fully supported on web. Adding a listener will have no effect.
[2026-06-14T20:42:20.641Z] [1] λ  WARN  props.pointerEvents is deprecated. Use style.pointerEvents
[2026-06-14T20:42:20.711Z] [1] λ Bundled 17ms node_modules/expo-router/node/render.js (1 module)
[2026-06-14T20:42:20.711Z] [1] λ  LOG  { colorScheme: 'light', setColorScheme: [Function (anonymous)] } {
[2026-06-14T20:42:20.711Z] [1]   '--color-primary': '#001A3D',
[2026-06-14T20:42:20.711Z] [1]   '--color-background': '#F8F9FA',
[2026-06-14T20:42:20.711Z] [1]   '--color-surface': '#FFFFFF',
[2026-06-14T20:42:20.711Z] [1]   '--color-foreground': '#0A0F1A',
[2026-06-14T20:42:20.711Z] [1]   '--color-muted': '#6B7280',
[2026-06-14T20:42:20.711Z] [1]   '--color-border': '#E5E7EB',
[2026-06-14T20:42:20.711Z] [1]   '--color-success': '#22C55E',
[2026-06-14T20:42:20.711Z] [1]   '--color-warning': '#F59E0B',
[2026-06-14T20:42:20.711Z] [1]   '--color-error': '#EF4444'
[2026-06-14T20:42:20.711Z] [1] }
[2026-06-14T20:42:20.711Z] [1] Web node_modules/expo-router/entry.js ▓▓▓▓▓▓▓▓▓▓▓▓▓▓▓░ 99.9% (0/1)
[2026-06-14T20:42:20.712Z] [1] Web node_modules/expo-router/entry.js ░░░░░░░░░░░░░░░░  0.0% (0/1)
[2026-06-14T20:42:20.712Z] [1] Web node_modules/expo-router/entry.js ░░░░░░░░░░░░░░░░  0.0% (0/1)
[2026-06-14T20:42:20.712Z] [1] Web node_modules/expo-router/entry.js ░░░░░░░░░░░░░░░░  0.0% (0/1)
[2026-06-14T20:42:20.712Z] [1] Web node_modules/expo-router/entry.js ░░░░░░░░░░░░░░░░  0.0% (0/1)
[2026-06-14T20:42:20.712Z] [1] Web node_modules/expo-router/entry.js ░░░░░░░░░░░░░░░░  0.0% (0/1)
[2026-06-14T20:42:20.712Z] [1] Web node_modules/expo-router/entry.js ░░░░░░░░░░░░░░░░  0.0% (0/1)
[2026-06-14T20:42:20.712Z] [1] Web node_modules/expo-router/entry.js ░░░░░░░░░░░░░░░░  0.0% (0/1)
[2026-06-14T20:42:20.712Z] [1] Web node_modules/expo-router/entry.js ░░░░░░░░░░░░░░░░  0.0% (0/1)
[2026-06-14T20:42:20.712Z] [1] Web node_modules/expo-router/entry.js ░░░░░░░░░░░░░░░░  0.0% (0/1)
[2026-06-14T20:42:20.712Z] [1] Web node_modules/expo-router/entry.js ░░░░░░░░░░░░░░░░  0.0% (0/1)
[2026-06-14T20:42:20.712Z] [1] Web node_modules/expo-router/entry.js ░░░░░░░░░░░░░░░░  0.0% (0/1)
[2026-06-14T20:42:20.712Z] [1] Web node_modules/expo-router/entry.js ░░░░░░░░░░░░░░░░  0.0% (0/1)
[2026-06-14T20:42:20.712Z] [1] Web node_modules/expo-router/entry.js ░░░░░░░░░░░░░░░░  0.0% (0/1)
[2026-06-14T20:42:20.712Z] [1] Web node_modules/expo-router/entry.js ░░░░░░░░░░░░░░░░  0.0% (0/1)
[2026-06-14T20:42:20.712Z] [1] Web node_modules/expo-router/entry.js ░░░░░░░░░░░░░░░░  0.0% (0/1)
[2026-06-14T20:42:20.712Z] [1] Web node_modules/expo-router/entry.js ░░░░░░░░░░░░░░░░  0.0% (0/1)
[2026-06-14T20:42:20.712Z] [1] Web node_modules/expo-router/entry.js ░░░░░░░░░░░░░░░░  0.0% (0/1)
[2026-06-14T20:42:20.712Z] [1] Web node_modules/expo-router/entry.js ░░░░░░░░░░░░░░░░  0.0% (0/1)
[2026-06-14T20:42:20.712Z] [1] Web node_modules/expo-router/entry.js ░░░░░░░░░░░░░░░░  0.0% (0/1)
[2026-06-14T20:42:20.712Z] [1] Web node_modules/expo-router/entry.js ░░░░░░░░░░░░░░░░  0.0% (0/1)
[2026-06-14T20:42:20.712Z] [1] Web node_modules/expo-router/entry.js ░░░░░░░░░░░░░░░░  0.0% (0/1)
[2026-06-14T20:42:20.712Z] [1] Web node_modules/expo-router/entry.js ░░░░░░░░░░░░░░░░  0.0% (0/1)
[2026-06-14T20:42:20.712Z] [1] Web node_modules/expo-router/entry.js ░░░░░░░░░░░░░░░░  0.0% (0/1)
[2026-06-14T20:42:20.712Z] [1] Web node_modules/expo-router/entry.js ░░░░░░░░░░░░░░░░  0.0% (0/1)
[2026-06-14T20:42:20.863Z] [1] [expo-notifications] Listening to push token changes is not yet fully supported on web. Adding a listener will have no effect.
[2026-06-14T20:42:20.898Z] [1] λ  LOG  { colorScheme: 'light', setColorScheme: [Function (anonymous)] } {
[2026-06-14T20:42:20.898Z] [1]   '--color-primary': '#001A3D',
[2026-06-14T20:42:20.898Z] [1]   '--color-background': '#F8F9FA',
[2026-06-14T20:42:20.898Z] [1]   '--color-surface': '#FFFFFF',
[2026-06-14T20:42:20.898Z] [1]   '--color-foreground': '#0A0F1A',
[2026-06-14T20:42:20.898Z] [1]   '--color-muted': '#6B7280',
[2026-06-14T20:42:20.898Z] [1]   '--color-border': '#E5E7EB',
[2026-06-14T20:42:20.898Z] [1]   '--color-success': '#22C55E',
[2026-06-14T20:42:20.898Z] [1]   '--color-warning': '#F59E0B',
[2026-06-14T20:42:20.898Z] [1]   '--color-error': '#EF4444'
[2026-06-14T20:42:20.898Z] [1] }
[2026-06-14T20:42:20.964Z] [1] λ  WARN  props.pointerEvents is deprecated. Use style.pointerEvents
[2026-06-14T20:42:20.992Z] [1] Web node_modules/expo-router/entry.js ▓▓▓▓▓▓▓▓▓▓▓▓▓▓▓░ 99.9% (0/1)
[2026-06-14T20:42:20.993Z] [1] Web node_modules/expo-router/entry.js ░░░░░░░░░░░░░░░░  0.0% (0/1)
[2026-06-14T20:42:20.993Z] [1] Web node_modules/expo-router/entry.js ░░░░░░░░░░░░░░░░  0.0% (0/1)
[2026-06-14T20:42:20.993Z] [1] Web node_modules/expo-router/entry.js ░░░░░░░░░░░░░░░░  0.0% (0/1)
[2026-06-14T20:42:20.993Z] [1] Web node_modules/expo-router/entry.js ░░░░░░░░░░░░░░░░  0.0% (0/1)
[2026-06-14T20:42:20.993Z] [1] Web node_modules/expo-router/entry.js ░░░░░░░░░░░░░░░░  0.0% (0/1)
[2026-06-14T20:42:20.993Z] [1] Web node_modules/expo-router/entry.js ░░░░░░░░░░░░░░░░  0.0% (0/1)
[2026-06-14T20:42:20.993Z] [1] Web node_modules/expo-router/entry.js ░░░░░░░░░░░░░░░░  0.0% (0/1)
[2026-06-14T20:42:20.993Z] [1] Web node_modules/expo-router/entry.js ░░░░░░░░░░░░░░░░  0.0% (0/1)
[2026-06-14T20:42:20.993Z] [1] Web node_modules/expo-router/entry.js ░░░░░░░░░░░░░░░░  0.0% (0/1)
[2026-06-14T20:42:20.993Z] [1] Web node_modules/expo-router/entry.js ░░░░░░░░░░░░░░░░  0.0% (0/1)
[2026-06-14T20:42:20.993Z] [1] Web node_modules/expo-router/entry.js ░░░░░░░░░░░░░░░░  0.0% (0/1)
[2026-06-14T20:42:20.993Z] [1] Web node_modules/expo-router/entry.js ░░░░░░░░░░░░░░░░  0.0% (0/1)
[2026-06-14T20:42:20.993Z] [1] Web node_modules/expo-router/entry.js ░░░░░░░░░░░░░░░░  0.0% (0/1)
[2026-06-14T20:42:20.993Z] [1] Web node_modules/expo-router/entry.js ░░░░░░░░░░░░░░░░  0.0% (0/1)
[2026-06-14T20:42:20.993Z] [1] Web node_modules/expo-router/entry.js ░░░░░░░░░░░░░░░░  0.0% (0/1)
[2026-06-14T20:42:20.993Z] [1] Web node_modules/expo-router/entry.js ░░░░░░░░░░░░░░░░  0.0% (0/1)
[2026-06-14T20:42:20.993Z] [1] Web node_modules/expo-router/entry.js ░░░░░░░░░░░░░░░░  0.0% (0/1)
[2026-06-14T20:42:20.993Z] [1] Web node_modules/expo-router/entry.js ░░░░░░░░░░░░░░░░  0.0% (0/1)
[2026-06-14T20:42:20.993Z] [1] Web node_modules/expo-router/entry.js ░░░░░░░░░░░░░░░░  0.0% (0/1)
[2026-06-14T20:42:20.993Z] [1] Web node_modules/expo-router/entry.js ░░░░░░░░░░░░░░░░  0.0% (0/1)
[2026-06-14T20:42:20.993Z] [1] Web node_modules/expo-router/entry.js ░░░░░░░░░░░░░░░░  0.0% (0/1)
[2026-06-14T20:42:20.993Z] [1] Web node_modules/expo-router/entry.js ░░░░░░░░░░░░░░░░  0.0% (0/1)
[2026-06-14T20:42:20.993Z] [1] Web node_modules/expo-router/entry.js ░░░░░░░░░░░░░░░░  0.0% (0/1)
[2026-06-14T20:42:20.993Z] [1] Web node_modules/expo-router/entry.js ░░░░░░░░░░░░░░░░  0.0% (0/1)
[2026-06-14T20:42:21.642Z] [1] EXPO_USE_METRO_WORKSPACE_ROOT is enabled by default, use EXPO_NO_METRO_WORKSPACE_ROOT instead to disable.
[2026-06-14T20:42:21.644Z] [1]
[2026-06-14T20:42:21.644Z] EXPO_USE_METRO_WORKSPACE_ROOT is enabled by default, use EXPO_NO_METRO_WORKSPACE_ROOT instead to disable.
[2026-06-14T20:42:21.873Z] [1] λ Bundled 42ms node_modules/expo-router/node/render.js (1 module)
[2026-06-14T20:42:22.062Z] [1] [expo-notifications] Listening to push token changes is not yet fully supported on web. Adding a listener will have no effect.
[2026-06-14T20:42:22.094Z] [1] λ  LOG  { colorScheme: 'light', setColorScheme: [Function (anonymous)] } {
[2026-06-14T20:42:22.094Z] [1]   '--color-primary': '#001A3D',
[2026-06-14T20:42:22.094Z] [1]   '--color-background': '#F8F9FA',
[2026-06-14T20:42:22.094Z] [1]   '--color-surface': '#FFFFFF',
[2026-06-14T20:42:22.094Z] [1]   '--color-foreground': '#0A0F1A',
[2026-06-14T20:42:22.094Z] [1]   '--color-muted': '#6B7280',
[2026-06-14T20:42:22.094Z] [1]   '--color-border': '#E5E7EB',
[2026-06-14T20:42:22.094Z] [1]   '--color-success': '#22C55E',
[2026-06-14T20:42:22.094Z] [1]   '--color-warning': '#F59E0B',
[2026-06-14T20:42:22.094Z] [1]   '--color-error': '#EF4444'
[2026-06-14T20:42:22.094Z] [1] }
[2026-06-14T20:42:22.158Z] [1] λ  WARN  props.pointerEvents is deprecated. Use style.pointerEvents
[2026-06-14T20:42:22.172Z] [1] Web node_modules/expo-router/entry.js ▓▓▓▓▓▓▓▓▓▓▓▓▓▓▓░ 99.9% (1/1)
[2026-06-14T20:42:22.172Z] [1] Web node_modules/expo-router/entry.js ░░░░░░░░░░░░░░░░  0.0% (0/1)
[2026-06-14T20:42:22.172Z] [1] Web node_modules/expo-router/entry.js ░░░░░░░░░░░░░░░░  0.0% (0/1)
[2026-06-14T20:42:22.172Z] [1] Web node_modules/expo-router/entry.js ░░░░░░░░░░░░░░░░  0.0% (0/1)
[2026-06-14T20:42:22.172Z] [1] Web node_modules/expo-router/entry.js ░░░░░░░░░░░░░░░░  0.0% (0/1)
[2026-06-14T20:42:22.172Z] [1] Web node_modules/expo-router/entry.js ░░░░░░░░░░░░░░░░  0.0% (0/1)
[2026-06-14T20:42:22.172Z] [1] Web node_modules/expo-router/entry.js ░░░░░░░░░░░░░░░░  0.0% (0/1)
[2026-06-14T20:42:22.172Z] [1] Web node_modules/expo-router/entry.js ░░░░░░░░░░░░░░░░  0.0% (0/1)
[2026-06-14T20:42:22.172Z] [1] Web node_modules/expo-router/entry.js ░░░░░░░░░░░░░░░░  0.0% (0/1)
[2026-06-14T20:42:22.172Z] [1] Web node_modules/expo-router/entry.js ░░░░░░░░░░░░░░░░  0.0% (0/1)
[2026-06-14T20:42:22.172Z] [1] Web node_modules/expo-router/entry.js ░░░░░░░░░░░░░░░░  0.0% (0/1)
[2026-06-14T20:42:22.172Z] [1] Web node_modules/expo-router/entry.js ░░░░░░░░░░░░░░░░  0.0% (0/1)
[2026-06-14T20:42:22.172Z] [1] Web node_modules/expo-router/entry.js ░░░░░░░░░░░░░░░░  0.0% (0/1)
[2026-06-14T20:42:22.172Z] [1] Web node_modules/expo-router/entry.js ░░░░░░░░░░░░░░░░  0.0% (0/1)
[2026-06-14T20:42:22.172Z] [1] Web node_modules/expo-router/entry.js ░░░░░░░░░░░░░░░░  0.0% (0/1)
[2026-06-14T20:42:22.172Z] [1] Web node_modules/expo-router/entry.js ░░░░░░░░░░░░░░░░  0.0% (0/1)
[2026-06-14T20:42:22.173Z] [1] Web node_modules/expo-router/entry.js ░░░░░░░░░░░░░░░░  0.0% (0/1)
[2026-06-14T20:42:22.173Z] [1] Web node_modules/expo-router/entry.js ░░░░░░░░░░░░░░░░  0.0% (0/1)
[2026-06-14T20:42:22.173Z] [1] Web node_modules/expo-router/entry.js ░░░░░░░░░░░░░░░░  0.0% (0/1)
[2026-06-14T20:42:22.173Z] [1] Web node_modules/expo-router/entry.js ░░░░░░░░░░░░░░░░  0.0% (0/1)
[2026-06-14T20:42:22.173Z] [1] Web node_modules/expo-router/entry.js ░░░░░░░░░░░░░░░░  0.0% (0/1)
[2026-06-14T20:42:22.173Z] [1] Web node_modules/expo-router/entry.js ░░░░░░░░░░░░░░░░  0.0% (0/1)
[2026-06-14T20:42:22.173Z] [1] Web node_modules/expo-router/entry.js ░░░░░░░░░░░░░░░░  0.0% (0/1)
[2026-06-14T20:42:22.173Z] [1] Web node_modules/expo-router/entry.js ░░░░░░░░░░░░░░░░  0.0% (0/1)
[2026-06-14T20:42:22.173Z] [1] Web node_modules/expo-router/entry.js ░░░░░░░░░░░░░░░░  0.0% (0/1)
[2026-06-14T20:42:22.173Z] [1] Web node_modules/expo-router/entry.js ░░░░░░░░░░░░░░░░  0.0% (0/1)
[2026-06-14T20:42:22.193Z] [1] EXPO_USE_METRO_WORKSPACE_ROOT is enabled by default, use EXPO_NO_METRO_WORKSPACE_ROOT instead to disable.
[2026-06-14T20:42:22.195Z] [1] EXPO_USE_METRO_WORKSPACE_ROOT is enabled by default, use EXPO_NO_METRO_WORKSPACE_ROOT instead to disable.
[2026-06-14T20:42:22.377Z] [1] λ Bundled 48ms node_modules/expo-router/node/render.js (1 module)
[2026-06-14T20:42:22.712Z] [1] [expo-notifications] Listening to push token changes is not yet fully supported on web. Adding a listener will have no effect.
[2026-06-14T20:42:22.748Z] [1] λ  LOG  { colorScheme: 'light', setColorScheme: [Function (anonymous)] } {
[2026-06-14T20:42:22.749Z] [1]   '--color-primary': '#001A3D',
[2026-06-14T20:42:22.749Z] [1]   '--color-background': '#F8F9FA',
[2026-06-14T20:42:22.749Z] [1]   '--color-surface': '#FFFFFF',
[2026-06-14T20:42:22.749Z] [1]   '--color-foreground': '#0A0F1A',
[2026-06-14T20:42:22.749Z] [1]   '--color-muted': '#6B7280',
[2026-06-14T20:42:22.749Z] [1]   '--color-border': '#E5E7EB',
[2026-06-14T20:42:22.749Z] [1]   '--color-success': '#22C55E',
[2026-06-14T20:42:22.749Z] [1]   '--color-warning': '#F59E0B',
[2026-06-14T20:42:22.749Z] [1]   '--color-error': '#EF4444'
[2026-06-14T20:42:22.749Z] [1] }
[2026-06-14T20:42:22.838Z] [1] λ  WARN  props.pointerEvents is deprecated. Use style.pointerEvents
[2026-06-14T20:42:22.852Z] [1] Web node_modules/expo-router/entry.js ▓▓▓▓▓▓▓▓▓▓▓▓▓▓▓░ 99.9% (1/1)
[2026-06-14T20:42:22.852Z] [1] Web node_modules/expo-router/entry.js ░░░░░░░░░░░░░░░░  0.0% (0/1)
[2026-06-14T20:42:22.852Z] [1] Web node_modules/expo-router/entry.js ░░░░░░░░░░░░░░░░  0.0% (0/1)
[2026-06-14T20:42:22.853Z] [1] Web node_modules/expo-router/entry.js ░░░░░░░░░░░░░░░░  0.0% (0/1)
[2026-06-14T20:42:22.853Z] [1] Web node_modules/expo-router/entry.js ░░░░░░░░░░░░░░░░  0.0% (0/1)
[2026-06-14T20:42:22.853Z] [1] Web node_modules/expo-router/entry.js ░░░░░░░░░░░░░░░░  0.0% (0/1)
[2026-06-14T20:42:22.853Z] [1] Web node_modules/expo-router/entry.js ░░░░░░░░░░░░░░░░  0.0% (0/1)
[2026-06-14T20:42:22.853Z] [1] Web node_modules/expo-router/entry.js ░░░░░░░░░░░░░░░░  0.0% (0/1)
[2026-06-14T20:42:22.853Z] [1] Web node_modules/expo-router/entry.js ░░░░░░░░░░░░░░░░  0.0% (0/1)
[2026-06-14T20:42:22.853Z] [1] Web node_modules/expo-router/entry.js ░░░░░░░░░░░░░░░░  0.0% (0/1)
[2026-06-14T20:42:22.853Z] [1] Web node_modules/expo-router/entry.js ░░░░░░░░░░░░░░░░  0.0% (0/1)
[2026-06-14T20:42:22.853Z] [1] Web node_modules/expo-router/entry.js ░░░░░░░░░░░░░░░░  0.0% (0/1)
[2026-06-14T20:42:22.853Z] [1] Web node_modules/expo-router/entry.js ░░░░░░░░░░░░░░░░  0.0% (0/1)
[2026-06-14T20:42:22.853Z] [1] Web node_modules/expo-router/entry.js ░░░░░░░░░░░░░░░░  0.0% (0/1)
[2026-06-14T20:42:22.853Z] [1] Web node_modules/expo-router/entry.js ░░░░░░░░░░░░░░░░  0.0% (0/1)
[2026-06-14T20:42:22.853Z] [1] Web node_modules/expo-router/entry.js ░░░░░░░░░░░░░░░░  0.0% (0/1)
[2026-06-14T20:42:22.853Z] [1] Web node_modules/expo-router/entry.js ░░░░░░░░░░░░░░░░  0.0% (0/1)
[2026-06-14T20:42:22.853Z] [1] Web node_modules/expo-router/entry.js ░░░░░░░░░░░░░░░░  0.0% (0/1)
[2026-06-14T20:42:22.853Z] [1] Web node_modules/expo-router/entry.js ░░░░░░░░░░░░░░░░  0.0% (0/1)
[2026-06-14T20:42:22.853Z] [1] Web node_modules/expo-router/entry.js ░░░░░░░░░░░░░░░░  0.0% (0/1)
[2026-06-14T20:42:22.853Z] [1] Web node_modules/expo-router/entry.js ░░░░░░░░░░░░░░░░  0.0% (0/1)
[2026-06-14T20:42:22.853Z] [1] Web node_modules/expo-router/entry.js ░░░░░░░░░░░░░░░░  0.0% (0/1)
[2026-06-14T20:42:22.853Z] [1] Web node_modules/expo-router/entry.js ░░░░░░░░░░░░░░░░  0.0% (0/1)
[2026-06-14T20:42:22.853Z] [1] Web node_modules/expo-router/entry.js ░░░░░░░░░░░░░░░░  0.0% (0/1)
[2026-06-14T20:42:22.853Z] [1] Web node_modules/expo-router/entry.js ░░░░░░░░░░░░░░░░  0.0% (0/1)
[2026-06-14T20:42:22.853Z] [1] Web node_modules/expo-router/entry.js ░░░░░░░░░░░░░░░░  0.0% (0/1)
[2026-06-14T20:42:22.853Z] [1] Web node_modules/expo-router/entry.js ░░░░░░░░░░░░░░░░  0.0% (0/1)
[2026-06-14T20:42:22.943Z] [1] EXPO_USE_METRO_WORKSPACE_ROOT is enabled by default, use EXPO_NO_METRO_WORKSPACE_ROOT instead to disable.
[2026-06-14T20:42:22.944Z] [1] EXPO_USE_METRO_WORKSPACE_ROOT is enabled by default, use EXPO_NO_METRO_WORKSPACE_ROOT instead to disable.
[2026-06-14T20:42:23.124Z] [1] λ Bundled 52ms node_modules/expo-router/node/render.js (1 module)
[2026-06-14T20:42:23.199Z] [1] Web Bundled 18227ms node_modules/expo-router/entry.js (1 module)
[2026-06-14T20:42:23.420Z] [1] [expo-notifications] Listening to push token changes is not yet fully supported on web. Adding a listener will have no effect.
[2026-06-14T20:42:23.548Z] [1] λ  WARN  props.pointerEvents is deprecated. Use style.pointerEvents
[2026-06-14T20:42:23.600Z] [1] λ  LOG  { colorScheme: 'light', setColorScheme: [Function (anonymous)] } {
[2026-06-14T20:42:23.600Z] [1]   '--color-primary': '#001A3D',
[2026-06-14T20:42:23.600Z] [1]   '--color-background': '#F8F9FA',
[2026-06-14T20:42:23.600Z] [1]   '--color-surface': '#FFFFFF',
[2026-06-14T20:42:23.600Z] [1]   '--color-foreground': '#0A0F1A',
[2026-06-14T20:42:23.600Z] [1]   '--color-muted': '#6B7280',
[2026-06-14T20:42:23.600Z] [1]   '--color-border': '#E5E7EB',
[2026-06-14T20:42:23.600Z] [1]   '--color-success': '#22C55E',
[2026-06-14T20:42:23.600Z] [1]   '--color-warning': '#F59E0B',
[2026-06-14T20:42:23.600Z] [1]   '--color-error': '#EF4444'
[2026-06-14T20:42:23.600Z] [1] }
[2026-06-14T20:42:23.600Z] [1] Web node_modules/expo-router/entry.js ░░░░░░░░░░░░░░░░  0.0% (0/1)
[2026-06-14T20:42:23.600Z] [1] Web node_modules/expo-router/entry.js ░░░░░░░░░░░░░░░░  0.0% (0/1)
[2026-06-14T20:42:23.601Z] [1] Web node_modules/expo-router/entry.js ░░░░░░░░░░░░░░░░  0.0% (0/1)
[2026-06-14T20:42:23.601Z] [1] Web node_modules/expo-router/entry.js ░░░░░░░░░░░░░░░░  0.0% (0/1)
[2026-06-14T20:42:23.601Z] [1] Web node_modules/expo-router/entry.js ░░░░░░░░░░░░░░░░  0.0% (0/1)
[2026-06-14T20:42:23.601Z] [1] Web node_modules/expo-router/entry.js ░░░░░░░░░░░░░░░░  0.0% (0/1)
[2026-06-14T20:42:23.601Z] [1] Web node_modules/expo-router/entry.js ░░░░░░░░░░░░░░░░  0.0% (0/1)
[2026-06-14T20:42:23.601Z] [1] Web node_modules/expo-router/entry.js ░░░░░░░░░░░░░░░░  0.0% (0/1)
[2026-06-14T20:42:23.601Z] [1] Web node_modules/expo-router/entry.js ░░░░░░░░░░░░░░░░  0.0% (0/1)
[2026-06-14T20:42:23.601Z] [1] Web node_modules/expo-router/entry.js ░░░░░░░░░░░░░░░░  0.0% (0/1)
[2026-06-14T20:42:23.601Z] [1] Web node_modules/expo-router/entry.js ░░░░░░░░░░░░░░░░  0.0% (0/1)
[2026-06-14T20:42:23.601Z] [1] Web node_modules/expo-router/entry.js ░░░░░░░░░░░░░░░░  0.0% (0/1)
[2026-06-14T20:42:23.601Z] [1] Web node_modules/expo-router/entry.js ░░░░░░░░░░░░░░░░  0.0% (0/1)
[2026-06-14T20:42:23.601Z] [1] Web node_modules/expo-router/entry.js ░░░░░░░░░░░░░░░░  0.0% (0/1)
[2026-06-14T20:42:23.601Z] [1] Web node_modules/expo-router/entry.js ░░░░░░░░░░░░░░░░  0.0% (0/1)
[2026-06-14T20:42:23.601Z] [1] Web node_modules/expo-router/entry.js ░░░░░░░░░░░░░░░░  0.0% (0/1)
[2026-06-14T20:42:23.601Z] [1] Web node_modules/expo-router/entry.js ░░░░░░░░░░░░░░░░  0.0% (0/1)
[2026-06-14T20:42:23.601Z] [1] Web node_modules/expo-router/entry.js ░░░░░░░░░░░░░░░░  0.0% (0/1)
[2026-06-14T20:42:23.601Z] [1] Web node_modules/expo-router/entry.js ░░░░░░░░░░░░░░░░  0.0% (0/1)
[2026-06-14T20:42:23.601Z] [1] Web node_modules/expo-router/entry.js ░░░░░░░░░░░░░░░░  0.0% (0/1)
[2026-06-14T20:42:23.601Z] [1] Web node_modules/expo-router/entry.js ░░░░░░░░░░░░░░░░  0.0% (0/1)
[2026-06-14T20:42:23.601Z] [1] Web node_modules/expo-router/entry.js ░░░░░░░░░░░░░░░░  0.0% (0/1)
[2026-06-14T20:42:23.601Z] [1] Web node_modules/expo-router/entry.js ░░░░░░░░░░░░░░░░  0.0% (0/1)
[2026-06-14T20:42:23.601Z] [1] Web node_modules/expo-router/entry.js ░░░░░░░░░░░░░░░░  0.0% (0/1)
[2026-06-14T20:42:23.601Z] [1] Web node_modules/expo-router/entry.js ░░░░░░░░░░░░░░░░  0.0% (0/1)
[2026-06-14T20:42:23.601Z] [1] Web node_modules/expo-router/entry.js ░░░░░░░░░░░░░░░░  0.0% (0/1)
[2026-06-14T20:42:23.601Z] [1] Web node_modules/expo-router/entry.js ░░░░░░░░░░░░░░░░  0.0% (0/1)
[2026-06-14T20:42:23.617Z] [1] Web Bundled 18643ms node_modules/expo-router/entry.js (1 module)
[2026-06-14T20:42:24.509Z] [1] Web Bundled 18678ms node_modules/expo-router/entry.js (1 module)
[2026-06-14T20:42:24.511Z] [1] Web Bundled 18718ms node_modules/expo-router/entry.js (1 module)
[2026-06-14T20:42:24.511Z] [1] Web Bundled 18753ms node_modules/expo-router/entry.js (1 module)
[2026-06-14T20:42:24.511Z] [1] Web Bundled 18788ms node_modules/expo-router/entry.js (1 module)
[2026-06-14T20:42:24.512Z] [1] Web Bundled 18823ms node_modules/expo-router/entry.js (1 module)
[2026-06-14T20:42:24.512Z] [1] Web Bundled 18857ms node_modules/expo-router/entry.js (1 module)
[2026-06-14T20:42:24.512Z] [1] Web Bundled 18891ms node_modules/expo-router/entry.js (1 module)
[2026-06-14T20:42:24.512Z] [1] Web Bundled 18594ms node_modules/expo-router/entry.js (1 module)
[2026-06-14T20:42:24.512Z] [1] Web Bundled 17454ms node_modules/expo-router/entry.js (1 module)
[2026-06-14T20:42:24.512Z] [1] Web Bundled 16456ms node_modules/expo-router/entry.js (1 module)
[2026-06-14T20:42:24.512Z] [1] Web Bundled 11757ms node_modules/expo-router/entry.js (1 module)
[2026-06-14T20:42:24.512Z] [1] Web Bundled 9438ms node_modules/expo-router/entry.js (1 module)
[2026-06-14T20:42:24.512Z] [1] Web Bundled 8355ms node_modules/expo-router/entry.js (1 module)
[2026-06-14T20:42:24.512Z] [1] Web Bundled 7741ms node_modules/expo-router/entry.js (1 module)
[2026-06-14T20:42:24.512Z] [1] Web Bundled 7580ms node_modules/expo-router/entry.js (1 module)
[2026-06-14T20:42:24.512Z] [1] Web Bundled 7012ms node_modules/expo-router/entry.js (1 module)
[2026-06-14T20:42:24.512Z] [1] Web Bundled 6860ms node_modules/expo-router/entry.js (1 module)
[2026-06-14T20:42:24.512Z] [1] Web Bundled 6485ms node_modules/expo-router/entry.js (1 module)
[2026-06-14T20:42:24.512Z] [1] Web Bundled 6060ms node_modules/expo-router/entry.js (1 module)
[2026-06-14T20:42:24.512Z] [1] Web Bundled 5432ms node_modules/expo-router/entry.js (1 module)
[2026-06-14T20:42:24.512Z] [1] Web Bundled 5253ms node_modules/expo-router/entry.js (1 module)
[2026-06-14T20:42:24.512Z] [1] Web Bundled 4534ms node_modules/expo-router/entry.js (1 module)
[2026-06-14T20:42:24.512Z] [1] Web Bundled 4095ms node_modules/expo-router/entry.js (1 module)
[2026-06-14T20:42:24.512Z] [1] Web Bundled 2865ms node_modules/expo-router/entry.js (1 module)
[2026-06-14T20:42:24.556Z] [1] EXPO_USE_METRO_WORKSPACE_ROOT is enabled by default, use EXPO_NO_METRO_WORKSPACE_ROOT instead to disable.
[2026-06-14T20:42:24.562Z] [1] EXPO_USE_METRO_WORKSPACE_ROOT is enabled by default, use EXPO_NO_METRO_WORKSPACE_ROOT instead to disable.
[2026-06-14T20:42:24.678Z] [1] Error: Premature close
[2026-06-14T20:42:24.678Z] [1]     at onclose (node:internal/streams/end-of-stream:158:30)
[2026-06-14T20:42:24.678Z] [1]     at processTicksAndRejections (node:internal/process/task_queues:85:11)
[2026-06-14T20:42:24.678Z] [1] Error: Premature close
[2026-06-14T20:42:24.678Z] [1]     at onclose (node:internal/streams/end-of-stream:158:30)
[2026-06-14T20:42:24.678Z] [1]     at processTicksAndRejections (node:internal/process/task_queues:85:11)
[2026-06-14T20:42:24.751Z] [1] λ Bundled 53ms node_modules/expo-router/node/render.js (1 module)
[2026-06-14T20:42:24.861Z] [1] Web Bundled 2665ms node_modules/expo-router/entry.js (1 module)
[2026-06-14T20:42:24.900Z] [1] EXPO_USE_METRO_WORKSPACE_ROOT is enabled by default, use EXPO_NO_METRO_WORKSPACE_ROOT instead to disable.
[2026-06-14T20:42:24.902Z] [1] EXPO_USE_METRO_WORKSPACE_ROOT is enabled by default, use EXPO_NO_METRO_WORKSPACE_ROOT instead to disable.
[2026-06-14T20:42:25.113Z] [1] λ Bundled 55ms node_modules/expo-router/node/render.js (1 module)
[2026-06-14T20:42:25.169Z] [1] Error: Premature close
[2026-06-14T20:42:25.169Z] [1]     at onclose (node:internal/streams/end-of-stream:158:30)
[2026-06-14T20:42:25.169Z] [1]     at processTicksAndRejections (node:internal/process/task_queues:85:11)
[2026-06-14T20:42:25.527Z] [1]
[2026-06-14T20:42:25.527Z] Web Bundled 2580ms node_modules/expo-router/entry.js (1 module)
[2026-06-14T20:42:26.045Z] [1] [expo-notifications] Listening to push token changes is not yet fully supported on web. Adding a listener will have no effect.
[2026-06-14T20:42:26.082Z] [1]
[2026-06-14T20:42:26.083Z] λ  LOG  { colorScheme: 'light', setColorScheme: [Function (anonymous)] } {
[2026-06-14T20:42:26.083Z] [1]   '--color-primary': '#001A3D',
[2026-06-14T20:42:26.083Z] [1]   '--color-background': '#F8F9FA',
[2026-06-14T20:42:26.083Z] [1]   '--color-surface': '#FFFFFF',
[2026-06-14T20:42:26.083Z] [1]   '--color-foreground': '#0A0F1A',
[2026-06-14T20:42:26.083Z] [1]   '--color-muted': '#6B7280',
[2026-06-14T20:42:26.084Z] [1]   '--color-border': '#E5E7EB',
[2026-06-14T20:42:26.084Z] [1]   '--color-success': '#22C55E',
[2026-06-14T20:42:26.084Z] [1]   '--color-warning': '#F59E0B',
[2026-06-14T20:42:26.084Z] [1]   '--color-error': '#EF4444'
[2026-06-14T20:42:26.084Z] [1] }
[2026-06-14T20:42:26.357Z] [1] λ  WARN  props.pointerEvents is deprecated. Use style.pointerEvents
[2026-06-14T20:42:26.389Z] [1] Web node_modules/expo-router/entry.js ░░░░░░░░░░░░░░░░  0.0% (0/1)
[2026-06-14T20:42:26.390Z] [1] Web node_modules/expo-router/entry.js ░░░░░░░░░░░░░░░░  0.0% (0/1)
[2026-06-14T20:42:26.390Z] [1] Web node_modules/expo-router/entry.js ░░░░░░░░░░░░░░░░  0.0% (0/1)
[2026-06-14T20:42:26.390Z] [1]
[2026-06-14T20:42:26.391Z] Error: Premature close
[2026-06-14T20:42:26.391Z] [1]     at onclose (node:internal/streams/end-of-stream:158:30)
[2026-06-14T20:42:26.391Z] [1]     at processTicksAndRejections (node:internal/process/task_queues:85:11)
[2026-06-14T20:42:26.567Z] [1] [expo-notifications] Listening to push token changes is not yet fully supported on web. Adding a listener will have no effect.
[2026-06-14T20:42:26.607Z] [1] λ  LOG  { colorScheme: 'light', setColorScheme: [Function (anonymous)] } {
[2026-06-14T20:42:26.607Z] [1]   '--color-primary': '#001A3D',
[2026-06-14T20:42:26.607Z] [1]   '--color-background': '#F8F9FA',
[2026-06-14T20:42:26.607Z] [1]   '--color-surface': '#FFFFFF',
[2026-06-14T20:42:26.607Z] [1]   '--color-foreground': '#0A0F1A',
[2026-06-14T20:42:26.607Z] [1]   '--color-muted': '#6B7280',
[2026-06-14T20:42:26.607Z] [1]   '--color-border': '#E5E7EB',
[2026-06-14T20:42:26.607Z] [1]   '--color-success': '#22C55E',
[2026-06-14T20:42:26.607Z] [1]   '--color-warning': '#F59E0B',
[2026-06-14T20:42:26.607Z] [1]   '--color-error': '#EF4444'
[2026-06-14T20:42:26.607Z] [1] }
[2026-06-14T20:42:26.727Z] [1] λ  WARN  props.pointerEvents is deprecated. Use style.pointerEvents
[2026-06-14T20:42:26.753Z] [1] Web node_modules/expo-router/entry.js ░░░░░░░░░░░░░░░░  0.0% (0/1)
[2026-06-14T20:42:26.754Z] [1] Web node_modules/expo-router/entry.js ░░░░░░░░░░░░░░░░  0.0% (0/1)
[2026-06-14T20:42:26.754Z] [1] Web node_modules/expo-router/entry.js ░░░░░░░░░░░░░░░░  0.0% (0/1)
[2026-06-14T20:42:26.763Z] [1] Web Bundled 2200ms node_modules/expo-router/entry.js (1 module)
[2026-06-14T20:42:26.810Z] [1] Error: Premature close
[2026-06-14T20:42:26.810Z] [1]     at onclose (node:internal/streams/end-of-stream:158:30)
[2026-06-14T20:42:26.811Z] [1]     at processTicksAndRejections (node:internal/process/task_queues:85:11)
[2026-06-14T20:42:26.885Z] [1] Web Bundled 1908ms node_modules/expo-router/entry.js (1 module)
[2026-06-14T20:42:28.657Z] [1] Web Bundled 3923ms node_modules/expo-router/entry.js (1516 modules)
[2026-06-14T20:42:28.740Z] [1] Web Bundled 1531ms node_modules/expo-router/entry.js (1 module)
[2026-06-14T20:42:30.645Z] [1]  LOG  [web] Logs will appear in the browser console
[2026-06-14T20:42:33.498Z] [1] EXPO_USE_METRO_WORKSPACE_ROOT is enabled by default, use EXPO_NO_METRO_WORKSPACE_ROOT instead to disable.
[2026-06-14T20:42:33.500Z] [1] EXPO_USE_METRO_WORKSPACE_ROOT is enabled by default, use EXPO_NO_METRO_WORKSPACE_ROOT instead to disable.
[2026-06-14T20:42:33.559Z] [1] λ Bundled 57ms node_modules/expo-router/node/render.js (1 module)
[2026-06-14T20:42:33.722Z] [1]  LOG  [web] Logs will appear in the browser console
[2026-06-14T20:42:33.773Z] [1] Web node_modules/expo-router/entry.js ░░░░░░░░░░░░░░░░  0.0% (0/1)
[2026-06-14T20:42:34.056Z] [1] [expo-notifications] Listening to push token changes is not yet fully supported on web. Adding a listener will have no effect.
[2026-06-14T20:42:34.090Z] [1] λ  LOG  { colorScheme: 'light', setColorScheme: [Function (anonymous)] } {
[2026-06-14T20:42:34.090Z] [1]   '--color-primary': '#001A3D',
[2026-06-14T20:42:34.090Z] [1]   '--color-background': '#F8F9FA',
[2026-06-14T20:42:34.090Z] [1]   '--color-surface': '#FFFFFF',
[2026-06-14T20:42:34.090Z] [1]   '--color-foreground': '#0A0F1A',
[2026-06-14T20:42:34.090Z] [1]   '--color-muted': '#6B7280',
[2026-06-14T20:42:34.090Z] [1]   '--color-border': '#E5E7EB',
[2026-06-14T20:42:34.090Z] [1]   '--color-success': '#22C55E',
[2026-06-14T20:42:34.090Z] [1]   '--color-warning': '#F59E0B',
[2026-06-14T20:42:34.090Z] [1]   '--color-error': '#EF4444'
[2026-06-14T20:42:34.090Z] [1] }
[2026-06-14T20:42:34.165Z] [1] λ  WARN  props.pointerEvents is deprecated. Use style.pointerEvents
[2026-06-14T20:42:34.180Z] [1] Web node_modules/expo-router/entry.js ░░░░░░░░░░░░░░░░  0.0% (0/1)
[2026-06-14T20:42:34.186Z] [1] Web Bundled 684ms node_modules/expo-router/entry.js (1 module)
[2026-06-14T20:43:02.099Z] [1] Unable to resolve "expo-sharing" from "app/receipt.tsx"
[2026-06-14T20:43:02.099Z] [1] [0m [90m 19 |[39m [36mimport[39m [33m*[39m [36mas[39m [33mHaptics[39m [36mfrom[39m [32m"expo-haptics"[39m[33m;[39m
[2026-06-14T20:43:02.099Z] [1]  [90m 20 |[39m [36mimport[39m [33m*[39m [36mas[39m [33mFileSystem[39m [36mfrom[39m [32m"expo-file-system/legacy"[39m[33m;[39m
[2026-06-14T20:43:02.099Z] [1] [31m[1m>[22m[39m[90m 21 |[39m [36mimport[39m [33m*[39m [36mas[39m [33mSharing[39m [36mfrom[39m [32m"expo-sharing"[39m[33m;[39m
[2026-06-14T20:43:02.099Z] [1]  [90m    |[39m                           [31m[1m^[22m[39m
[2026-06-14T20:43:02.099Z] [1]  [90m 22 |[39m
[2026-06-14T20:43:02.099Z] [1]  [90m 23 |[39m [36mconst[39m [33mAPI_BASE[39m [33m=[39m [32m"http://127.0.0.1:3000"[39m[33m;[39m
[2026-06-14T20:43:02.099Z] [1]  [90m 24 |[39m[0m
[2026-06-14T20:43:02.099Z] [1]
[2026-06-14T20:43:02.099Z] [1] Import stack:
[2026-06-14T20:43:02.099Z] [1]
[2026-06-14T20:43:02.100Z] [1]  app/receipt.tsx
[2026-06-14T20:43:02.100Z] [1]  | import "expo-sharing"
[2026-06-14T20:43:02.100Z] [1]
[2026-06-14T20:43:02.100Z] [1]  app (require.context)
[2026-06-14T20:43:02.100Z] [1]
[2026-06-14T20:43:14.170Z] [1] Unable to resolve "expo-sharing" from "app/receipt.tsx"
[2026-06-14T20:43:14.171Z] [1] [0m [90m 19 |[39m [36mimport[39m [33m*[39m [36mas[39m [33mHaptics[39m [36mfrom[39m [32m"expo-haptics"[39m[33m;[39m
[2026-06-14T20:43:14.171Z] [1]  [90m 20 |[39m [36mimport[39m [33m*[39m [36mas[39m [33mFileSystem[39m [36mfrom[39m [32m"expo-file-system/legacy"[39m[33m;[39m
[2026-06-14T20:43:14.171Z] [1] [31m[1m>[22m[39m[90m 21 |[39m [36mimport[39m [33m*[39m [36mas[39m [33mSharing[39m [36mfrom[39m [32m"expo-sharing"[39m[33m;[39m
[2026-06-14T20:43:14.171Z] [1]  [90m    |[39m                           [31m[1m^[22m[39m
[2026-06-14T20:43:14.171Z] [1]  [90m 22 |[39m
[2026-06-14T20:43:14.171Z] [1]  [90m 23 |[39m [36mconst[39m [33mAPI_BASE[39m [33m=[39m [32m"http://127.0.0.1:3000"[39m[33m;[39m
[2026-06-14T20:43:14.171Z] [1]  [90m 24 |[39m[0m
[2026-06-14T20:43:14.171Z] [1]
[2026-06-14T20:43:14.171Z] [1] Import stack:
[2026-06-14T20:43:14.171Z] [1]
[2026-06-14T20:43:14.171Z] [1]  app/receipt.tsx
[2026-06-14T20:43:14.171Z] [1]  | import "expo-sharing"
[2026-06-14T20:43:14.171Z] [1]
[2026-06-14T20:43:14.171Z] [1]  app (require.context)
[2026-06-14T20:43:14.171Z] [1]
[2026-06-14T20:43:18.286Z] [1] Unable to resolve "expo-sharing" from "app/receipt.tsx"
[2026-06-14T20:43:18.286Z] [1] [0m [90m 19 |[39m [36mimport[39m [33m*[39m [36mas[39m [33mHaptics[39m [36mfrom[39m [32m"expo-haptics"[39m[33m;[39m
[2026-06-14T20:43:18.286Z] [1]  [90m 20 |[39m [36mimport[39m [33m*[39m [36mas[39m [33mFileSystem[39m [36mfrom[39m [32m"expo-file-system/legacy"[39m[33m;[39m
[2026-06-14T20:43:18.286Z] [1] [31m[1m>[22m[39m[90m 21 |[39m [36mimport[39m [33m*[39m [36mas[39m [33mSharing[39m [36mfrom[39m [32m"expo-sharing"[39m[33m;[39m
[2026-06-14T20:43:18.286Z] [1]  [90m    |[39m                           [31m[1m^[22m[39m
[2026-06-14T20:43:18.286Z] [1]  [90m 22 |[39m
[2026-06-14T20:43:18.286Z] [1]  [90m 23 |[39m [36mconst[39m [33mAPI_BASE[39m [33m=[39m [32m"http://127.0.0.1:3000"[39m[33m;[39m
[2026-06-14T20:43:18.286Z] [1]  [90m 24 |[39m[0m
[2026-06-14T20:43:18.286Z] [1]
[2026-06-14T20:43:18.286Z] [1] Import stack:
[2026-06-14T20:43:18.286Z] [1]
[2026-06-14T20:43:18.286Z] [1]  app/receipt.tsx
[2026-06-14T20:43:18.286Z] [1]  | import "expo-sharing"
[2026-06-14T20:43:18.286Z] [1]
[2026-06-14T20:43:18.286Z] [1]  app (require.context)
[2026-06-14T20:43:18.286Z] [1]
[2026-06-14T20:43:23.403Z] [1] EXPO_USE_METRO_WORKSPACE_ROOT is enabled by default, use EXPO_NO_METRO_WORKSPACE_ROOT instead to disable.
[2026-06-14T20:43:23.405Z] [1] EXPO_USE_METRO_WORKSPACE_ROOT is enabled by default, use EXPO_NO_METRO_WORKSPACE_ROOT instead to disable.
[2026-06-14T20:43:23.407Z] [1] Web node_modules/expo-router/entry.js ░░░░░░░░░░░░░░░░  0.0% (0/1)
[2026-06-14T20:43:24.044Z] [1] EXPO_USE_METRO_WORKSPACE_ROOT is enabled by default, use EXPO_NO_METRO_WORKSPACE_ROOT instead to disable.
[2026-06-14T20:43:24.046Z] [1] EXPO_USE_METRO_WORKSPACE_ROOT is enabled by default, use EXPO_NO_METRO_WORKSPACE_ROOT instead to disable.
[2026-06-14T20:43:25.958Z] [1] λ Bundled 2551ms node_modules/expo-router/node/render.js (1 module)
[2026-06-14T20:43:26.185Z] [1] λ Bundled 1963ms node_modules/expo-router/node/render.js (1 module)
[2026-06-14T20:43:26.907Z] [1] [expo-notifications] Listening to push token changes is not yet fully supported on web. Adding a listener will have no effect.
[2026-06-14T20:43:27.047Z] [1] λ  LOG  { colorScheme: 'light', setColorScheme: [Function (anonymous)] } {
[2026-06-14T20:43:27.047Z] [1]   '--color-primary': '#001A3D',
[2026-06-14T20:43:27.047Z] [1]   '--color-background': '#F8F9FA',
[2026-06-14T20:43:27.047Z] [1]   '--color-surface': '#FFFFFF',
[2026-06-14T20:43:27.047Z] [1]   '--color-foreground': '#0A0F1A',
[2026-06-14T20:43:27.047Z] [1]   '--color-muted': '#6B7280',
[2026-06-14T20:43:27.047Z] [1]   '--color-border': '#E5E7EB',
[2026-06-14T20:43:27.047Z] [1]   '--color-success': '#22C55E',
[2026-06-14T20:43:27.047Z] [1]   '--color-warning': '#F59E0B',
[2026-06-14T20:43:27.048Z] [1]   '--color-error': '#EF4444'
[2026-06-14T20:43:27.048Z] [1] }
[2026-06-14T20:43:27.146Z] [1] λ  WARN  props.pointerEvents is deprecated. Use style.pointerEvents
[2026-06-14T20:43:27.177Z] [1] Web node_modules/expo-router/entry.js ░░░░░░░░░░░░░░░░  0.0% (0/1)
[2026-06-14T20:43:27.177Z] [1] Web node_modules/expo-router/entry.js ░░░░░░░░░░░░░░░░  0.0% (0/1)
[2026-06-14T20:43:27.297Z] [1] [expo-notifications] Listening to push token changes is not yet fully supported on web. Adding a listener will have no effect.
[2026-06-14T20:43:27.334Z] [1] λ  LOG  { colorScheme: 'light', setColorScheme: [Function (anonymous)] } {
[2026-06-14T20:43:27.334Z] [1]   '--color-primary': '#001A3D',
[2026-06-14T20:43:27.334Z] [1]   '--color-background': '#F8F9FA',
[2026-06-14T20:43:27.334Z] [1]   '--color-surface': '#FFFFFF',
[2026-06-14T20:43:27.334Z] [1]   '--color-foreground': '#0A0F1A',
[2026-06-14T20:43:27.334Z] [1]   '--color-muted': '#6B7280',
[2026-06-14T20:43:27.334Z] [1]   '--color-border': '#E5E7EB',
[2026-06-14T20:43:27.334Z] [1]   '--color-success': '#22C55E',
[2026-06-14T20:43:27.334Z] [1]   '--color-warning': '#F59E0B',
[2026-06-14T20:43:27.334Z] [1]   '--color-error': '#EF4444'
[2026-06-14T20:43:27.334Z] [1] }
[2026-06-14T20:43:27.408Z] [1] λ  WARN  props.pointerEvents is deprecated. Use style.pointerEvents
[2026-06-14T20:43:27.433Z] [1] Web node_modules/expo-router/entry.js ░░░░░░░░░░░░░░░░  0.0% (0/1)
[2026-06-14T20:43:27.433Z] [1] Web node_modules/expo-router/entry.js ░░░░░░░░░░░░░░░░  0.0% (0/1)
[2026-06-14T20:43:27.449Z] [1] Web Bundled 4041ms node_modules/expo-router/entry.js (1 module)
[2026-06-14T20:43:27.521Z] [1]
[2026-06-14T20:43:27.521Z] Error: Premature close
[2026-06-14T20:43:27.521Z] [1]     at onclose (node:internal/streams/end-of-stream:158:30)
[2026-06-14T20:43:27.521Z] [1]     at processTicksAndRejections (node:internal/process/task_queues:85:11)
[2026-06-14T20:43:27.521Z] [1]
[2026-06-14T20:43:27.521Z] Web Bundled 3433ms node_modules/expo-router/entry.js (1 module)
[2026-06-14T20:43:27.890Z] [1] Web Bundled 71ms node_modules/expo-router/entry.js (1 module)
[2026-06-14T20:43:29.719Z] [1] /home/ubuntu/aldwych-mobile-app/node_modules/@expo/cli/build/src/utils/errors.js:130
[2026-06-14T20:43:29.720Z] [1]     throw error;
[2026-06-14T20:43:29.720Z] [1]     ^
[2026-06-14T20:43:29.720Z] [1]
[2026-06-14T20:43:29.720Z] [1] Error: ENOENT: no such file or directory, watch '/home/ubuntu/aldwych-mobile-app/node_modules/metro-source-map_tmp_21422'
[2026-06-14T20:43:29.720Z] [1]     at FSWatcher.<computed> (node:internal/fs/watchers:247:19)
[2026-06-14T20:43:29.720Z] [1]     at Object.watch (node:fs:2550:36)
[2026-06-14T20:43:29.720Z] [1]     at FallbackWatcher._watchdir (/home/ubuntu/aldwych-mobile-app/node_modules/metro-file-map/src/watchers/FallbackWatcher.js:119:33)
[2026-06-14T20:43:29.720Z] [1]     at /home/ubuntu/aldwych-mobile-app/node_modules/metro-file-map/src/watchers/FallbackWatcher.js:219:22
[2026-06-14T20:43:29.720Z] [1]     at Walker.<anonymous> (/home/ubuntu/aldwych-mobile-app/node_modules/metro-file-map/src/watchers/FallbackWatcher.js:358:5)
[2026-06-14T20:43:29.720Z] [1]     at Walker.emit (node:events:524:28)
[2026-06-14T20:43:29.720Z] [1]     at /home/ubuntu/aldwych-mobile-app/node_modules/walker/lib/walker.js:69:16
[2026-06-14T20:43:29.720Z] [1]     at FSReqCallback.oncomplete (node:fs:188:23)
[2026-06-14T20:43:29.720Z] [1]     at FSReqCallback.callbackTrampoline (node:internal/async_hooks:130:17) {
[2026-06-14T20:43:29.720Z] [1]   errno: -2,
[2026-06-14T20:43:29.720Z] [1]   syscall: 'watch',
[2026-06-14T20:43:29.720Z] [1]   code: 'ENOENT',
[2026-06-14T20:43:29.720Z] [1]   path: '/home/ubuntu/aldwych-mobile-app/node_modules/metro-source-map_tmp_21422',
[2026-06-14T20:43:29.720Z] [1]   filename: '/home/ubuntu/aldwych-mobile-app/node_modules/metro-source-map_tmp_21422'
[2026-06-14T20:43:29.721Z] [1] }
[2026-06-14T20:43:29.721Z] [1]
[2026-06-14T20:43:29.721Z] [1] Node.js v22.13.0
[2026-06-14T20:43:29.921Z] [1]
[2026-06-14T20:43:29.921Z] ELIFECYCLE  Command failed with exit code 7.
[2026-06-14T20:43:29.969Z] [1] pnpm dev:metro exited with code 7
[2026-06-14T20:43:29.971Z] --> Sending SIGTERM to other processes..
[2026-06-14T20:43:30.059Z] [0]  ELIFECYCLE  Command failed.
[2026-06-14T20:43:30.115Z] [0] 8:43:30 PM [tsx] Previous process hasn't exited yet. Force killing...
[2026-06-14T20:43:30.126Z] [0] pnpm dev:server exited with code SIGTERM
[2026-06-14T20:43:30.134Z] ELIFECYCLE  Command failed with exit code 1.
[2026-06-14T20:43:30.182Z] Dev server exited with code 1
[2026-06-14T20:43:31.637Z] Starting dev server with command: pnpm run dev
[2026-06-14T20:43:32.974Z] > app-template@1.0.0 dev /home/ubuntu/aldwych-mobile-app
[2026-06-14T20:43:32.974Z] > concurrently -k "pnpm dev:server" "pnpm dev:metro"
[2026-06-14T20:43:33.768Z] [1]
[2026-06-14T20:43:33.768Z] [1] > app-template@1.0.0 dev:metro /home/ubuntu/aldwych-mobile-app
[2026-06-14T20:43:33.768Z] [1] > cross-env EXPO_USE_METRO_WORKSPACE_ROOT=1 npx expo start --web --port ${EXPO_PORT:-8081}
[2026-06-14T20:43:33.768Z] [1]
[2026-06-14T20:43:33.769Z] [0]
[2026-06-14T20:43:33.769Z] [0] > app-template@1.0.0 dev:server /home/ubuntu/aldwych-mobile-app
[2026-06-14T20:43:33.769Z] [0] > cross-env NODE_ENV=development tsx watch server/_core/index.ts
[2026-06-14T20:43:33.769Z] [0]
[2026-06-14T20:43:34.709Z] [1] Starting project at /home/ubuntu/aldwych-mobile-app
[2026-06-14T20:43:35.260Z] [1]
[2026-06-14T20:43:35.260Z] EXPO_USE_METRO_WORKSPACE_ROOT is enabled by default, use EXPO_NO_METRO_WORKSPACE_ROOT instead to disable.
[2026-06-14T20:43:35.752Z] [1]
[2026-06-14T20:43:35.752Z] EXPO_USE_METRO_WORKSPACE_ROOT is enabled by default, use EXPO_NO_METRO_WORKSPACE_ROOT instead to disable.
[2026-06-14T20:43:35.752Z] [1] EXPO_USE_METRO_WORKSPACE_ROOT is enabled by default, use EXPO_NO_METRO_WORKSPACE_ROOT instead to disable.
[2026-06-14T20:43:35.755Z] [1] EXPO_USE_METRO_WORKSPACE_ROOT is enabled by default, use EXPO_NO_METRO_WORKSPACE_ROOT instead to disable.
[2026-06-14T20:43:36.074Z] [1] React Compiler enabled
[2026-06-14T20:43:36.270Z] [1] Starting Metro Bundler
[2026-06-14T20:43:36.318Z] [1] EXPO_USE_METRO_WORKSPACE_ROOT is enabled by default, use EXPO_NO_METRO_WORKSPACE_ROOT instead to disable.
[2026-06-14T20:43:37.446Z] [1] EXPO_USE_METRO_WORKSPACE_ROOT is enabled by default, use EXPO_NO_METRO_WORKSPACE_ROOT instead to disable.
[2026-06-14T20:43:37.450Z] [1]
[2026-06-14T20:43:37.450Z] EXPO_USE_METRO_WORKSPACE_ROOT is enabled by default, use EXPO_NO_METRO_WORKSPACE_ROOT instead to disable.
[2026-06-14T20:43:37.959Z] [0] [OAuth] Initialized with baseURL: https://api.manus.im
[2026-06-14T20:43:38.482Z] [0] [api] server listening on port 3000
[2026-06-14T20:43:41.433Z] ELIFECYCLE  Command failed.
[2026-06-14T20:43:41.437Z] [1]
[2026-06-14T20:43:41.437Z] ELIFECYCLE  Command failed.
[2026-06-14T20:43:41.437Z] [0]
[2026-06-14T20:43:41.437Z] ELIFECYCLE  Command failed.
[2026-06-14T20:43:41.473Z] [0] 8:43:41 PM [tsx] Previous process hasn't exited yet. Force killing...
[2026-06-14T20:43:41.493Z] [0] pnpm dev:server exited with code SIGTERM
[2026-06-14T20:43:41.493Z] --> Sending SIGTERM to other processes..
[2026-06-14T20:43:42.323Z] [1] pnpm dev:metro exited with code SIGTERM
[2026-06-14T20:43:42.947Z] Lockfile is up to date, resolution step is skipped
[2026-06-14T20:43:43.460Z] Dev server exited with code -1
[2026-06-14T20:43:44.499Z] Starting dev server with command: pnpm run dev
[2026-06-14T20:43:45.837Z] > app-template@1.0.0 dev /home/ubuntu/aldwych-mobile-app
[2026-06-14T20:43:45.837Z] > concurrently -k "pnpm dev:server" "pnpm dev:metro"
[2026-06-14T20:43:46.629Z] [1]
[2026-06-14T20:43:46.629Z] [1] > app-template@1.0.0 dev:metro /home/ubuntu/aldwych-mobile-app
[2026-06-14T20:43:46.629Z] [1] > cross-env EXPO_USE_METRO_WORKSPACE_ROOT=1 npx expo start --web --port ${EXPO_PORT:-8081}
[2026-06-14T20:43:46.629Z] [1]
[2026-06-14T20:43:46.654Z] [0]
[2026-06-14T20:43:46.654Z] [0] > app-template@1.0.0 dev:server /home/ubuntu/aldwych-mobile-app
[2026-06-14T20:43:46.654Z] [0] > cross-env NODE_ENV=development tsx watch server/_core/index.ts
[2026-06-14T20:43:46.654Z] [0]
[2026-06-14T20:43:47.411Z] [1] Starting project at /home/ubuntu/aldwych-mobile-app
[2026-06-14T20:43:47.900Z] [1]
[2026-06-14T20:43:47.900Z] EXPO_USE_METRO_WORKSPACE_ROOT is enabled by default, use EXPO_NO_METRO_WORKSPACE_ROOT instead to disable.
[2026-06-14T20:43:48.301Z] [1]
[2026-06-14T20:43:48.302Z] EXPO_USE_METRO_WORKSPACE_ROOT is enabled by default, use EXPO_NO_METRO_WORKSPACE_ROOT instead to disable.
[2026-06-14T20:43:48.302Z] [1]
[2026-06-14T20:43:48.302Z] EXPO_USE_METRO_WORKSPACE_ROOT is enabled by default, use EXPO_NO_METRO_WORKSPACE_ROOT instead to disable.
[2026-06-14T20:43:48.305Z] [1] EXPO_USE_METRO_WORKSPACE_ROOT is enabled by default, use EXPO_NO_METRO_WORKSPACE_ROOT instead to disable.
[2026-06-14T20:43:48.614Z] [1] React Compiler enabled
[2026-06-14T20:43:48.767Z] [1] Starting Metro Bundler
[2026-06-14T20:43:48.804Z] [1] EXPO_USE_METRO_WORKSPACE_ROOT is enabled by default, use EXPO_NO_METRO_WORKSPACE_ROOT instead to disable.
[2026-06-14T20:43:50.463Z] [0] [OAuth] Initialized with baseURL: https://api.manus.im
[2026-06-14T20:43:50.761Z] [1] EXPO_USE_METRO_WORKSPACE_ROOT is enabled by default, use EXPO_NO_METRO_WORKSPACE_ROOT instead to disable.
[2026-06-14T20:43:50.763Z] [1] EXPO_USE_METRO_WORKSPACE_ROOT is enabled by default, use EXPO_NO_METRO_WORKSPACE_ROOT instead to disable.
[2026-06-14T20:43:50.907Z] [0] [api] server listening on port 3000
[2026-06-14T20:43:56.612Z] [1] Web node_modules/expo-router/entry.js ░░░░░░░░░░░░░░░░  0.0% (0/1)
[2026-06-14T20:43:56.612Z] [1] λ node_modules/expo-router/node/render.js ░░░░░░░░░░░░░░░░  0.0% (0/1)
[2026-06-14T20:43:56.621Z] [1] The following packages should be updated for best compatibility with the installed expo version:
[2026-06-14T20:43:56.622Z] [1]   expo@54.0.29 - expected version: ~54.0.35
[2026-06-14T20:43:56.622Z] [1]   expo-audio@1.1.0 - expected version: ~1.1.1
[2026-06-14T20:43:56.622Z] [1]   expo-constants@18.0.12 - expected version: ~18.0.13
[2026-06-14T20:43:56.622Z] [1]   expo-device@56.0.4 - expected version: ~8.0.10
[2026-06-14T20:43:56.622Z] [1]   expo-file-system@56.0.8 - expected version: ~19.0.23
[2026-06-14T20:43:56.622Z] [1]   expo-font@14.0.10 - expected version: ~14.0.12
[2026-06-14T20:43:56.622Z] [1]   expo-linking@8.0.10 - expected version: ~8.0.12
[2026-06-14T20:43:56.622Z] [1]   expo-local-authentication@56.0.4 - expected version: ~17.0.8
[2026-06-14T20:43:56.622Z] [1]
[2026-06-14T20:43:56.622Z] expo-notifications@0.32.15 - expected version: ~0.32.17
[2026-06-14T20:43:56.622Z] [1]   expo-router@6.0.19 - expected version: ~6.0.24
[2026-06-14T20:43:56.622Z] [1]   expo-sharing@56.0.17 - expected version: ~14.0.8
[2026-06-14T20:43:56.623Z] [1]   expo-splash-screen@31.0.12 - expected version: ~31.0.13
[2026-06-14T20:43:56.623Z] [1]   expo-video@3.0.15 - expected version: ~3.0.16
[2026-06-14T20:43:56.623Z] [1]   expo-web-browser@15.0.10 - expected version: ~15.0.11
[2026-06-14T20:43:56.623Z] [1] Your project may not work correctly until you install the expected versions of the packages.
[2026-06-14T20:43:56.632Z] [1] Waiting on http://localhost:8081
[2026-06-14T20:43:56.632Z] [1] Logs for your project will appear below.
[2026-06-14T20:43:56.633Z] [1] Web node_modules/expo-router/entry.js ░░░░░░░░░░░░░░░░  0.0% (0/1)
[2026-06-14T20:43:56.633Z] [1] λ node_modules/expo-router/node/render.js ░░░░░░░░░░░░░░░░  0.0% (0/1)
[2026-06-14T20:43:57.134Z] [1] EXPO_USE_METRO_WORKSPACE_ROOT is enabled by default, use EXPO_NO_METRO_WORKSPACE_ROOT instead to disable.
[2026-06-14T20:43:57.135Z] [1] EXPO_USE_METRO_WORKSPACE_ROOT is enabled by default, use EXPO_NO_METRO_WORKSPACE_ROOT instead to disable.
[2026-06-14T20:43:59.710Z] [1] λ Bundled 3142ms node_modules/expo-router/node/render.js (1412 modules)
[2026-06-14T20:44:00.030Z] [1] λ Bundled 2892ms node_modules/expo-router/node/render.js (1 module)
[2026-06-14T20:44:02.056Z] [1] [expo-notifications] Listening to push token changes is not yet fully supported on web. Adding a listener will have no effect.
[2026-06-14T20:44:02.317Z] [1] λ  WARN  props.pointerEvents is deprecated. Use style.pointerEvents
[2026-06-14T20:44:02.389Z] [1] Web node_modules/expo-router/entry.js ▓▓▓▓▓▓▓▓▓▓▓▓▓▓▓░ 96.4% (1507/1535)
[2026-06-14T20:44:02.389Z] [1] Web node_modules/expo-router/entry.js ░░░░░░░░░░░░░░░░  0.0% (0/1)
[2026-06-14T20:44:02.389Z] [1] λ node_modules/expo-router/node/render.js ░░░░░░░░░░░░░░░░  0.0% (0/1)
[2026-06-14T20:44:02.389Z] [1] λ  LOG  { colorScheme: 'light', setColorScheme: [Function (anonymous)] } {
[2026-06-14T20:44:02.389Z] [1]   '--color-primary': '#001A3D',
[2026-06-14T20:44:02.389Z] [1]   '--color-background': '#F8F9FA',
[2026-06-14T20:44:02.389Z] [1]   '--color-surface': '#FFFFFF',
[2026-06-14T20:44:02.389Z] [1]   '--color-foreground': '#0A0F1A',
[2026-06-14T20:44:02.389Z] [1]   '--color-muted': '#6B7280',
[2026-06-14T20:44:02.389Z] [1]   '--color-border': '#E5E7EB',
[2026-06-14T20:44:02.389Z] [1]   '--color-success': '#22C55E',
[2026-06-14T20:44:02.389Z] [1]   '--color-warning': '#F59E0B',
[2026-06-14T20:44:02.389Z] [1]   '--color-error': '#EF4444'
[2026-06-14T20:44:02.389Z] [1] }
[2026-06-14T20:44:02.389Z] [1] Web node_modules/expo-router/entry.js ▓▓▓▓▓▓▓▓▓▓▓▓▓▓▓░ 96.4% (1507/1535)
[2026-06-14T20:44:02.389Z] [1] Web node_modules/expo-router/entry.js ░░░░░░░░░░░░░░░░  0.0% (0/1)
[2026-06-14T20:44:02.576Z] [1] [expo-notifications] Listening to push token changes is not yet fully supported on web. Adding a listener will have no effect.
[2026-06-14T20:44:02.614Z] [1] λ  LOG  { colorScheme: 'light', setColorScheme: [Function (anonymous)] } {
[2026-06-14T20:44:02.614Z] [1]   '--color-primary': '#001A3D',
[2026-06-14T20:44:02.614Z] [1]   '--color-background': '#F8F9FA',
[2026-06-14T20:44:02.614Z] [1]   '--color-surface': '#FFFFFF',
[2026-06-14T20:44:02.614Z] [1]   '--color-foreground': '#0A0F1A',
[2026-06-14T20:44:02.614Z] [1]   '--color-muted': '#6B7280',
[2026-06-14T20:44:02.615Z] [1]   '--color-border': '#E5E7EB',
[2026-06-14T20:44:02.615Z] [1]   '--color-success': '#22C55E',
[2026-06-14T20:44:02.615Z] [1]   '--color-warning': '#F59E0B',
[2026-06-14T20:44:02.615Z] [1]   '--color-error': '#EF4444'
[2026-06-14T20:44:02.615Z] [1] }
[2026-06-14T20:44:02.689Z] [1] λ  WARN  props.pointerEvents is deprecated. Use style.pointerEvents
[2026-06-14T20:44:02.762Z] [1] Web node_modules/expo-router/entry.js ▓▓▓▓▓▓▓▓▓▓▓▓▓▓▓░ 96.5% (1508/1535)
[2026-06-14T20:44:02.762Z] [1] Web node_modules/expo-router/entry.js ░░░░░░░░░░░░░░░░  0.0% (0/1)
[2026-06-14T20:44:03.015Z] [1] Web Bundled 6449ms node_modules/expo-router/entry.js (1 module)
[2026-06-14T20:44:03.051Z] [1] Error: Premature close
[2026-06-14T20:44:03.051Z] [1]     at onclose (node:internal/streams/end-of-stream:158:30)
[2026-06-14T20:44:03.051Z] [1]     at processTicksAndRejections (node:internal/process/task_queues:85:11)
[2026-06-14T20:44:03.089Z] [1] Web Bundled 5914ms node_modules/expo-router/entry.js (1 module)
[2026-06-14T20:44:03.780Z] [1] EXPO_USE_METRO_WORKSPACE_ROOT is enabled by default, use EXPO_NO_METRO_WORKSPACE_ROOT instead to disable.
[2026-06-14T20:44:03.782Z] [1] EXPO_USE_METRO_WORKSPACE_ROOT is enabled by default, use EXPO_NO_METRO_WORKSPACE_ROOT instead to disable.
[2026-06-14T20:44:03.965Z] [1] λ Bundled 50ms node_modules/expo-router/node/render.js (1 module)
[2026-06-14T20:44:04.158Z] [1] [expo-notifications] Listening to push token changes is not yet fully supported on web. Adding a listener will have no effect.
[2026-06-14T20:44:04.194Z] [1] λ  LOG  { colorScheme: 'light', setColorScheme: [Function (anonymous)] } {
[2026-06-14T20:44:04.194Z] [1]   '--color-primary': '#001A3D',
[2026-06-14T20:44:04.194Z] [1]   '--color-background': '#F8F9FA',
[2026-06-14T20:44:04.194Z] [1]   '--color-surface': '#FFFFFF',
[2026-06-14T20:44:04.195Z] [1]   '--color-foreground': '#0A0F1A',
[2026-06-14T20:44:04.195Z] [1]   '--color-muted': '#6B7280',
[2026-06-14T20:44:04.195Z] [1]   '--color-border': '#E5E7EB',
[2026-06-14T20:44:04.195Z] [1]   '--color-success': '#22C55E',
[2026-06-14T20:44:04.195Z] [1]   '--color-warning': '#F59E0B',
[2026-06-14T20:44:04.195Z] [1]   '--color-error': '#EF4444'
[2026-06-14T20:44:04.195Z] [1] }
[2026-06-14T20:44:04.268Z] [1] λ  WARN  props.pointerEvents is deprecated. Use style.pointerEvents
[2026-06-14T20:44:04.293Z] [1] Web node_modules/expo-router/entry.js ░░░░░░░░░░░░░░░░  0.0% (0/1)
[2026-06-14T20:44:04.293Z] [1] Web node_modules/expo-router/entry.js ░░░░░░░░░░░░░░░░  0.0% (0/1)
[2026-06-14T20:44:04.311Z] [1] Web Bundled 527ms node_modules/expo-router/entry.js (1 module)
[2026-06-14T20:44:05.478Z] [1] Web Bundled 2371ms node_modules/expo-router/entry.js (1549 modules)
[2026-06-14T20:44:06.115Z] [1]  LOG  [web] Logs will appear in the browser console
[2026-06-14T20:44:08.216Z] [1] EXPO_USE_METRO_WORKSPACE_ROOT is enabled by default, use EXPO_NO_METRO_WORKSPACE_ROOT instead to disable.
[2026-06-14T20:44:08.218Z] [1] EXPO_USE_METRO_WORKSPACE_ROOT is enabled by default, use EXPO_NO_METRO_WORKSPACE_ROOT instead to disable.
[2026-06-14T20:44:08.278Z] [1] λ Bundled 57ms node_modules/expo-router/node/render.js (1 module)
[2026-06-14T20:44:08.568Z] [1] [expo-notifications] Listening to push token changes is not yet fully supported on web. Adding a listener will have no effect.
[2026-06-14T20:44:08.606Z] [1] λ  LOG  { colorScheme: 'light', setColorScheme: [Function (anonymous)] } {
[2026-06-14T20:44:08.606Z] [1]   '--color-primary': '#001A3D',
[2026-06-14T20:44:08.606Z] [1]   '--color-background': '#F8F9FA',
[2026-06-14T20:44:08.606Z] [1]   '--color-surface': '#FFFFFF',
[2026-06-14T20:44:08.606Z] [1]   '--color-foreground': '#0A0F1A',
[2026-06-14T20:44:08.606Z] [1]   '--color-muted': '#6B7280',
[2026-06-14T20:44:08.606Z] [1]   '--color-border': '#E5E7EB',
[2026-06-14T20:44:08.606Z] [1]   '--color-success': '#22C55E',
[2026-06-14T20:44:08.606Z] [1]   '--color-warning': '#F59E0B',
[2026-06-14T20:44:08.606Z] [1]   '--color-error': '#EF4444'
[2026-06-14T20:44:08.606Z] [1] }
[2026-06-14T20:44:08.683Z] [1] λ  WARN  props.pointerEvents is deprecated. Use style.pointerEvents
[2026-06-14T20:44:08.708Z] [1] Web node_modules/expo-router/entry.js ░░░░░░░░░░░░░░░░  0.0% (0/1)
[2026-06-14T20:44:08.720Z] [1] Web Bundled 500ms node_modules/expo-router/entry.js (1 module)
[2026-06-14T20:44:09.114Z] [1] Web Bundled 74ms node_modules/expo-router/entry.js (1 module)
[2026-06-14T20:44:12.493Z] [1]  LOG  [web] Logs will appear in the browser console
[2026-06-14T20:44:32.397Z] [1] EXPO_USE_METRO_WORKSPACE_ROOT is enabled by default, use EXPO_NO_METRO_WORKSPACE_ROOT instead to disable.
[2026-06-14T20:44:32.399Z] [1] EXPO_USE_METRO_WORKSPACE_ROOT is enabled by default, use EXPO_NO_METRO_WORKSPACE_ROOT instead to disable.
[2026-06-14T20:44:32.401Z] [1]
[2026-06-14T20:44:32.401Z] Web node_modules/expo-router/entry.js ░░░░░░░░░░░░░░░░  0.0% (0/1)
[2026-06-14T20:44:32.598Z] [1] λ Bundled 56ms node_modules/expo-router/node/render.js (1 module)
[2026-06-14T20:44:32.750Z] [1] [expo-notifications] Listening to push token changes is not yet fully supported on web. Adding a listener will have no effect.
[2026-06-14T20:44:32.782Z] [1] λ  LOG  { colorScheme: 'light', setColorScheme: [Function (anonymous)] } {
[2026-06-14T20:44:32.782Z] [1]   '--color-primary': '#001A3D',
[2026-06-14T20:44:32.782Z] [1]   '--color-background': '#F8F9FA',
[2026-06-14T20:44:32.782Z] [1]   '--color-surface': '#FFFFFF',
[2026-06-14T20:44:32.782Z] [1]   '--color-foreground': '#0A0F1A',
[2026-06-14T20:44:32.782Z] [1]   '--color-muted': '#6B7280',
[2026-06-14T20:44:32.782Z] [1]   '--color-border': '#E5E7EB',
[2026-06-14T20:44:32.782Z] [1]   '--color-success': '#22C55E',
[2026-06-14T20:44:32.782Z] [1]   '--color-warning': '#F59E0B',
[2026-06-14T20:44:32.782Z] [1]   '--color-error': '#EF4444'
[2026-06-14T20:44:32.783Z] [1] }
[2026-06-14T20:44:32.840Z] [1] λ  WARN  props.pointerEvents is deprecated. Use style.pointerEvents
[2026-06-14T20:44:32.911Z] [1] Web node_modules/expo-router/entry.js ░░░░░░░░░░░░░░░░  0.0% (0/1)
[2026-06-14T20:44:32.929Z] [1] Web Bundled 528ms node_modules/expo-router/entry.js (1 module)
[2026-06-14T20:44:33.226Z] [1] Web Bundled 62ms node_modules/expo-router/entry.js (1 module)
[2026-06-14T20:44:33.921Z] [1]
[2026-06-14T20:44:33.921Z] LOG  [web] Logs will appear in the browser console
[2026-06-14T20:44:52.073Z] [1] EXPO_USE_METRO_WORKSPACE_ROOT is enabled by default, use EXPO_NO_METRO_WORKSPACE_ROOT instead to disable.
[2026-06-14T20:44:52.074Z] [1] EXPO_USE_METRO_WORKSPACE_ROOT is enabled by default, use EXPO_NO_METRO_WORKSPACE_ROOT instead to disable.
[2026-06-14T20:44:52.076Z] [1] Web node_modules/expo-router/entry.js ░░░░░░░░░░░░░░░░  0.0% (0/1)
[2026-06-14T20:44:52.276Z] [1] λ Bundled 56ms node_modules/expo-router/node/render.js (1 module)
[2026-06-14T20:44:52.453Z] [1] [expo-notifications] Listening to push token changes is not yet fully supported on web. Adding a listener will have no effect.
[2026-06-14T20:44:52.489Z] [1] λ  LOG  { colorScheme: 'light', setColorScheme: [Function (anonymous)] } {
[2026-06-14T20:44:52.489Z] [1]   '--color-primary': '#001A3D',
[2026-06-14T20:44:52.489Z] [1]   '--color-background': '#F8F9FA',
[2026-06-14T20:44:52.489Z] [1]   '--color-surface': '#FFFFFF',
[2026-06-14T20:44:52.489Z] [1]   '--color-foreground': '#0A0F1A',
[2026-06-14T20:44:52.489Z] [1]   '--color-muted': '#6B7280',
[2026-06-14T20:44:52.489Z] [1]   '--color-border': '#E5E7EB',
[2026-06-14T20:44:52.489Z] [1]   '--color-success': '#22C55E',
[2026-06-14T20:44:52.489Z] [1]   '--color-warning': '#F59E0B',
[2026-06-14T20:44:52.489Z] [1]   '--color-error': '#EF4444'
[2026-06-14T20:44:52.489Z] [1] }
[2026-06-14T20:44:52.568Z] [1] λ  WARN  props.pointerEvents is deprecated. Use style.pointerEvents
[2026-06-14T20:44:52.586Z] [1] Web node_modules/expo-router/entry.js ░░░░░░░░░░░░░░░░  0.0% (0/1)
[2026-06-14T20:44:52.608Z] [1] Web Bundled 532ms node_modules/expo-router/entry.js (1 module)
[2026-06-14T20:44:52.973Z] [1] Web Bundled 60ms node_modules/expo-router/entry.js (1 module)
[2026-06-14T20:44:55.871Z] [0]  ELIFECYCLE  Command failed.
[2026-06-14T20:44:55.871Z] [1]  ELIFECYCLE  Command failed.
[2026-06-14T20:44:55.873Z] ELIFECYCLE  Command failed.
[2026-06-14T20:44:55.885Z] [0] 8:44:55 PM [tsx] Previous process hasn't exited yet. Force killing...
[2026-06-14T20:44:55.898Z] [0] pnpm dev:server exited with code SIGTERM
[2026-06-14T20:44:55.898Z] --> Sending SIGTERM to other processes..
[2026-06-14T20:44:56.602Z] [1] pnpm dev:metro exited with code SIGTERM
[2026-06-14T20:44:57.345Z] Lockfile is up to date, resolution step is skipped
[2026-06-14T20:44:57.649Z] Progress: resolved 0, reused 1, downloaded 0, added 0
[2026-06-14T20:44:57.885Z] Dev server exited with code -1
[2026-06-14T20:44:58.921Z] Starting dev server with command: pnpm run dev
[2026-06-14T20:45:00.184Z] > app-template@1.0.0 dev /home/ubuntu/aldwych-mobile-app
[2026-06-14T20:45:00.184Z] > concurrently -k "pnpm dev:server" "pnpm dev:metro"
[2026-06-14T20:45:00.942Z] [0]
[2026-06-14T20:45:00.942Z] [0] > app-template@1.0.0 dev:server /home/ubuntu/aldwych-mobile-app
[2026-06-14T20:45:00.942Z] [0] > cross-env NODE_ENV=development tsx watch server/_core/index.ts
[2026-06-14T20:45:00.943Z] [0]
[2026-06-14T20:45:00.959Z] [1]
[2026-06-14T20:45:00.960Z] [1] > app-template@1.0.0 dev:metro /home/ubuntu/aldwych-mobile-app
[2026-06-14T20:45:00.960Z] [1] > cross-env EXPO_USE_METRO_WORKSPACE_ROOT=1 npx expo start --web --port ${EXPO_PORT:-8081}
[2026-06-14T20:45:00.960Z] [1]
[2026-06-14T20:45:01.701Z] [1]
[2026-06-14T20:45:01.701Z] Starting project at /home/ubuntu/aldwych-mobile-app
[2026-06-14T20:45:02.203Z] [1]
[2026-06-14T20:45:02.203Z] EXPO_USE_METRO_WORKSPACE_ROOT is enabled by default, use EXPO_NO_METRO_WORKSPACE_ROOT instead to disable.
[2026-06-14T20:45:02.580Z] [1]
[2026-06-14T20:45:02.581Z] EXPO_USE_METRO_WORKSPACE_ROOT is enabled by default, use EXPO_NO_METRO_WORKSPACE_ROOT instead to disable.
[2026-06-14T20:45:02.581Z] [1] EXPO_USE_METRO_WORKSPACE_ROOT is enabled by default, use EXPO_NO_METRO_WORKSPACE_ROOT instead to disable.
[2026-06-14T20:45:02.582Z] [1] EXPO_USE_METRO_WORKSPACE_ROOT is enabled by default, use EXPO_NO_METRO_WORKSPACE_ROOT instead to disable.
[2026-06-14T20:45:02.878Z] [1] React Compiler enabled
[2026-06-14T20:45:03.026Z] [1] Starting Metro Bundler
[2026-06-14T20:45:03.081Z] [1] EXPO_USE_METRO_WORKSPACE_ROOT is enabled by default, use EXPO_NO_METRO_WORKSPACE_ROOT instead to disable.
[2026-06-14T20:45:04.753Z] [0] [OAuth] Initialized with baseURL: https://api.manus.im
[2026-06-14T20:45:05.210Z] [0] [api] server listening on port 3000
[2026-06-14T20:45:08.959Z] [1] EXPO_USE_METRO_WORKSPACE_ROOT is enabled by default, use EXPO_NO_METRO_WORKSPACE_ROOT instead to disable.
[2026-06-14T20:45:08.961Z] [1] EXPO_USE_METRO_WORKSPACE_ROOT is enabled by default, use EXPO_NO_METRO_WORKSPACE_ROOT instead to disable.
[2026-06-14T20:45:11.041Z] [1]
[2026-06-14T20:45:11.041Z] Web node_modules/expo-router/entry.js ░░░░░░░░░░░░░░░░  0.0% (0/1)
[2026-06-14T20:45:11.041Z] [1] λ node_modules/expo-router/node/render.js ░░░░░░░░░░░░░░░░  0.0% (0/1)
[2026-06-14T20:45:11.051Z] [1] The following packages should be updated for best compatibility with the installed expo version:
[2026-06-14T20:45:11.051Z] [1]   expo@54.0.29 - expected version: ~54.0.35
[2026-06-14T20:45:11.051Z] [1]
[2026-06-14T20:45:11.051Z] expo-audio@1.1.0 - expected version: ~1.1.1
[2026-06-14T20:45:11.051Z] [1]
[2026-06-14T20:45:11.051Z] expo-constants@18.0.12 - expected version: ~18.0.13
[2026-06-14T20:45:11.051Z] [1]
[2026-06-14T20:45:11.051Z] expo-device@56.0.4 - expected version: ~8.0.10
[2026-06-14T20:45:11.051Z] [1]   expo-file-system@56.0.8 - expected version: ~19.0.23
[2026-06-14T20:45:11.051Z] [1]
[2026-06-14T20:45:11.051Z] expo-font@14.0.10 - expected version: ~14.0.12
[2026-06-14T20:45:11.051Z] [1]
[2026-06-14T20:45:11.051Z] expo-linking@8.0.10 - expected version: ~8.0.12
[2026-06-14T20:45:11.051Z] [1]   expo-local-authentication@56.0.4 - expected version: ~17.0.8
[2026-06-14T20:45:11.052Z] [1]   expo-notifications@0.32.15 - expected version: ~0.32.17
[2026-06-14T20:45:11.052Z] [1]   expo-router@6.0.19 - expected version: ~6.0.24
[2026-06-14T20:45:11.052Z] [1]   expo-sharing@56.0.17 - expected version: ~14.0.8
[2026-06-14T20:45:11.052Z] [1]   expo-splash-screen@31.0.12 - expected version: ~31.0.13
[2026-06-14T20:45:11.052Z] [1]   expo-video@3.0.15 - expected version: ~3.0.16
[2026-06-14T20:45:11.052Z] [1]   expo-web-browser@15.0.10 - expected version: ~15.0.11
[2026-06-14T20:45:11.052Z] [1] Your project may not work correctly until you install the expected versions of the packages.
[2026-06-14T20:45:11.059Z] [1] Waiting on http://localhost:8081
[2026-06-14T20:45:11.059Z] [1] Logs for your project will appear below.
[2026-06-14T20:45:11.059Z] [1] Web node_modules/expo-router/entry.js ░░░░░░░░░░░░░░░░  0.0% (0/1)
[2026-06-14T20:45:11.059Z] [1] λ node_modules/expo-router/node/render.js ░░░░░░░░░░░░░░░░  0.0% (0/1)
[2026-06-14T20:45:11.246Z] [1] EXPO_USE_METRO_WORKSPACE_ROOT is enabled by default, use EXPO_NO_METRO_WORKSPACE_ROOT instead to disable.
[2026-06-14T20:45:11.247Z] [1] EXPO_USE_METRO_WORKSPACE_ROOT is enabled by default, use EXPO_NO_METRO_WORKSPACE_ROOT instead to disable.
[2026-06-14T20:45:14.119Z] [1] Web Bundled 3113ms node_modules/expo-router/entry.js (1 module)
[2026-06-14T20:45:14.209Z] [1] Web Bundled 2925ms node_modules/expo-router/entry.js (1 module)
[2026-06-14T20:45:14.232Z] [1] λ Bundled 3225ms node_modules/expo-router/node/render.js (1425 modules)
[2026-06-14T20:45:16.345Z] [1] [expo-notifications] Listening to push token changes is not yet fully supported on web. Adding a listener will have no effect.
[2026-06-14T20:45:16.501Z] [1] λ  LOG  { colorScheme: 'light', setColorScheme: [Function (anonymous)] } {
[2026-06-14T20:45:16.501Z] [1]   '--color-primary': '#001A3D',
[2026-06-14T20:45:16.501Z] [1]   '--color-background': '#F8F9FA',
[2026-06-14T20:45:16.501Z] [1]   '--color-surface': '#FFFFFF',
[2026-06-14T20:45:16.502Z] [1]   '--color-foreground': '#0A0F1A',
[2026-06-14T20:45:16.502Z] [1]   '--color-muted': '#6B7280',
[2026-06-14T20:45:16.502Z] [1]   '--color-border': '#E5E7EB',
[2026-06-14T20:45:16.502Z] [1]   '--color-success': '#22C55E',
[2026-06-14T20:45:16.502Z] [1]   '--color-warning': '#F59E0B',
[2026-06-14T20:45:16.502Z] [1]   '--color-error': '#EF4444'
[2026-06-14T20:45:16.502Z] [1] }
[2026-06-14T20:45:16.609Z] [1] λ  WARN  props.pointerEvents is deprecated. Use style.pointerEvents
[2026-06-14T20:45:16.637Z] [1] λ node_modules/expo-router/node/render.js ░░░░░░░░░░░░░░░░  0.0% (0/1)
[2026-06-14T20:45:16.660Z] [1] λ Bundled 5410ms node_modules/expo-router/node/render.js (1 module)
[2026-06-14T20:45:16.913Z] [1] [expo-notifications] Listening to push token changes is not yet fully supported on web. Adding a listener will have no effect.
[2026-06-14T20:45:16.948Z] [1] λ  LOG  { colorScheme: 'light', setColorScheme: [Function (anonymous)] } {
[2026-06-14T20:45:16.948Z] [1]   '--color-primary': '#001A3D',
[2026-06-14T20:45:16.948Z] [1]   '--color-background': '#F8F9FA',
[2026-06-14T20:45:16.948Z] [1]   '--color-surface': '#FFFFFF',
[2026-06-14T20:45:16.948Z] [1]   '--color-foreground': '#0A0F1A',
[2026-06-14T20:45:16.948Z] [1]   '--color-muted': '#6B7280',
[2026-06-14T20:45:16.948Z] [1]   '--color-border': '#E5E7EB',
[2026-06-14T20:45:16.948Z] [1]   '--color-success': '#22C55E',
[2026-06-14T20:45:16.948Z] [1]   '--color-warning': '#F59E0B',
[2026-06-14T20:45:16.948Z] [1]   '--color-error': '#EF4444'
[2026-06-14T20:45:16.948Z] [1] }
[2026-06-14T20:45:17.016Z] [1] λ  WARN  props.pointerEvents is deprecated. Use style.pointerEvents
[2026-06-14T20:45:17.057Z] [1] EXPO_USE_METRO_WORKSPACE_ROOT is enabled by default, use EXPO_NO_METRO_WORKSPACE_ROOT instead to disable.
[2026-06-14T20:45:17.059Z] [1] EXPO_USE_METRO_WORKSPACE_ROOT is enabled by default, use EXPO_NO_METRO_WORKSPACE_ROOT instead to disable.
[2026-06-14T20:45:17.245Z] [1] λ Bundled 49ms node_modules/expo-router/node/render.js (1 module)
[2026-06-14T20:45:17.362Z] [1] [expo-notifications] Listening to push token changes is not yet fully supported on web. Adding a listener will have no effect.
[2026-06-14T20:45:17.394Z] [1] λ  LOG  { colorScheme: 'light', setColorScheme: [Function (anonymous)] } {
[2026-06-14T20:45:17.394Z] [1]   '--color-primary': '#001A3D',
[2026-06-14T20:45:17.394Z] [1]   '--color-background': '#F8F9FA',
[2026-06-14T20:45:17.394Z] [1]   '--color-surface': '#FFFFFF',
[2026-06-14T20:45:17.394Z] [1]   '--color-foreground': '#0A0F1A',
[2026-06-14T20:45:17.394Z] [1]   '--color-muted': '#6B7280',
[2026-06-14T20:45:17.394Z] [1]   '--color-border': '#E5E7EB',
[2026-06-14T20:45:17.394Z] [1]   '--color-success': '#22C55E',
[2026-06-14T20:45:17.394Z] [1]   '--color-warning': '#F59E0B',
[2026-06-14T20:45:17.394Z] [1]   '--color-error': '#EF4444'
[2026-06-14T20:45:17.394Z] [1] }
[2026-06-14T20:45:17.458Z] [1] λ  WARN  props.pointerEvents is deprecated. Use style.pointerEvents
[2026-06-14T20:45:17.481Z] [1]
[2026-06-14T20:45:17.481Z] Web node_modules/expo-router/entry.js ░░░░░░░░░░░░░░░░  0.0% (0/1)
[2026-06-14T20:45:17.519Z] [1] Web Bundled 458ms node_modules/expo-router/entry.js (1 module)
[2026-06-14T20:45:19.422Z] [1] Web Bundled 1924ms node_modules/expo-router/entry.js (1522 modules)
[2026-06-14T20:45:19.426Z] [1] EXPO_USE_METRO_WORKSPACE_ROOT is enabled by default, use EXPO_NO_METRO_WORKSPACE_ROOT instead to disable.
[2026-06-14T20:45:19.428Z] [1] EXPO_USE_METRO_WORKSPACE_ROOT is enabled by default, use EXPO_NO_METRO_WORKSPACE_ROOT instead to disable.
[2026-06-14T20:45:19.582Z] [1] λ Bundled 20ms node_modules/expo-router/node/render.js (1 module)
[2026-06-14T20:45:19.841Z] [1] [expo-notifications] Listening to push token changes is not yet fully supported on web. Adding a listener will have no effect.
[2026-06-14T20:45:19.878Z] [1] λ  LOG  { colorScheme: 'light', setColorScheme: [Function (anonymous)] } {
[2026-06-14T20:45:19.878Z] [1]   '--color-primary': '#001A3D',
[2026-06-14T20:45:19.878Z] [1]   '--color-background': '#F8F9FA',
[2026-06-14T20:45:19.878Z] [1]   '--color-surface': '#FFFFFF',
[2026-06-14T20:45:19.878Z] [1]   '--color-foreground': '#0A0F1A',
[2026-06-14T20:45:19.878Z] [1]   '--color-muted': '#6B7280',
[2026-06-14T20:45:19.878Z] [1]   '--color-border': '#E5E7EB',
[2026-06-14T20:45:19.878Z] [1]   '--color-success': '#22C55E',
[2026-06-14T20:45:19.878Z] [1]   '--color-warning': '#F59E0B',
[2026-06-14T20:45:19.878Z] [1]   '--color-error': '#EF4444'
[2026-06-14T20:45:19.878Z] [1] }
[2026-06-14T20:45:19.963Z] [1]
[2026-06-14T20:45:19.963Z] λ  WARN  props.pointerEvents is deprecated. Use style.pointerEvents
[2026-06-14T20:45:19.987Z] [1]
[2026-06-14T20:45:19.987Z] Web node_modules/expo-router/entry.js ░░░░░░░░░░░░░░░░  0.0% (0/1)
[2026-06-14T20:45:20.002Z] [1] Web Bundled 572ms node_modules/expo-router/entry.js (1 module)
[2026-06-14T20:45:20.333Z] [1]  LOG  [web] Logs will appear in the browser console
[2026-06-14T20:45:20.423Z] [1] Web Bundled 64ms node_modules/expo-router/entry.js (1 module)
[2026-06-14T20:45:23.134Z] [1]  LOG  [web] Logs will appear in the browser console
